{
"type": "FeatureCollection",
"name": "durham_neighborhoods_projected",
"crs": { "type": "name", "properties": { "name": "urn:ogc:def:crs:EPSG::2264" } },
"features": [
{ "type": "Feature", "properties": { "neighborhood_name": "Abercromby", "label_tier": 3 }, "geometry": { "type": "Polygon", "coordinates": [ [ [ 2030715.163753274362534, 794634.398570686811581 ], [ 2030643.233049664413556, 794342.748741925810464 ], [ 2030510.94914518808946, 793439.858418867690489 ], [ 2030673.540110541973263, 793386.153738936991431 ], [ 2030816.023454073816538, 793309.860066195600666 ], [ 2031155.086914290906861, 792957.489034964586608 ], [ 2031175.529785676859319, 792943.678224835894071 ], [ 2031310.960124471224844, 793099.255688907578588 ], [ 2031347.851440759142861, 794318.374966123490594 ], [ 2031115.37350062513724, 794394.570715652545914 ], [ 2030715.163753274362534, 794634.398570686811581 ] ] ] } },
{ "type": "Feature", "properties": { "neighborhood_name": "Abron Drive", "label_tier": 3 }, "geometry": { "type": "Polygon", "coordinates": [ [ [ 2014856.470381883904338, 782728.768015632173046 ], [ 2014832.557968979235739, 780815.162906644050963 ], [ 2015302.596292247762904, 780823.775974065298215 ], [ 2015373.863552674185485, 782738.862257221248001 ], [ 2014856.470381883904338, 782728.768015632173046 ] ] ] } },
{ "type": "Feature", "properties": { "neighborhood_name": "Albright", "label_tier": 3 }, "geometry": { "type": "Polygon", "coordinates": [ [ [ 2032985.978818246163428, 817951.844372557476163 ], [ 2033730.883743610233068, 817902.455480111530051 ], [ 2033732.221799056045711, 816737.585926117026247 ], [ 2033095.602047089952976, 816747.782217455096543 ], [ 2033102.438761421712115, 816718.66816508222837 ], [ 2032563.143666284391657, 816729.349889682256617 ], [ 2032437.27424920280464, 816325.146293436759152 ], [ 2034773.230466428678483, 816227.713407805538736 ], [ 2034808.707286869175732, 816745.758605681243353 ], [ 2034941.767494566971436, 816795.787643909803592 ], [ 2034964.414797012927011, 816905.749258533120155 ], [ 2035012.99244460859336, 819581.73725663870573 ], [ 2034633.961874306201935, 819432.40230122662615 ], [ 2034625.177763080922887, 819356.31112497090362 ], [ 2034469.554931189632043, 819133.709984758752398 ], [ 2034377.368498159805313, 819046.236412293277681 ], [ 2033768.522679110756144, 818612.342781541752629 ], [ 2033511.295052035944536, 818506.48151721036993 ], [ 2033303.793764247791842, 818371.55706489388831 ], [ 2033073.920409262180328, 818137.958783500362188 ], [ 2032985.978818246163428, 817951.844372557476163 ] ] ] } },
{ "type": "Feature", "properties": { "neighborhood_name": "Amberlynn Valley", "label_tier": 3 }, "geometry": { "type": "Polygon", "coordinates": [ [ [ 2044986.059121021535248, 808891.643639972782694 ], [ 2044961.92392872297205, 808420.930098000098951 ], [ 2045099.771288261283189, 808257.332912749378011 ], [ 2045082.153941670898348, 807975.191291299182922 ], [ 2045628.948827859945595, 807815.139272019267082 ], [ 2046369.458790466655046, 807727.478289923514239 ], [ 2046507.048362282337621, 807920.625724452547729 ], [ 2046470.311079793144017, 808135.702696772641502 ], [ 2046237.988384616794065, 808157.541235734475777 ], [ 2046149.663762628100812, 808249.135093212476932 ], [ 2046110.958166716853157, 808400.506176352035254 ], [ 2045745.158576022135094, 808438.884263712447137 ], [ 2045701.76246771751903, 808753.693156284512952 ], [ 2045561.643421529326588, 808855.036811566795222 ], [ 2045204.98055198090151, 808921.101260937051848 ], [ 2044986.059121021535248, 808891.643639972782694 ] ] ] } },
{ "type": "Feature", "properties": { "neighborhood_name": "American Tobacco Campus", "label_tier": 1 }, "geometry": { "type": "Polygon", "coordinates": [ [ [ 2028061.203919283114374, 817488.918291229987517 ], [ 2027852.06918539153412, 817138.769223044859245 ], [ 2028080.71467839484103, 816999.163820025627501 ], [ 2028091.084659410407767, 816941.506369953975081 ], [ 2027808.371672649635002, 816362.187504114233889 ], [ 2027756.841267668642104, 816314.739906733040698 ], [ 2027525.601614756742492, 815831.839686840306967 ], [ 2027810.610957024851814, 815673.318932305672206 ], [ 2028668.734268422471359, 815297.312411170685664 ], [ 2029167.208685317309573, 816734.004065162967891 ], [ 2028760.700715998187661, 816998.241991680581123 ], [ 2028061.203919283114374, 817488.918291229987517 ] ] ] } },
{ "type": "Feature", "properties": { "neighborhood_name": "American Village", "label_tier": 3 }, "geometry": { "type": "Polygon", "coordinates": [ [ [ 2010176.174718503374606, 824644.763435156084597 ], [ 2010309.290544200688601, 824553.43962925800588 ], [ 2010268.54567818553187, 824360.128161724307574 ], [ 2010381.663866, 823953.552335261716507 ], [ 2010596.088702090084553, 823933.971611055661924 ], [ 2010888.941921732621267, 824564.569644226576202 ], [ 2011114.15654445043765, 825718.613651267252862 ], [ 2010996.917047031689435, 826065.849745704443194 ], [ 2010976.086112863151357, 827204.514378288527951 ], [ 2010639.852164843818173, 827218.223572157905437 ], [ 2010342.102084254147485, 827116.917957320576534 ], [ 2010211.465434473473579, 826915.20189696829766 ], [ 2010193.499776072334498, 826704.424727029865608 ], [ 2009753.497072715545073, 826613.996862706262618 ], [ 2009681.458721139701083, 826256.863876957795583 ], [ 2008929.904300283640623, 826638.488528791349381 ], [ 2008897.744374283822253, 828346.488983778981492 ], [ 2008972.102652034955099, 828867.433535101939924 ], [ 2008834.589638075558469, 828910.346966330311261 ], [ 2008356.190628247102723, 828764.596247173496522 ], [ 2007965.883031950099394, 828703.33127445622813 ], [ 2007569.055518003646284, 828691.941446995246224 ], [ 2007271.277520631439984, 828720.988297312520444 ], [ 2006404.831119797425345, 828921.001075871055946 ], [ 2006366.732163922861218, 827344.758915045764297 ], [ 2007244.422614079434425, 827304.555508655845188 ], [ 2007233.345914661884308, 826653.310555668314919 ], [ 2007443.01691894326359, 826635.525707587483339 ], [ 2007378.175859269686043, 824592.599415619974025 ], [ 2008470.400112041039392, 824425.078768174163997 ], [ 2008860.729269362054765, 824599.92590857250616 ], [ 2009668.292922070482746, 824928.167234629509039 ], [ 2009957.234536043135449, 824914.066835978650488 ], [ 2010230.232015127548948, 824826.794696163735352 ], [ 2010176.174718503374606, 824644.763435156084597 ] ] ] } },
{ "type": "Feature", "properties": { "neighborhood_name": "Anderson St. / Wrightwood Park", "label_tier": 3 }, "geometry": { "type": "Polygon", "coordinates": [ [ [ 2020622.662885394878685, 818323.874742875690572 ], [ 2020460.281236324924976, 818301.555781839881092 ], [ 2019869.133191084256396, 818053.978629642748274 ], [ 2019183.385727001586929, 817699.328964126063511 ], [ 2019027.574854914564639, 817572.911894146469422 ], [ 2018488.812401921954006, 816771.355329463025555 ], [ 2018380.596841122955084, 816683.558138423599303 ], [ 2017954.149042713688686, 816475.073872145847417 ], [ 2017663.370719733648002, 815955.438693828415126 ], [ 2017658.76922417501919, 815736.295003035105765 ], [ 2017737.856903837062418, 815569.620867889607325 ], [ 2017805.775269274134189, 815284.997308911755681 ], [ 2017805.95382192521356, 814990.504273692378774 ], [ 2017736.295887015527114, 814725.45477549394127 ], [ 2017289.907177760498598, 813658.607587611302733 ], [ 2017242.680015372810885, 813472.565310409176163 ], [ 2017245.153720824979246, 813290.556512807030231 ], [ 2017527.222253409214318, 813093.424419058370404 ], [ 2017671.973699698923156, 812965.740011517773382 ], [ 2018444.592509000562131, 811816.639512457302772 ], [ 2018681.721913415240124, 811601.653646418475546 ], [ 2018930.048073697369546, 811464.213163134292699 ], [ 2019178.35112582356669, 811365.724893202190287 ], [ 2019304.712808885844424, 811781.154277867288329 ], [ 2019444.474335231352597, 812061.541830522939563 ], [ 2019652.023429776774719, 812286.644357284414582 ], [ 2020206.990909807151183, 812399.50314752117265 ], [ 2020360.490841379621997, 812477.509470243239775 ], [ 2020673.918989252764732, 813164.998761873226613 ], [ 2021030.192426707595587, 813492.870168159948662 ], [ 2021140.553845436079428, 813893.008097260841168 ], [ 2021175.048522000433877, 816110.649882993660867 ], [ 2019849.273721072589979, 816137.694012181600556 ], [ 2019877.079787933500484, 816365.285853372421116 ], [ 2019931.063087251503021, 816590.287873276392929 ], [ 2020057.178274996578693, 816884.867404571850784 ], [ 2020485.586258970666677, 817645.969213984091766 ], [ 2020584.7601980403997, 817958.369665341684595 ], [ 2020618.340823928592727, 818160.061612720950507 ], [ 2020622.662885394878685, 818323.874742875690572 ] ], [ [ 2017988.679247028660029, 815158.79340893693734 ], [ 2018311.395190708106384, 815227.06482291710563 ], [ 2018255.041208451380953, 815460.367376366280951 ], [ 2018791.700462608831003, 815897.895585092017427 ], [ 2019164.050355407875031, 816051.025251087965444 ], [ 2019525.123731882544234, 816251.110956827295013 ], [ 2019586.207413979573175, 816036.014868128811941 ], [ 2019841.167441415833309, 816101.345881275250576 ], [ 2019820.902498519513756, 815883.283293202752247 ], [ 2019581.898634440731257, 815843.08058964391239 ], [ 2019487.062469735275954, 815654.090377275133505 ], [ 2019327.064915475435555, 815581.544387894682586 ], [ 2019193.984473186312243, 815060.90668653009925 ], [ 2018956.992000370984897, 815101.159102249424905 ], [ 2018616.171180699020624, 815125.694520373246633 ], [ 2018255.292603323701769, 815055.939933376503177 ], [ 2018020.470304657006636, 814936.395972101599909 ], [ 2017988.679247028660029, 815158.79340893693734 ] ] ] } },
{ "type": "Feature", "properties": { "neighborhood_name": "Archer Woods", "label_tier": 3 }, "geometry": { "type": "Polygon", "coordinates": [ [ [ 2008784.658792580012232, 836546.689706868259236 ], [ 2008613.515050689224154, 836452.201896029058844 ], [ 2008658.444589845370501, 836349.389867740916088 ], [ 2008455.882393563631922, 836245.024978238041513 ], [ 2008288.946127573028207, 835982.681612479966134 ], [ 2007952.590647905133665, 835809.104977718438022 ], [ 2007691.30977953132242, 835459.005972390179522 ], [ 2007746.131441920762882, 834297.982738259015605 ], [ 2008185.640681737335399, 834298.003343263408169 ], [ 2008715.713168067624792, 834415.001942465314642 ], [ 2009758.967457073740661, 834433.291382309049368 ], [ 2010255.956301735481247, 834743.238417250453494 ], [ 2009980.81767741125077, 834971.995945591712371 ], [ 2010027.952847441425547, 835106.81599902221933 ], [ 2009669.299021837767214, 835223.439738472807221 ], [ 2009716.615486194612458, 835412.534432652872056 ], [ 2009536.280679345596582, 835528.823437383049168 ], [ 2009457.258705566870049, 835605.277533781598322 ], [ 2009333.207822683732957, 835463.824292658944614 ], [ 2009064.899963019648567, 835764.822890262468718 ], [ 2009039.873945856001228, 835921.917743476107717 ], [ 2009112.082857305649668, 836074.601136017823592 ], [ 2008784.658792580012232, 836546.689706868259236 ] ] ] } },
{ "type": "Feature", "properties": { "neighborhood_name": "Arrowhead", "label_tier": 3 }, "geometry": { "type": "Polygon", "coordinates": [ [ [ 2002910.287445377325639, 823833.278587281354703 ], [ 2002670.863318294053897, 822280.507120251422748 ], [ 2002623.299468045821413, 821895.067350445897318 ], [ 2002582.06708158692345, 821667.591222315444611 ], [ 2002524.983264376176521, 821256.867646727594547 ], [ 2002302.952767125796527, 819948.830647308961488 ], [ 2002249.015615305863321, 819794.008831916027702 ], [ 2002090.36461291112937, 819465.40189791447483 ], [ 2001871.413647944573313, 819117.830534788197838 ], [ 2001668.326210185419768, 818757.618978142272681 ], [ 2001579.481898474972695, 818451.125234172330238 ], [ 2001531.893886479316279, 818135.151527538546361 ], [ 2001573.166286821244285, 817860.256037388811819 ], [ 2001665.216756014619023, 817626.43809728207998 ], [ 2001750.914413638180122, 817506.371086568804458 ], [ 2001836.622258017072454, 817234.632640962605365 ], [ 2001823.947218525921926, 816912.32797538198065 ], [ 2001776.360489227809012, 816577.378100489499047 ], [ 2001750.991848852718249, 816207.666576786898077 ], [ 2001770.058338117785752, 815822.153234450495802 ], [ 2001824.046725640771911, 815310.236109212040901 ], [ 2002249.365816046716645, 815221.784635393181816 ], [ 2003153.961219363613054, 815123.906469980953261 ], [ 2003433.280328430701047, 815057.576674862997606 ], [ 2004147.353523147758096, 815601.193642152007669 ], [ 2004878.863722672918811, 816102.161664362181909 ], [ 2004961.378375778440386, 816140.094811440794729 ], [ 2005139.110559202497825, 816170.144805570831522 ], [ 2005532.676088262349367, 816146.516768715344369 ], [ 2006157.942126301815733, 816092.92218099324964 ], [ 2006600.683506848057732, 816164.117070493753999 ], [ 2007738.30639081238769, 816973.328164370614104 ], [ 2007525.615309476852417, 817156.543783343513496 ], [ 2007563.680644960142672, 817233.969376712455414 ], [ 2007525.566723149036989, 817346.133159654564224 ], [ 2007397.025768938474357, 817361.899560570600443 ], [ 2007225.423977366881445, 818252.910237994161434 ], [ 2007352.359475150238723, 818295.597885599127039 ], [ 2007412.600596016505733, 818526.271093002520502 ], [ 2007437.913562773726881, 818826.446256147231907 ], [ 2007393.43394382763654, 819022.332996574230492 ], [ 2007439.388688838109374, 819267.215248838765547 ], [ 2007651.913682606071234, 819660.638469349010848 ], [ 2006836.234946088865399, 820041.162519964040257 ], [ 2006484.118201091419905, 819418.649569696630351 ], [ 2006309.60706347739324, 819265.370945270173252 ], [ 2006073.133194709895179, 819481.753463329863735 ], [ 2005858.835060317069292, 819909.83062816504389 ], [ 2005535.038427732652053, 820451.623887115041725 ], [ 2005333.495468781329691, 820622.198111569858156 ], [ 2005658.738662806106731, 820778.652026618248783 ], [ 2006363.179024101467803, 821011.014677633880638 ], [ 2006310.199371076887473, 823892.256156802526675 ], [ 2002910.287445377325639, 823833.278587281354703 ] ] ] } },
{ "type": "Feature", "properties": { "neighborhood_name": "Artisan at Brightleaf", "label_tier": 1 }, "geometry": { "type": "Polygon", "coordinates": [ [ [ 2053051.981055159820244, 799730.370342790731229 ], [ 2052855.039618630195037, 799537.546216764720157 ], [ 2052664.323317625792697, 799635.216994480928406 ], [ 2052698.972124000778422, 799793.364273177227005 ], [ 2052231.709721507271752, 799817.823495385237038 ], [ 2052143.659164934186265, 799552.479014082113281 ], [ 2051965.704652682878077, 799393.682110053021461 ], [ 2051869.310658913105726, 799355.175706362933852 ], [ 2052039.43372162268497, 799229.401811828953214 ], [ 2051988.751018017297611, 799156.591650539310649 ], [ 2053133.250202747294679, 798472.52848921646364 ], [ 2053241.020900906296447, 798586.549426687997766 ], [ 2053238.987203964032233, 799708.971874597715214 ], [ 2053051.981055159820244, 799730.370342790731229 ] ] ] } },
{ "type": "Feature", "properties": { "neighborhood_name": "Ashley Forest", "label_tier": 3 }, "geometry": { "type": "Polygon", "coordinates": [ [ [ 2052560.934797007590532, 791957.454939382500015 ], [ 2052807.285423604305834, 791946.976143885171041 ], [ 2053261.13723703683354, 791961.627578743034974 ], [ 2053895.862462068907917, 791990.449632999836467 ], [ 2053931.065302567789331, 792490.668027439969592 ], [ 2053916.153009192785248, 793356.992140035727061 ], [ 2053719.157424531178549, 793583.047754962346517 ], [ 2053003.013932092348114, 793574.831227267044596 ], [ 2052966.987768759485334, 793523.440382531844079 ], [ 2051948.166747455252334, 793575.495861597242765 ], [ 2051749.712151032406837, 793462.665606433991343 ], [ 2051702.119297853671014, 792243.501804258441553 ], [ 2052560.934797007590532, 791957.454939382500015 ] ] ] } },
{ "type": "Feature", "properties": { "neighborhood_name": "Ashton Hall", "label_tier": 3 }, "geometry": { "type": "Polygon", "coordinates": [ [ [ 2051500.56503631034866, 804318.045029672910459 ], [ 2051508.972403682535514, 804729.409595224889927 ], [ 2051708.965764748165384, 804751.889092374593019 ], [ 2051661.111147588351741, 804881.412406648043543 ], [ 2051445.209908528020605, 804877.872387585695833 ], [ 2051435.446621930459514, 805013.784518303931691 ], [ 2051521.079680581344292, 805067.673860830487683 ], [ 2051724.290331477764994, 805064.869809488882311 ], [ 2051727.13701935717836, 805251.381035074475221 ], [ 2051914.443191586760804, 805264.355880346382037 ], [ 2052054.17375833587721, 805248.797576444223523 ], [ 2052063.945433726999909, 805109.725606548367068 ], [ 2052219.560627691214904, 805089.45446628134232 ], [ 2052317.928908233297989, 805122.821326091769151 ], [ 2052413.051398973446339, 805195.696695294231176 ], [ 2052450.886926219798625, 805344.336420511477627 ], [ 2052485.716462702257559, 805398.137322869151831 ], [ 2052485.603511386085302, 805461.35899277869612 ], [ 2052415.670918253017589, 805507.069907493307255 ], [ 2051631.412998276064172, 805519.905971567030065 ], [ 2051574.184754462679848, 805564.060585460974835 ], [ 2050100.843322785571218, 805637.376762333908118 ], [ 2050015.241619108710438, 805564.526188210118562 ], [ 2050025.089663603808731, 805374.877651991089806 ], [ 2050225.46886020200327, 805169.747429358772933 ], [ 2050997.109247828833759, 805114.176565603353083 ], [ 2050991.318746476434171, 804791.729840210289694 ], [ 2051197.695340715581551, 804795.249931248719804 ], [ 2051204.403687721118331, 804589.785461284336634 ], [ 2051017.092908459482715, 804576.814855886157602 ], [ 2051023.618861070135608, 804475.66812916053459 ], [ 2050728.319599892245606, 804481.479135713540018 ], [ 2050728.4778957888484, 804389.804640065296553 ], [ 2050560.27640557824634, 804342.096590495319106 ], [ 2050515.932907223235816, 804278.796065182075836 ], [ 2050512.888189264573157, 804202.92155909538269 ], [ 2050459.08399295900017, 804101.669769565341994 ], [ 2050535.413473139284179, 804029.092485211207531 ], [ 2050538.686549936654046, 803972.195701065124013 ], [ 2050478.363221828825772, 803968.930744429002516 ], [ 2050408.693279018159956, 803861.328474619775079 ], [ 2050427.809651704505086, 803823.426135778543539 ], [ 2050393.310667707817629, 803573.626024700817652 ], [ 2050415.873693869682029, 803377.66406154318247 ], [ 2050327.231703593628481, 803222.607410199940205 ], [ 2050095.414781881961972, 803234.856534137972631 ], [ 2050088.945653858594596, 803304.394611081341282 ], [ 2050177.604850618634373, 803449.966231678146869 ], [ 2050189.987234787549824, 803636.503721973393112 ], [ 2050218.418444650014862, 803721.906849869061261 ], [ 2050215.113541616126895, 803797.771700265002437 ], [ 2050176.854365848470479, 803889.382926384918392 ], [ 2050230.638304312946275, 804003.279866927536204 ], [ 2050141.630346130812541, 804063.191411543404683 ], [ 2050151.026397619862109, 804139.077074793400243 ], [ 2050236.718413970200345, 804161.35208429209888 ], [ 2050233.33783817011863, 804281.472724343999289 ], [ 2050153.753653844352812, 804401.462687771767378 ], [ 2050108.832443181192502, 804676.409363837330602 ], [ 2049924.632403972791508, 804701.385135204065591 ], [ 2049930.773108169203624, 804824.680956490454264 ], [ 2049829.164362521609291, 804827.669596023159102 ], [ 2049810.381714255316183, 804669.579483178793453 ], [ 2049642.110904053552076, 804662.972316959523596 ], [ 2049623.359180045546964, 804485.914348447462544 ], [ 2049785.33429521904327, 804460.898831740138121 ], [ 2049795.149064757162705, 804290.21039595559705 ], [ 2049722.141704857582226, 804277.441884397296235 ], [ 2049722.318261887645349, 804173.121890426496975 ], [ 2049833.594206105917692, 804087.957190409651957 ], [ 2050027.275129033019766, 804091.447593516088091 ], [ 2049983.865931091597304, 803478.087702108779922 ], [ 2049088.434484611731023, 803482.900533996988088 ], [ 2049066.561465293401852, 803271.056144199334085 ], [ 2049409.528232050128281, 803249.501663162955083 ], [ 2049368.504626800538972, 803097.688715313794091 ], [ 2049241.487632385222241, 803100.63689759070985 ], [ 2049086.019800534937531, 803027.665814712643623 ], [ 2049029.199403220321983, 802826.824630987597629 ], [ 2049270.83929437561892, 802639.126763784326613 ], [ 2049410.527756122639403, 802655.168299347860739 ], [ 2049431.422774947248399, 802503.456419709138572 ], [ 2049780.784311359515414, 802461.367291078902781 ], [ 2050260.209758657030761, 802493.797591174021363 ], [ 2050330.626339621609077, 802399.470985020510852 ], [ 2050655.112840048968792, 802513.049046776606701 ], [ 2050713.183603584766388, 803133.173086643801071 ], [ 2051087.075200707884505, 803133.030513936537318 ], [ 2051118.289041341282427, 803442.894309229799546 ], [ 2051445.336159483529627, 803445.836147085996345 ], [ 2051500.56503631034866, 804318.045029672910459 ] ] ] } },
{ "type": "Feature", "properties": { "neighborhood_name": "Auburn Hills", "label_tier": 3 }, "geometry": { "type": "Polygon", "coordinates": [ [ [ 2025445.199331050738692, 787546.052117804298177 ], [ 2025273.442719222512096, 787557.188277807086706 ], [ 2024970.742122222902253, 787640.28805101395119 ], [ 2024864.440743071492761, 787635.829812766984105 ], [ 2024855.827244049403816, 787316.585112657980062 ], [ 2024946.36369692068547, 787056.758216156624258 ], [ 2026724.960185424890369, 786298.99557634035591 ], [ 2027685.303026283858344, 786299.884325267514214 ], [ 2027912.875986555591226, 786769.308965268312022 ], [ 2027252.455450210953131, 787478.510019667446613 ], [ 2026759.295385734178126, 788267.960607730201446 ], [ 2026447.52992066857405, 788227.273221986601129 ], [ 2026142.518417564919218, 788249.205047188443132 ], [ 2026090.910127035807818, 788011.824028475792147 ], [ 2025984.779513670830056, 787815.892149600898847 ], [ 2025781.80331761483103, 787636.620090908836573 ], [ 2025614.559237239183858, 787566.94782074377872 ], [ 2025445.199331050738692, 787546.052117804298177 ] ] ] } },
{ "type": "Feature", "properties": { "neighborhood_name": "Auburn Square", "label_tier": 3 }, "geometry": { "type": "Polygon", "coordinates": [ [ [ 2024904.002403737977147, 788823.267232259502634 ], [ 2024655.832244931021705, 788513.284510311787017 ], [ 2024520.373466134769842, 788324.249449979397468 ], [ 2024441.496176247019321, 788103.59308969124686 ], [ 2024439.577151759061962, 787918.673942118301056 ], [ 2024469.13612238317728, 787625.669805636513047 ], [ 2024970.742122222902253, 787640.28805101395119 ], [ 2025092.771089780610055, 787605.446929400786757 ], [ 2025117.553284528898075, 787712.487271682359278 ], [ 2025268.601088577648625, 788022.389989312272519 ], [ 2025279.775653129210696, 788112.674315058393404 ], [ 2025239.035790795926005, 788313.937396256602369 ], [ 2025236.577549037756398, 788418.042451144661754 ], [ 2025270.242946734651923, 788523.634594819042832 ], [ 2025322.284765655640513, 788608.129966118140146 ], [ 2024904.002403737977147, 788823.267232259502634 ] ] ] } },
{ "type": "Feature", "properties": { "neighborhood_name": "Auburn Park", "label_tier": 3 }, "geometry": { "type": "Polygon", "coordinates": [ [ [ 2025092.771089780610055, 787605.446929400786757 ], [ 2025273.442719222512096, 787557.188277807086706 ], [ 2025445.199331050738692, 787546.052117804298177 ], [ 2025612.190316036576405, 787566.945756609900855 ], [ 2025781.80331761483103, 787636.620090908836573 ], [ 2025982.708012179005891, 787814.434275017236359 ], [ 2026090.910127035807818, 788011.824028475792147 ], [ 2026142.518417564919218, 788249.205047188443132 ], [ 2025817.303606433328241, 788349.02065139869228 ], [ 2025319.915928356349468, 788608.127925537526608 ], [ 2025270.245450240327045, 788520.722507962025702 ], [ 2025238.94640165194869, 788418.044485009042546 ], [ 2025239.035790795926005, 788313.937396256602369 ], [ 2025279.773461767006665, 788115.222390005597845 ], [ 2025268.601088577648625, 788022.389989312272519 ], [ 2025119.626080316957086, 787712.489042910980061 ], [ 2025092.771089780610055, 787605.446929400786757 ] ] ] } },
{ "type": "Feature", "properties": { "neighborhood_name": "Audubon Park", "label_tier": 3 }, "geometry": { "type": "Polygon", "coordinates": [ [ [ 2027459.0435910243541, 774584.068268253933638 ], [ 2027664.951584909344092, 774251.195734243141487 ], [ 2027717.008595880586654, 774024.833063978468999 ], [ 2029728.096351691288874, 774482.168710715370253 ], [ 2029852.157593423733488, 774839.384404426906258 ], [ 2029452.65194772137329, 776487.202981686219573 ], [ 2029097.505746932467446, 776756.214478725916706 ], [ 2028381.173092821147293, 776820.671623211936094 ], [ 2028384.048118649749085, 776297.232616845867597 ], [ 2027477.65332025103271, 776226.84643395699095 ], [ 2027478.643430954543874, 775167.22448888537474 ], [ 2027459.0435910243541, 774584.068268253933638 ] ] ] } },
{ "type": "Feature", "properties": { "neighborhood_name": "Autumn Ridge", "label_tier": 3 }, "geometry": { "type": "Polygon", "coordinates": [ [ [ 2016736.867656930116937, 850235.603847684571519 ], [ 2016881.182501505129039, 850112.590331498999149 ], [ 2016955.730356440413743, 850029.779818609706126 ], [ 2017025.522830692119896, 849947.75558683485724 ], [ 2017405.262628063326702, 849771.22303216450382 ], [ 2018034.541336065623909, 849796.85401296056807 ], [ 2018582.985766854137182, 849809.821745129418559 ], [ 2018638.542248984100297, 849688.337181063950993 ], [ 2018678.368431486887857, 849377.458904062514193 ], [ 2019180.85845698043704, 849379.361371192382649 ], [ 2019205.951083273161203, 849791.284897978883237 ], [ 2018716.160176381934434, 849772.03016364062205 ], [ 2018579.677574976114556, 850027.607155878911726 ], [ 2018666.772263625636697, 850163.384290179121308 ], [ 2018674.583238693419844, 850343.298646980430931 ], [ 2018498.593116766773164, 850414.203692215145566 ], [ 2018650.624215685995296, 850630.504891675431281 ], [ 2018660.064404945354909, 850740.979956731433049 ], [ 2018596.55448341416195, 850909.79867636365816 ], [ 2018385.781727768015116, 850844.962915806798264 ], [ 2018034.081424321746454, 850544.900079131824896 ], [ 2017668.050055030267686, 850341.096960258320905 ], [ 2017601.451517721172422, 850382.088734388700686 ], [ 2017647.306171356700361, 850569.9150125925662 ], [ 2017634.528749750927091, 850730.8767167290207 ], [ 2017493.178740142611787, 851197.913973376271315 ], [ 2017039.862651557195932, 851185.022303984034806 ], [ 2016833.898840769892558, 851023.936461186036468 ], [ 2016680.200427361531183, 850932.318058471777476 ], [ 2016558.479884115280584, 850349.129425018560141 ], [ 2016736.867656930116937, 850235.603847684571519 ] ] ] } },
{ "type": "Feature", "properties": { "neighborhood_name": "Bahama", "label_tier": 3 }, "geometry": { "type": "Polygon", "coordinates": [ [ [ 2037952.380703979404643, 879811.282754074898548 ], [ 2037774.150646002497524, 880492.126523672719486 ], [ 2036887.410840391879901, 880490.996834354125895 ], [ 2036760.037539571756497, 881045.774381928844377 ], [ 2036525.311998103512451, 881348.169704041094519 ], [ 2035860.361468500224873, 881277.982449446571991 ], [ 2035259.192476256750524, 880835.829596616909839 ], [ 2035773.106400053249672, 880117.549016671604477 ], [ 2035691.932751464657485, 879158.884874109644443 ], [ 2035539.767977974144742, 879278.52227636706084 ], [ 2035141.247929270612076, 878836.588525319588371 ], [ 2035382.625738550210372, 878275.593329893425107 ], [ 2036807.645058491034433, 878441.320752552244812 ], [ 2036964.570583815453574, 879576.685498524806462 ], [ 2037952.380703979404643, 879811.282754074898548 ] ] ] } },
{ "type": "Feature", "properties": { "neighborhood_name": "Barclay to Sandlewood", "label_tier": 3 }, "geometry": { "type": "Polygon", "coordinates": [ [ [ 2026665.180222961353138, 856929.426514520775527 ], [ 2026537.180713478010148, 856369.419553242856637 ], [ 2026517.240136158885434, 856205.584365483489819 ], [ 2026517.395830140914768, 856033.394512965460308 ], [ 2026622.54711592500098, 854428.447721512522548 ], [ 2027100.276211625896394, 854428.885263928910717 ], [ 2027528.710971595253795, 854381.959425465785898 ], [ 2028346.761954737827182, 854411.861668387893587 ], [ 2028941.718841337831691, 854476.14928050362505 ], [ 2028992.107922633411363, 853712.448988630669191 ], [ 2029494.917167765088379, 853757.362849352532066 ], [ 2029500.951196379726753, 854514.202320169890299 ], [ 2029856.774971361039206, 854693.668812746647745 ], [ 2029867.674661712255329, 855014.761021466460079 ], [ 2030769.007966009899974, 855336.409996013622731 ], [ 2030928.952309303218499, 855507.311963343992829 ], [ 2030833.35394137701951, 856234.923233358655125 ], [ 2030623.743637191131711, 856383.231176865985617 ], [ 2029994.740452358732, 856431.362216616631486 ], [ 2029322.457779036602005, 856925.04634817992337 ], [ 2026665.180222961353138, 856929.426514520775527 ] ] ] } },
{ "type": "Feature", "properties": { "neighborhood_name": "Bennet Place", "label_tier": 3 }, "geometry": { "type": "Polygon", "coordinates": [ [ [ 2003828.183612789725885, 830652.228209152002819 ], [ 2003864.396027107723057, 829594.006184094119817 ], [ 2006422.851448155939579, 828999.998792518046685 ], [ 2006643.788506207289174, 830081.935816354118288 ], [ 2004690.079505383269861, 830743.724133559153415 ], [ 2003828.183612789725885, 830652.228209152002819 ] ] ] } },
{ "type": "Feature", "properties": { "neighborhood_name": "Belcrest", "label_tier": 3 }, "geometry": { "type": "Polygon", "coordinates": [ [ [ 2024886.07450723904185, 794259.410875215660781 ], [ 2024479.573254367802292, 793936.917791293002665 ], [ 2024712.427878662478179, 793748.553885274217464 ], [ 2024798.40515224612318, 793604.113131074467674 ], [ 2025342.860998060088605, 793590.74508540739771 ], [ 2025333.568466183496639, 793723.965844513732009 ], [ 2025577.518776948563755, 793721.265038034878671 ], [ 2025579.955954388948157, 793642.276328140520491 ], [ 2025911.874153716955334, 793595.245404873276129 ], [ 2026013.328299394110218, 794034.334829090279527 ], [ 2025852.755842211656272, 794163.053813212085515 ], [ 2025593.065335447899997, 794226.892845852300525 ], [ 2024886.07450723904185, 794259.410875215660781 ] ] ] } },
{ "type": "Feature", "properties": { "neighborhood_name": "Bent Creek / Woodberry Forest", "label_tier": 3 }, "geometry": { "type": "Polygon", "coordinates": [ [ [ 2009776.486494772369042, 798402.443180472590029 ], [ 2008834.746541353641078, 797899.440773896989413 ], [ 2007983.441359312972054, 797815.837837693979964 ], [ 2007999.660324078518897, 795867.638725832337514 ], [ 2007812.478288685902953, 795092.967429769807495 ], [ 2007471.456889655441046, 795030.268439406063408 ], [ 2007487.370602797018364, 794152.636508767842315 ], [ 2008831.425516968593001, 794175.214466733857989 ], [ 2008833.256670413538814, 795962.521046689595096 ], [ 2010926.781777846161276, 795971.597214900422841 ], [ 2010739.275286949705333, 796297.684508288512006 ], [ 2010298.449000702705234, 797261.436042652814649 ], [ 2010149.314771283185109, 797091.753517634118907 ], [ 2009783.798561288276687, 796888.873654028400779 ], [ 2009462.914577819406986, 796879.304203454405069 ], [ 2009241.468404924729839, 796949.852471380960196 ], [ 2009422.123300783336163, 797616.419990889029577 ], [ 2009774.31798879080452, 797802.546410346054472 ], [ 2009821.648768502054736, 797895.749903284595348 ], [ 2009977.623012037947774, 797965.329224951798096 ], [ 2009776.486494772369042, 798402.443180472590029 ] ] ] } },
{ "type": "Feature", "properties": { "neighborhood_name": "Bluffs of the Eno", "label_tier": 3 }, "geometry": { "type": "Polygon", "coordinates": [ [ [ 2031401.124721420463175, 847986.824928089976311 ], [ 2031195.388954269932583, 848601.824207784491591 ], [ 2030453.92994019202888, 848363.330320557346568 ], [ 2030366.167450968874618, 848076.015929114073515 ], [ 2030693.433090510312468, 847941.663702101330273 ], [ 2031193.757345047080889, 847913.068691044580191 ], [ 2031401.124721420463175, 847986.824928089976311 ] ] ] } },
{ "type": "Feature", "properties": { "neighborhood_name": "Bon Air Avenue", "label_tier": 3 }, "geometry": { "type": "Polygon", "coordinates": [ [ [ 2032781.280119749251753, 829605.140051783644594 ], [ 2032831.618457551812753, 829295.740045150043443 ], [ 2033104.111692830454558, 829399.827066573314369 ], [ 2033069.978545350022614, 829513.729057982214727 ], [ 2033146.817924931412563, 829549.854407631675713 ], [ 2033180.671272171661258, 829422.119157005334273 ], [ 2034265.660374448401853, 829599.918796603567898 ], [ 2034220.057114292867482, 829910.744812383083627 ], [ 2034078.031495421659201, 829992.485715070040897 ], [ 2032993.127385001629591, 829750.988257785327733 ], [ 2032921.50930861197412, 829763.301328146946616 ], [ 2032944.634243117878214, 829651.990197408478707 ], [ 2032781.280119749251753, 829605.140051783644594 ] ] ] } },
{ "type": "Feature", "properties": { "neighborhood_name": "Bradbury Glen", "label_tier": 3 }, "geometry": { "type": "Polygon", "coordinates": [ [ [ 2047833.160432453267276, 793474.230884294491261 ], [ 2047860.821596324909478, 791759.410752552095801 ], [ 2048165.859020917443559, 791709.675313152954914 ], [ 2049068.768177412683144, 791957.241449174354784 ], [ 2049340.533423359040171, 792856.080344516201876 ], [ 2048818.33486816752702, 793178.816000966122374 ], [ 2047833.160432453267276, 793474.230884294491261 ] ] ] } },
{ "type": "Feature", "properties": { "neighborhood_name": "Bradbury Trace", "label_tier": 3 }, "geometry": { "type": "Polygon", "coordinates": [ [ [ 2049340.533423359040171, 792856.080344516201876 ], [ 2049068.766354241641238, 791958.333484423928894 ], [ 2050472.441676118178293, 791441.628359632915817 ], [ 2050877.14885459211655, 792485.222801973111928 ], [ 2049754.345683633349836, 792730.465430515585467 ], [ 2049340.533423359040171, 792856.080344516201876 ] ] ] } },
{ "type": "Feature", "properties": { "neighborhood_name": "Bradford", "label_tier": 3 }, "geometry": { "type": "Polygon", "coordinates": [ [ [ 2046420.812657137401402, 743327.644828748307191 ], [ 2046721.380148745840415, 743396.226067129173316 ], [ 2046547.306420500390232, 743818.83610948943533 ], [ 2046416.901708021061495, 743790.121245888643898 ], [ 2046259.3507156947162, 744838.35161771136336 ], [ 2045543.37068981397897, 744916.423929265583865 ], [ 2045487.67100666067563, 744930.591753400629386 ], [ 2045449.528737347107381, 744906.776263579260558 ], [ 2045443.253588831052184, 744849.75071354850661 ], [ 2045139.460535107180476, 744817.607793546631001 ], [ 2045023.402703932719305, 744771.500490830047056 ], [ 2045327.373522842535749, 743655.381352787720971 ], [ 2045354.757285932078958, 743435.269071749760769 ], [ 2045317.212730452651158, 743021.823299667565152 ], [ 2045741.666055444162339, 743225.214770841063 ], [ 2046420.812657137401402, 743327.644828748307191 ] ] ] } },
{ "type": "Feature", "properties": { "neighborhood_name": "Bragtown", "label_tier": 3 }, "geometry": { "type": "Polygon", "coordinates": [ [ [ 2032164.638483028626069, 829991.452033403329551 ], [ 2032281.996783411828801, 830009.742054255795665 ], [ 2032304.307751015527174, 829915.012461289996281 ], [ 2032192.509438678156585, 829888.832194068934768 ], [ 2032202.949670642381534, 829770.40044259140268 ], [ 2032088.76536552561447, 829749.745191423804499 ], [ 2032115.954626984894276, 829545.261739764362574 ], [ 2032286.44950410653837, 829566.768749194568954 ], [ 2032367.026188562391326, 829138.086178794619627 ], [ 2032331.347117465920746, 829127.781539741321467 ], [ 2032359.261256164871156, 828987.25603168818634 ], [ 2032357.039432384306565, 828844.327705781790428 ], [ 2032403.840924849268049, 828838.062150658108294 ], [ 2032426.321523876627907, 828590.926181882037781 ], [ 2032388.26327579212375, 828579.829001941136084 ], [ 2032382.202177807688713, 828322.393768881796859 ], [ 2032321.930376333650202, 828316.010049640201032 ], [ 2032318.933428215328604, 828156.494653981178999 ], [ 2032387.945844936650246, 828148.674055369570851 ], [ 2032385.826894456520677, 827912.560588720836677 ], [ 2032378.393577300012112, 827460.856289745424874 ], [ 2032360.134977854089811, 826755.639490300323814 ], [ 2032344.770731968106702, 826302.329387026256882 ], [ 2032374.133793615736067, 826288.936588729964569 ], [ 2032376.752895339857787, 826071.76684765284881 ], [ 2032244.282897653523833, 826076.359378591412678 ], [ 2032239.760448582470417, 825860.759680261602625 ], [ 2032316.708584495121613, 825854.526466994313523 ], [ 2032308.194487694418058, 825662.612731769913808 ], [ 2032399.412286406615749, 825664.29272501077503 ], [ 2032391.677079136250541, 825485.804126627393998 ], [ 2032331.389887751080096, 825488.106881859945133 ], [ 2032328.467475732089952, 825260.658504315884784 ], [ 2032322.379920279374346, 825026.09715196932666 ], [ 2032355.703439242439345, 825019.026113597326912 ], [ 2032347.151061924174428, 824861.856099717319012 ], [ 2032235.890253012999892, 824328.645112185389735 ], [ 2032500.946604, 824228.636633602669463 ], [ 2032787.388246025890112, 824159.455226879683323 ], [ 2032998.420445614960045, 824135.998476069304161 ], [ 2033211.040388063993305, 824111.755245049949735 ], [ 2033330.041236921213567, 824100.833265249268152 ], [ 2033061.437906362581998, 824529.373812286066823 ], [ 2033204.125363762956113, 824614.829093794571236 ], [ 2033099.22156998119317, 824788.457421665429138 ], [ 2033348.12934260466136, 824937.212822578847408 ], [ 2033131.181012480519712, 825287.614934014622122 ], [ 2033028.613504765089601, 825502.308541710837744 ], [ 2033044.321410172618926, 825641.319563193712384 ], [ 2033178.362970315851271, 825651.737273194361478 ], [ 2033161.249636576976627, 826055.268645681091584 ], [ 2032744.025841678725556, 826054.010596933425404 ], [ 2032747.221920189680532, 826744.223186393501237 ], [ 2032771.812141557224095, 827453.396010640542954 ], [ 2032705.974165712250397, 827458.060692533035763 ], [ 2032725.305895790457726, 827904.250681771314703 ], [ 2032794.307546300813556, 827906.696704627713189 ], [ 2032802.645727096823975, 828252.580624572350644 ], [ 2032770.91734521696344, 828254.914176790975034 ], [ 2032775.089005865389481, 828780.829970297403634 ], [ 2032663.379614314064384, 829383.991412323317491 ], [ 2032645.102013264084235, 829416.346025629434735 ], [ 2032555.659549769479781, 829969.773828425561078 ], [ 2032387.550858376082033, 829944.320083867176436 ], [ 2032342.879851156380028, 830177.996925881598145 ], [ 2032967.725901434198022, 830276.603812220040709 ], [ 2033175.072500980459154, 830668.481146545615047 ], [ 2032726.070533752674237, 830775.362376238568686 ], [ 2032863.956005449639633, 830873.426199204404838 ], [ 2032843.086968639632687, 831096.067390027805232 ], [ 2032517.945406080922112, 831081.492795157013461 ], [ 2032482.760352090466768, 831343.595892024342902 ], [ 2032639.758117205230519, 831369.036639472469687 ], [ 2032709.455818310845643, 831451.230470033013262 ], [ 2032699.548570936312899, 831801.790057418867946 ], [ 2032886.711326592369005, 831798.840893057174981 ], [ 2032818.262037052307278, 832019.842744657187723 ], [ 2032876.915279498323798, 832048.332639976753853 ], [ 2032759.189204872353002, 832367.182436242233962 ], [ 2032435.782120180781931, 832231.019699418102391 ], [ 2032547.152112699812278, 831920.055755195324309 ], [ 2032082.63870991859585, 831726.889694139827043 ], [ 2031858.688490650849417, 832012.468994937487878 ], [ 2031257.120484597748145, 832427.129486631602049 ], [ 2031215.973582524806261, 832341.813951152609661 ], [ 2031006.512793294386938, 832436.338292628293857 ], [ 2031050.02039170707576, 833289.087951839668676 ], [ 2030748.664363780291751, 833301.403146378579549 ], [ 2030641.708921375451609, 832445.429793190560304 ], [ 2030529.069075868930668, 832473.736255627358332 ], [ 2029897.31414021551609, 831410.331549459253438 ], [ 2030278.166107628960162, 831232.27654049708508 ], [ 2030477.589987929211929, 831644.642842939239927 ], [ 2030387.118324998067692, 831706.135658847982995 ], [ 2030643.599984268425032, 832153.296259770402685 ], [ 2030722.945111112901941, 832113.901214540586807 ], [ 2030798.952587091363966, 832232.414693402126431 ], [ 2031083.016633775550872, 832084.277017517015338 ], [ 2030997.60347165283747, 831861.529597558779642 ], [ 2031076.968254821840674, 831804.764634466264397 ], [ 2031232.573590331710875, 831647.015652568195947 ], [ 2031740.601417204132304, 831208.554872163455002 ], [ 2031794.947126501239836, 830823.29391447128728 ], [ 2032026.517832634737715, 830829.86242907831911 ], [ 2032164.638483028626069, 829991.452033403329551 ] ] ] } },
{ "type": "Feature", "properties": { "neighborhood_name": "Brandon Ridge", "label_tier": 3 }, "geometry": { "type": "Polygon", "coordinates": [ [ [ 2016020.481049987254664, 786374.571276318398304 ], [ 2015955.003163188695908, 786436.781421062420122 ], [ 2015862.298272661166266, 786468.764156579971313 ], [ 2015787.651398460147902, 786511.677187171415426 ], [ 2015656.683151374803856, 786663.03543954459019 ], [ 2015582.070836954284459, 786642.247204870334826 ], [ 2015466.929556651273742, 786544.995638447115198 ], [ 2015315.603005830431357, 786557.292758242809214 ], [ 2015042.335399551782757, 786447.584555683890358 ], [ 2015159.771161188138649, 786118.579645854304545 ], [ 2015196.118013671599329, 785694.890679370029829 ], [ 2015742.84243028331548, 786134.174541442655027 ], [ 2016020.481049987254664, 786374.571276318398304 ] ] ] } },
{ "type": "Feature", "properties": { "neighborhood_name": "Briarcliff", "label_tier": 3 }, "geometry": { "type": "Polygon", "coordinates": [ [ [ 1995089.763563276268542, 794327.183243231382221 ], [ 1994599.467773148790002, 794099.39703988772817 ], [ 1993957.894865863025188, 793934.260016355663538 ], [ 1993901.618963692570105, 793807.959132108837366 ], [ 1993824.541806169319898, 793315.101793479989283 ], [ 1993964.550944424467161, 793188.760280183283612 ], [ 1994174.61461507412605, 792493.089802946778946 ], [ 1993982.418898744508624, 792252.880320896045305 ], [ 1993937.385034380946308, 792100.004385208827443 ], [ 1994059.278916801558807, 791670.809051577351056 ], [ 1994242.212812029756606, 791468.01788783527445 ], [ 1994420.398856172570959, 791196.066525048110634 ], [ 1994700.482444730587304, 791158.521455274545588 ], [ 1994840.526583882281557, 791151.580310561577789 ], [ 1994858.566519831772894, 791032.18122874875553 ], [ 1994707.18049972387962, 790537.880022157798521 ], [ 1994770.481923627201468, 790196.061719968216494 ], [ 1995120.741220060037449, 790114.098878201562911 ], [ 1995590.379184369929135, 790380.845200281706639 ], [ 1995717.126349013764411, 790531.891320221475326 ], [ 1995938.288826147792861, 790436.124842183548026 ], [ 1996200.329296674346551, 790468.122830002917908 ], [ 1996446.73237127950415, 790960.964000299340114 ], [ 1996645.412210083100945, 791044.299381876597181 ], [ 1996790.218883311608806, 791259.41428683756385 ], [ 1996898.913707901025191, 794389.546921510947868 ], [ 1995559.585394144523889, 794295.075343687087297 ], [ 1995089.763563276268542, 794327.183243231382221 ] ] ] } },
{ "type": "Feature", "properties": { "neighborhood_name": "Brightleaf at the Park", "label_tier": 1 }, "geometry": { "type": "Polygon", "coordinates": [ [ [ 2050802.048766801366583, 800403.385713711963035 ], [ 2051043.272285199956968, 800473.35953211854212 ], [ 2051348.381737891584635, 800328.456201222725213 ], [ 2051329.681669565849006, 800126.078060817322694 ], [ 2051584.452322606928647, 799715.50574458471965 ], [ 2051743.959020096808672, 799304.762014946434647 ], [ 2051966.101614274084568, 799393.682812096085399 ], [ 2052143.659866278525442, 799552.083800303516909 ], [ 2052232.106677368981764, 799817.82420101959724 ], [ 2052699.766036377288401, 799793.365697078523226 ], [ 2052664.322609278606251, 799635.612207145779394 ], [ 2052855.039618630195037, 799537.546216764720157 ], [ 2053051.585525233531371, 799729.579203253728338 ], [ 2053239.3841612925753, 799708.972593838116154 ], [ 2053301.737567062722519, 800129.589277560357004 ], [ 2055737.64859171397984, 800020.289135073544458 ], [ 2055793.777226891368628, 800564.198209514957853 ], [ 2055874.995186056708917, 801272.545566061977297 ], [ 2056069.522549085086212, 802505.890427273581736 ], [ 2055732.502992199966684, 802732.869603766943328 ], [ 2055459.758637131657451, 802555.315547812497243 ], [ 2054831.558321621734649, 802275.931839130586013 ], [ 2054101.0459871054627, 802369.420374064240605 ], [ 2053915.470502587268129, 803134.133136811200529 ], [ 2053622.628490056376904, 803525.600625225924887 ], [ 2053140.288404922699556, 803360.336330701364204 ], [ 2053045.692587907426059, 802993.450634092325345 ], [ 2052480.838643442606553, 802796.431653128005564 ], [ 2052050.607435573358089, 801885.176514622406103 ], [ 2051796.807642952771857, 801751.945893085561693 ], [ 2051499.014695113059133, 801353.072573585668579 ], [ 2051351.008620668435469, 802459.327642464078963 ], [ 2050654.714557962259278, 802513.83871107257437 ], [ 2050330.229418640723452, 802399.470305073657073 ], [ 2049567.660805886611342, 801741.777671139338054 ], [ 2049721.109080109745264, 801135.025460828794166 ], [ 2050166.003581705735996, 800946.088054384337738 ], [ 2050802.048766801366583, 800403.385713711963035 ] ] ] } },
{ "type": "Feature", "properties": { "neighborhood_name": "Brightwood Trails", "label_tier": 3 }, "geometry": { "type": "Polygon", "coordinates": [ [ [ 2057528.526451083132997, 806599.289560511126183 ], [ 2057240.483878643251956, 806149.865634420886636 ], [ 2057234.589685353916138, 805915.937843755236827 ], [ 2057228.553762389579788, 805754.712420769385062 ], [ 2057292.220315059181303, 805669.487750360160135 ], [ 2057454.170779073610902, 805657.159753370215185 ], [ 2057520.951329281553626, 805603.552172719500959 ], [ 2057495.631583165377378, 805562.408577151596546 ], [ 2057517.968168040271848, 805505.552780671976507 ], [ 2057626.024672269588336, 805452.026005716528744 ], [ 2057559.559455011272803, 805344.418339124764316 ], [ 2057686.915248237550259, 805164.484625155339018 ], [ 2057737.747415859252214, 805148.778860268066637 ], [ 2057877.936291685095057, 804902.48588625760749 ], [ 2057982.539809789275751, 804991.204276573029347 ], [ 2058071.948405601549894, 804735.327221054816619 ], [ 2058199.078267547301948, 804672.355328057426959 ], [ 2058361.461643681395799, 804445.071866647573188 ], [ 2058513.553877893835306, 804603.434025218128227 ], [ 2058999.018587830942124, 804768.786072393180802 ], [ 2059271.370267010293901, 805120.221722699003294 ], [ 2059369.669788272120059, 805183.64273183234036 ], [ 2059318.741060581291094, 805246.762239007512107 ], [ 2059179.063885738840327, 805233.83607233595103 ], [ 2059175.640494267223403, 805357.112490869243629 ], [ 2059248.545472380705178, 805417.320351126487367 ], [ 2059085.855409187730402, 805796.321977445040829 ], [ 2059117.465470671886578, 805865.928747845347971 ], [ 2058901.382131526945159, 805957.165004125912674 ], [ 2058653.329509164905176, 806158.974564819014631 ], [ 2058370.795615039533004, 806139.445704471319914 ], [ 2058094.423749421257526, 806214.762250931933522 ], [ 2057528.526451083132997, 806599.289560511126183 ] ] ] } },
{ "type": "Feature", "properties": { "neighborhood_name": "Brookstown", "label_tier": 3 }, "geometry": { "type": "Polygon", "coordinates": [ [ [ 2024995.543897787574679, 819150.526815020944923 ], [ 2024551.266987325856462, 819124.874999314080924 ], [ 2024389.532200449379161, 818984.136556256446056 ], [ 2024405.616730333771557, 818723.47844631690532 ], [ 2024591.280478452099487, 818714.154338763095438 ], [ 2024610.200292272958905, 818859.514614198124036 ], [ 2025117.969106007833034, 818866.263874696567655 ], [ 2025117.809643865330145, 819052.682680757599883 ], [ 2024995.543897787574679, 819150.526815020944923 ] ] ] } },
{ "type": "Feature", "properties": { "neighborhood_name": "Buck Crossing", "label_tier": 3 }, "geometry": { "type": "Polygon", "coordinates": [ [ [ 2012188.616173818940297, 781322.467578360112384 ], [ 2012265.523848537122831, 780848.924759213346988 ], [ 2013553.52561791962944, 781060.615071642328985 ], [ 2013989.670395863242447, 781332.733597505604848 ], [ 2013903.629031292395666, 781649.380143182934262 ], [ 2012188.616173818940297, 781322.467578360112384 ] ] ] } },
{ "type": "Feature", "properties": { "neighborhood_name": "Burch Avenue", "label_tier": 2 }, "geometry": { "type": "Polygon", "coordinates": [ [ [ 2024282.094884345540777, 819727.796436556614935 ], [ 2024090.709506361745298, 819377.448683325550519 ], [ 2023826.833037008764222, 819046.700633333064616 ], [ 2023610.454927115235478, 818864.878505890374072 ], [ 2023497.500449064653367, 818813.460701081785373 ], [ 2023339.566477701300755, 818783.848908483283594 ], [ 2023172.729144803714007, 818790.997228364343755 ], [ 2022667.112879869760945, 818911.094085548771545 ], [ 2022388.065675086341798, 817889.068815542734228 ], [ 2022686.011567226843908, 817804.480287370388396 ], [ 2022990.747450008289889, 817739.557305597118102 ], [ 2023171.216413359856233, 817709.121284480555914 ], [ 2023333.621272272663191, 817703.789548542699777 ], [ 2023942.997842980083078, 817698.455725643318146 ], [ 2024419.245164298918098, 817710.132586223306134 ], [ 2025130.037519287783653, 817760.603313666651957 ], [ 2025342.656196225667372, 817766.6797808741685 ], [ 2025657.632638224167749, 817782.949633192038164 ], [ 2025971.917106442619115, 817796.259961939882487 ], [ 2025967.23282165476121, 818039.080752349109389 ], [ 2025906.048730110516772, 818319.688027371885255 ], [ 2025835.814747878583148, 818465.235166600788943 ], [ 2025677.673069563694298, 818673.68141029519029 ], [ 2025553.614906719652936, 818808.261579937767237 ], [ 2025235.099941097898409, 819079.911122870631516 ], [ 2024282.094884345540777, 819727.796436556614935 ] ], [ [ 2024995.543897787574679, 819150.526815020944923 ], [ 2025117.809643865330145, 819052.682680757599883 ], [ 2025117.969106007833034, 818866.263874696567655 ], [ 2024610.200292272958905, 818859.514614198124036 ], [ 2024591.280478452099487, 818714.154338763095438 ], [ 2024405.616730333771557, 818723.47844631690532 ], [ 2024389.532200449379161, 818984.136556256446056 ], [ 2024551.266987325856462, 819124.874999314080924 ], [ 2024995.543897787574679, 819150.526815020944923 ] ] ] } },
{ "type": "Feature", "properties": { "neighborhood_name": "Cameron Woods", "label_tier": 3 }, "geometry": { "type": "Polygon", "coordinates": [ [ [ 2013000.498323139734566, 810634.665664197760634 ], [ 2012880.719913974637166, 810511.210323434323072 ], [ 2012824.55773679097183, 810383.41496312210802 ], [ 2012883.202103110728785, 810248.753493021242321 ], [ 2012883.272833768511191, 810087.493008247809485 ], [ 2012806.66252602241002, 810030.672513874480501 ], [ 2012802.261795749654993, 809265.502613075776026 ], [ 2013238.119410180486739, 809261.327584912069142 ], [ 2013344.035183201776817, 809294.865246937260963 ], [ 2013497.569553046952933, 809372.835441944771446 ], [ 2013836.257401915034279, 809611.789468270144425 ], [ 2013980.62359802192077, 809674.105079815373756 ], [ 2013876.42346472851932, 810397.725793446530588 ], [ 2013618.918979985872284, 810579.614945501205511 ], [ 2013323.276876138988882, 810699.969778894097544 ], [ 2013147.22391893574968, 810706.80681799328886 ], [ 2013000.498323139734566, 810634.665664197760634 ] ] ] } },
{ "type": "Feature", "properties": { "neighborhood_name": "Cardinal Lake", "label_tier": 3 }, "geometry": { "type": "Polygon", "coordinates": [ [ [ 2054140.352131939958781, 824777.738526134984568 ], [ 2053380.935712778940797, 824263.800089629949071 ], [ 2053388.381288522621617, 823909.98108579730615 ], [ 2054595.083736191969365, 822932.972949836053886 ], [ 2055050.777876262785867, 822971.318409050349146 ], [ 2055280.624735111137852, 823263.334226508624852 ], [ 2055596.696402554865927, 823155.815641307155602 ], [ 2055876.45863146148622, 823168.72358897945378 ], [ 2056407.702014155918732, 823751.815520402509719 ], [ 2056516.372097247513011, 823531.06124760187231 ], [ 2056708.157503850758076, 823613.336709156632423 ], [ 2056451.942522257333621, 824276.82502002781257 ], [ 2056418.963696181075647, 824970.958315540105104 ], [ 2057066.015081899706274, 825288.911324854358099 ], [ 2057224.049055484356359, 825232.066888203960843 ], [ 2057591.253658541943878, 825434.091230839141645 ], [ 2057298.994104051962495, 826077.845384432235733 ], [ 2056963.056693461025134, 825920.296374206664041 ], [ 2056448.736009032931179, 825944.420713240746409 ], [ 2056127.076063139364123, 825431.255436624865979 ], [ 2055588.014783641789109, 825241.664420245215297 ], [ 2054445.716690369648859, 824372.778875106829219 ], [ 2054140.352131939958781, 824777.738526134984568 ] ] ] } },
{ "type": "Feature", "properties": { "neighborhood_name": "Carillon Forest", "label_tier": 3 }, "geometry": { "type": "Polygon", "coordinates": [ [ [ 2002966.022611217340454, 812637.323201601742767 ], [ 2002930.106800634181127, 810838.697761677438393 ], [ 2005212.238739451859146, 810816.808893928653561 ], [ 2005229.949695371324196, 812713.719298497075215 ], [ 2003895.909936257638037, 812704.047518864623271 ], [ 2003916.369260125560686, 812367.695655905175954 ], [ 2003814.892656442942098, 812327.640095696086064 ], [ 2002966.022611217340454, 812637.323201601742767 ] ] ] } },
{ "type": "Feature", "properties": { "neighborhood_name": "Carolina Arbors", "label_tier": 3 }, "geometry": { "type": "Polygon", "coordinates": [ [ [ 2064671.986843032995239, 792228.232840544427745 ], [ 2064930.403046497143805, 793158.564964047633111 ], [ 2064858.834061051020399, 793923.699658202938735 ], [ 2064115.514621765585616, 793953.691862237872556 ], [ 2063998.166015394032001, 795332.176535601611249 ], [ 2063071.12915800162591, 795146.765608767513186 ], [ 2063328.846391181461513, 793464.984582715202123 ], [ 2062160.825140392873436, 793051.379489297396503 ], [ 2062181.890639161225408, 792102.683597038849257 ], [ 2064671.986843032995239, 792228.232840544427745 ] ] ] } },
{ "type": "Feature", "properties": { "neighborhood_name": "Central Park", "label_tier": 2 }, "geometry": { "type": "Polygon", "coordinates": [ [ [ 2029604.527183989528567, 818592.560539766214788 ], [ 2029578.630659697111696, 819634.003872800851241 ], [ 2029163.632862851023674, 819635.044857010361739 ], [ 2029156.174673609668389, 820294.647491426207125 ], [ 2028664.29018921055831, 820287.246743006049655 ], [ 2028589.897198773222044, 820138.288686892017722 ], [ 2028429.462080959463492, 817816.395479647675529 ], [ 2029382.67462196177803, 817114.770910791470669 ], [ 2029865.048214164096862, 817799.983318103011698 ], [ 2029610.059478050097823, 817799.725095760659315 ], [ 2029607.267607152927667, 818221.624282488483004 ], [ 2029708.729185034288093, 818221.726757330703549 ], [ 2029857.8607409640681, 818177.467268063453957 ], [ 2029957.314213460311294, 818116.412781144259498 ], [ 2030027.210003239801154, 818033.123025847016834 ], [ 2030187.299321613274515, 818265.533514831564389 ], [ 2029604.527183989528567, 818592.560539766214788 ] ] ] } },
{ "type": "Feature", "properties": { "neighborhood_name": "Chancellor's Ridge", "label_tier": 3 }, "geometry": { "type": "Polygon", "coordinates": [ [ [ 2014306.705234648426995, 779859.745227165403776 ], [ 2013479.655204600887373, 779387.236350184888579 ], [ 2012802.859678583918139, 777309.544124113861471 ], [ 2012882.154922468354926, 776841.829943885793909 ], [ 2013022.47143891104497, 776383.607323711272329 ], [ 2013185.250657950527966, 776048.793833880336024 ], [ 2013420.330426295986399, 775679.79766199295409 ], [ 2014625.110857642954215, 775694.204397704801522 ], [ 2014841.32326508895494, 776945.403393834712915 ], [ 2015528.37756815366447, 777288.652666806010529 ], [ 2016061.716744461795315, 777022.486091926577501 ], [ 2016405.0995890093036, 777442.011643306817859 ], [ 2016474.905068033840507, 777623.690184592851438 ], [ 2016691.574447774561122, 778427.904329933109693 ], [ 2014306.705234648426995, 779859.745227165403776 ] ] ] } },
{ "type": "Feature", "properties": { "neighborhood_name": "Chapel Hill Road", "label_tier": 3 }, "geometry": { "type": "Polygon", "coordinates": [ [ [ 2018689.727014675969258, 809715.673964151297696 ], [ 2018328.505984148709103, 809614.249046623124741 ], [ 2018082.414389588171616, 809465.576763130025938 ], [ 2018215.962838356150314, 809304.398883113288321 ], [ 2018082.55646333261393, 809234.788843190763146 ], [ 2017868.940278838155791, 808226.690342404413968 ], [ 2018026.987920561339706, 808172.548153906478547 ], [ 2017999.820633521769196, 808080.79884085082449 ], [ 2017934.426409851759672, 808078.210713408654556 ], [ 2017733.711747908499092, 807734.819524435442872 ], [ 2017503.468143575591967, 807775.087462957482785 ], [ 2017347.857233649818227, 807208.582808726467192 ], [ 2017763.262153138872236, 807312.940248527214862 ], [ 2017968.592396225547418, 807371.308034043759108 ], [ 2017943.653209761949256, 807505.979523674235679 ], [ 2018248.3404584096279, 807674.343654831522144 ], [ 2018816.648414225317538, 808817.356320814578794 ], [ 2019035.230937126791105, 809410.483869601972401 ], [ 2019096.023694838630036, 809659.148318128893152 ], [ 2018863.417275236453861, 809713.236860403674655 ], [ 2018689.727014675969258, 809715.673964151297696 ] ] ] } },
{ "type": "Feature", "properties": { "neighborhood_name": "Chelsea Meadows", "label_tier": 3 }, "geometry": { "type": "Polygon", "coordinates": [ [ [ 2014438.501534656155854, 780779.771224212599918 ], [ 2014432.310735916951671, 780444.412727748858742 ], [ 2014032.036196486558765, 780191.118009989266284 ], [ 2014306.676780472509563, 779860.633969636401162 ], [ 2015498.731328895082697, 779143.835355163551867 ], [ 2016053.576569710625336, 780040.68610639416147 ], [ 2016923.874261096585542, 780072.41658498509787 ], [ 2017133.154280569637194, 780850.819568982347846 ], [ 2015302.814496245235205, 780823.709385696332902 ], [ 2014832.51932840840891, 780814.768175396835431 ], [ 2014438.501534656155854, 780779.771224212599918 ] ] ] } },
{ "type": "Feature", "properties": { "neighborhood_name": "Cleveland-Holloway", "label_tier": 2 }, "geometry": { "type": "Polygon", "coordinates": [ [ [ 2032866.462583802407607, 817960.082878578570671 ], [ 2032870.492643276927993, 818323.745894982246682 ], [ 2033154.773885713424534, 818313.144814688479528 ], [ 2033175.143745516194031, 818349.206058836425655 ], [ 2033177.193493305705488, 818629.505829990725033 ], [ 2032380.573559309588745, 818650.82196313329041 ], [ 2032402.617471422301605, 819046.903086993726902 ], [ 2031398.390514161670581, 819038.895675976993516 ], [ 2031104.752866717753932, 819232.971389163052663 ], [ 2031102.369146472075954, 819249.349896464380436 ], [ 2030967.185768605908379, 819253.575295211980119 ], [ 2030937.496482347371057, 819357.654566920478828 ], [ 2030027.210003239801154, 818033.123025847016834 ], [ 2030088.237511372892186, 817944.364019774599001 ], [ 2030133.605759899364784, 817837.751979011460207 ], [ 2030153.895044376375154, 817668.13839595974423 ], [ 2030221.820296841440722, 817489.109266137238592 ], [ 2030366.734452695585787, 817236.627364826505072 ], [ 2030366.817643807269633, 817156.178561636246741 ], [ 2030335.237039183732122, 817086.617701702169143 ], [ 2030398.336663570720702, 816999.317656871513464 ], [ 2031202.448880501557142, 816370.767125698854215 ], [ 2031313.142157395603135, 816319.557873761281371 ], [ 2031426.166590163018554, 816301.841539618675597 ], [ 2031667.528947905171663, 816331.22256426315289 ], [ 2031655.914799697231501, 816677.030816263169982 ], [ 2032064.410273987567052, 816709.143911820952781 ], [ 2032066.554958840832114, 816641.438172833994031 ], [ 2032256.169434970710427, 816648.562251194845885 ], [ 2032280.922463001683354, 816735.954718368942849 ], [ 2033100.368010986363515, 816718.665830948040821 ], [ 2033095.602047089952976, 816747.782217455096543 ], [ 2033729.855228658067062, 816737.583207795862108 ], [ 2033730.880398469278589, 817905.367655841284432 ], [ 2032866.462583802407607, 817960.082878578570671 ] ] ] } },
{ "type": "Feature", "properties": { "neighborhood_name": "Colchester", "label_tier": 3 }, "geometry": { "type": "Polygon", "coordinates": [ [ [ 2016643.801114748232067, 802628.474784183548763 ], [ 2016574.167718105949461, 802249.130462200962938 ], [ 2017041.529773046728224, 802198.071542846504599 ], [ 2016991.338146023917943, 803009.070878337603062 ], [ 2016781.497179541504011, 803018.778715535067022 ], [ 2016643.801114748232067, 802628.474784183548763 ] ] ] } },
{ "type": "Feature", "properties": { "neighborhood_name": "Cole Mill Road", "label_tier": 3 }, "geometry": { "type": "Polygon", "coordinates": [ [ [ 2013351.680238447617739, 832167.186119697755203 ], [ 2013417.301586723187938, 832203.254812899394892 ], [ 2013272.604275991208851, 832461.648921299609356 ], [ 2013378.715730608208105, 832530.862435440532863 ], [ 2013457.452403503702953, 832978.289086961885914 ], [ 2013748.309323329245672, 833128.403559282538481 ], [ 2013788.576839829795063, 833633.693945008795708 ], [ 2012798.36987663898617, 833797.058304700767621 ], [ 2012636.10189893678762, 833695.788042482570745 ], [ 2012503.019021393032745, 833790.014452656381764 ], [ 2012236.591903356136754, 833902.38701016351115 ], [ 2012245.667236898327246, 834117.531758959405124 ], [ 2012130.654988295631483, 834131.681117227533832 ], [ 2011512.311954081058502, 834506.381743868580088 ], [ 2011579.959317081375048, 834645.103380044805817 ], [ 2011390.419586749980226, 834732.396159706637263 ], [ 2011160.518236354924738, 834452.00555214274209 ], [ 2010998.166656153043732, 834568.433511324343272 ], [ 2010619.03547616279684, 834895.919973958632909 ], [ 2010332.460635101888329, 835183.400682163890451 ], [ 2010199.400502589065582, 835252.883712135022506 ], [ 2010267.028531778836623, 835459.675903840339743 ], [ 2010124.812875311356038, 835506.950303612975404 ], [ 2010045.942746780347079, 835320.904244317323901 ], [ 2009829.509323033737019, 835408.197974359849468 ], [ 2009885.924746108008549, 835558.196993310702965 ], [ 2009694.036799232242629, 835627.662585188052617 ], [ 2009646.807277953252196, 835499.550525742815807 ], [ 2009477.632666017860174, 835634.508457969757728 ], [ 2009563.298259487375617, 835841.304946100222878 ], [ 2009466.317668490577489, 835885.68509612523485 ], [ 2009515.640753063606098, 836030.22075384343043 ], [ 2009324.049735149834305, 836108.061576355947182 ], [ 2009267.632499497383833, 835958.063544779433869 ], [ 2009114.437870540190488, 836151.178806403651834 ], [ 2009249.498129426967353, 836278.767858839826658 ], [ 2009001.353313358034939, 836656.553519994369708 ], [ 2009179.560068464372307, 836824.426463044714183 ], [ 2009089.067971624666825, 836929.966956434422173 ], [ 2008915.579088190570474, 836802.139256350463256 ], [ 2008561.258344235131517, 837381.205398072837852 ], [ 2008403.424689364852384, 837297.79689488990698 ], [ 2008331.258552550338209, 837425.550868665101007 ], [ 2008511.553067846456543, 837526.802978011313826 ], [ 2008283.834296771790832, 837872.566499783424661 ], [ 2008128.068636314943433, 837800.444951977697201 ], [ 2008049.100261589512229, 837948.947534935432486 ], [ 2008188.897069350816309, 838040.721853262395598 ], [ 2008107.869049608474597, 838155.732947627198882 ], [ 2007972.501293026376516, 838083.617845179862343 ], [ 2007785.292608489748091, 838422.479904878884554 ], [ 2008001.634193517966196, 838568.150308572454378 ], [ 2007859.398152855224907, 838761.412113143596798 ], [ 2007963.131033474812284, 838844.439067989005707 ], [ 2007715.040534856496379, 839161.079528767964803 ], [ 2007455.834062931360677, 839040.154307310353033 ], [ 2007194.080835017841309, 839652.752924423548393 ], [ 2007013.405367977218702, 839944.298061785986647 ], [ 2006803.771349241724238, 840213.63177299243398 ], [ 2006133.823506117565557, 840943.731022159103304 ], [ 2005989.519880665000528, 841246.575494562624954 ], [ 2005937.451050421455875, 841482.457455024239607 ], [ 2006318.701889807125553, 841654.72411628253758 ], [ 2006070.348430005367845, 842014.33519854338374 ], [ 2005858.456780425738543, 841865.767093652975745 ], [ 2005729.792920090490952, 842335.342974553233944 ], [ 2005907.880673986161128, 843015.754560388275422 ], [ 2005718.418898281408474, 843067.045590179390274 ], [ 2005459.268448930932209, 842786.327284494880587 ], [ 2005346.333773296326399, 842957.401681543444283 ], [ 2005184.049086213111877, 843092.064542850246653 ], [ 2004063.250454483088106, 843459.924765857518651 ], [ 2003071.086243763333187, 843419.396522168302909 ], [ 2003053.026894296286628, 843713.897019596304744 ], [ 2003016.957420841790736, 843834.75214388477616 ], [ 2002813.888830113923177, 844115.037205974920653 ], [ 2001876.15550885675475, 843605.316429405589588 ], [ 2001053.035746209090576, 843917.615388221805915 ], [ 2000980.927024414064363, 843771.999798738048412 ], [ 2000856.791344478959218, 843947.095654612174258 ], [ 2000967.319277405040339, 844150.957464127801359 ], [ 2000469.022180860163644, 844649.670416404027492 ], [ 2000739.437267845962197, 844813.490878080250695 ], [ 2000635.694270424777642, 845228.48631175851915 ], [ 2000398.969066735589877, 845392.661171829444356 ], [ 2000608.792634473415092, 845614.725159597815946 ], [ 2000487.031043600523844, 845799.287870687199757 ], [ 2000045.216034154873341, 845691.165908288443461 ], [ 1999846.622900036629289, 846223.019372349139303 ], [ 1999821.806796962628141, 847529.5375039257342 ], [ 1999627.952141910325736, 847579.776051865541376 ], [ 1999497.333526765462011, 847409.045936297508888 ], [ 1999788.108932729810476, 846200.813680176855996 ], [ 1999231.041536529082805, 846059.213891917373985 ], [ 1999305.505685241660103, 845705.007366649340838 ], [ 1999887.404104639077559, 845924.511590804788284 ], [ 1999972.81125671020709, 845672.964211503742263 ], [ 2000171.409338617930189, 845323.128588846651837 ], [ 2000207.465281662531197, 845199.357494534691796 ], [ 1999839.820033983560279, 845159.313537362031639 ], [ 1999925.523859451990575, 844638.381737098097801 ], [ 1999844.544194066664204, 844328.954012262518518 ], [ 2000304.40949936513789, 844344.244562682812102 ], [ 2000257.12516785482876, 844049.741517234710045 ], [ 2000590.800539582502097, 843863.725592842325568 ], [ 2000897.293758433312178, 843540.108326019369997 ], [ 2000944.872735069831833, 843688.635132355848327 ], [ 2001084.675182594452053, 843488.78606027958449 ], [ 2001434.028644033474848, 843259.460562249179929 ], [ 2001876.186236718902364, 843124.793497209786437 ], [ 2002103.762656860752031, 843143.010554078966379 ], [ 2002588.755066535901278, 843299.947331362171099 ], [ 2004063.259125888813287, 843397.311167606734671 ], [ 2004498.631757742492482, 843244.481038373312913 ], [ 2003995.747938381507993, 842146.122942641377449 ], [ 2005644.087295436998829, 842294.918800071114674 ], [ 2005793.146349137183279, 841814.425628235796466 ], [ 2005862.976863870630041, 841432.570130712701939 ], [ 2005923.90684537938796, 841224.35624376963824 ], [ 2006086.537682349560782, 840912.05043295188807 ], [ 2006964.050199552439153, 839910.79544449725654 ], [ 2006745.327648932812735, 839856.503717061714269 ], [ 2006718.259366480167955, 839306.810746394912712 ], [ 2007297.916380976559594, 839317.870110486051999 ], [ 2007390.50335603998974, 839055.427071989164688 ], [ 2006964.283555789850652, 838927.548036092543043 ], [ 2007097.382497616345063, 838597.040113938506693 ], [ 2007546.068454237654805, 838739.123997126240283 ], [ 2007774.084002891089767, 838330.741253866581246 ], [ 2007609.458278848556802, 838232.045854743337259 ], [ 2008308.927200285950676, 836947.937194812693633 ], [ 2008439.605827026767656, 836893.734033837565221 ], [ 2008554.585517096100375, 836948.007777855964378 ], [ 2008784.757996113505214, 836546.393696028972045 ], [ 2009112.09616930806078, 836074.504282413399778 ], [ 2009040.010285727446899, 835921.953627276234329 ], [ 2009064.891616913722828, 835764.700584786129184 ], [ 2009333.123431423446164, 835463.732394273392856 ], [ 2009457.243515819543973, 835605.379532556864433 ], [ 2009536.201895903563127, 835528.958924534614198 ], [ 2009716.575986344832927, 835412.528717537410557 ], [ 2009669.336926031159237, 835223.581947114784271 ], [ 2010027.982205949025229, 835106.848941144300625 ], [ 2009980.726210833992809, 834972.142060202430002 ], [ 2010256.044845861149952, 834743.262716306606308 ], [ 2010582.979539178078994, 834862.780306374654174 ], [ 2010768.230574284214526, 834697.335419693030417 ], [ 2010970.98259045323357, 834528.380155965220183 ], [ 2011135.696944036986679, 834418.505467538838275 ], [ 2011020.766789368353784, 834218.610260740737431 ], [ 2011361.416155681014061, 834048.010671750060283 ], [ 2011467.489393906434998, 834211.864862781018019 ], [ 2011645.805382865713909, 834106.366737481788732 ], [ 2011503.707793582929298, 833830.012926233117469 ], [ 2012512.057818786706775, 833392.863174147089012 ], [ 2012715.113436025567353, 833527.640979676158167 ], [ 2012827.84728275728412, 833320.921866571647115 ], [ 2012934.183032943401486, 832876.489937782171182 ], [ 2013121.484566170023754, 832542.031181107275188 ], [ 2013094.586136899422854, 832526.729987660306506 ], [ 2013293.116963205160573, 832214.483173531945795 ], [ 2012914.171792019857094, 831991.89292792789638 ], [ 2012731.46972074941732, 831944.489485535304993 ], [ 2012627.749883773969486, 831805.750073015340604 ], [ 2012598.689543269807473, 831314.300178556935862 ], [ 2012657.567692529177293, 831224.046667578513734 ], [ 2013379.420782538130879, 830984.108665751293302 ], [ 2013609.414384626317769, 831078.49752641574014 ], [ 2013731.238349876133725, 831067.633439116063528 ], [ 2013769.792308289790526, 830820.476851908955723 ], [ 2013855.630590075394139, 830627.218709507375024 ], [ 2013885.038912961492315, 830340.015083185629919 ], [ 2013400.89461752702482, 828635.780259750434197 ], [ 2013657.908288893289864, 828530.331029450171627 ], [ 2013748.111262784572318, 828981.720323600107804 ], [ 2014139.904728719033301, 830369.258930305368267 ], [ 2014132.970961928600445, 830645.552304074866697 ], [ 2013999.707806984661147, 831078.68108632764779 ], [ 2013351.680238447617739, 832167.186119697755203 ] ] ] } },
{ "type": "Feature", "properties": { "neighborhood_name": "Coles Pond", "label_tier": 3 }, "geometry": { "type": "Polygon", "coordinates": [ [ [ 2010583.111649771686643, 834862.863302133162506 ], [ 2010255.956301735481247, 834743.238417250453494 ], [ 2009760.157053001224995, 834432.897029016399756 ], [ 2009866.268956561107188, 833690.597918648971245 ], [ 2010017.440524654230103, 833380.860549854463898 ], [ 2010018.101102096028626, 833188.018463649670593 ], [ 2010317.377434311201796, 833147.856035931152292 ], [ 2010416.832383247325197, 833060.055595405516215 ], [ 2010552.096851475769654, 833181.001121795387007 ], [ 2010450.290850839344785, 833468.648717702482827 ], [ 2010465.976532887434587, 833679.653710002545267 ], [ 2010678.204777081497014, 833672.920565629145131 ], [ 2010607.833277186378837, 834476.317459448357113 ], [ 2010768.230538074858487, 834697.434106022585183 ], [ 2010583.111649771686643, 834862.863302133162506 ] ] ] } },
{ "type": "Feature", "properties": { "neighborhood_name": "College View", "label_tier": 3 }, "geometry": { "type": "Polygon", "coordinates": [ [ [ 2030270.257062518270686, 808123.192559222108684 ], [ 2030292.346666523488238, 808252.807833568076603 ], [ 2030498.681484050350264, 808275.146831598714925 ], [ 2030514.387693562079221, 808436.362663886044174 ], [ 2030501.537858130177483, 808581.744212492601946 ], [ 2029476.071780978003517, 808618.626280996366404 ], [ 2029454.042238901136443, 808425.798010120517574 ], [ 2029238.155221212189645, 808431.903865835629404 ], [ 2029333.014783119782805, 808814.448721196968108 ], [ 2029329.609724775888026, 809045.177402742323466 ], [ 2029281.772575912997127, 809263.217253030627035 ], [ 2029002.396121432771906, 809272.422111545572989 ], [ 2028995.897109891753644, 809424.12779556249734 ], [ 2029265.735694282921031, 809427.556064921431243 ], [ 2029236.944001800846308, 809648.772791985422373 ], [ 2028779.81004336476326, 809642.000063410028815 ], [ 2028779.710946854203939, 809743.140190107398666 ], [ 2027995.55496923532337, 809780.309839625260793 ], [ 2028014.083912340225652, 810323.949586041970178 ], [ 2027559.992365690646693, 810468.905616026138887 ], [ 2027265.022432908648625, 810190.500718362512998 ], [ 2027131.788689743494615, 810086.078071037540212 ], [ 2027017.563496820395812, 810022.760921974433586 ], [ 2026719.288616825826466, 809877.100289045949467 ], [ 2026176.852955526905134, 809411.998287000576966 ], [ 2025964.243489670567214, 809310.668248675414361 ], [ 2025897.59595704684034, 809288.484699250548147 ], [ 2025977.143226745538414, 809083.110385058564134 ], [ 2025764.563959549413994, 808943.852189241559245 ], [ 2025844.33092062943615, 808488.776349595398642 ], [ 2026372.243621464818716, 807474.624293649801984 ], [ 2026086.762507617007941, 807189.889901827438734 ], [ 2026356.89419026626274, 806889.844165982794948 ], [ 2026172.903079939540476, 806718.988930288120173 ], [ 2026214.743759961798787, 806083.668767903232947 ], [ 2026411.796499602496624, 805856.251220942591317 ], [ 2026561.129834005609155, 805736.266073330072686 ], [ 2026466.078962969826534, 805514.905722672119737 ], [ 2026669.381393988616765, 805404.451678212964907 ], [ 2026701.347307903226465, 805167.398104091291316 ], [ 2026892.001897843787447, 805003.193617103621364 ], [ 2027130.215119705302641, 804914.900819170754403 ], [ 2027653.487027352675796, 805572.898786732344888 ], [ 2027923.252969973022118, 805690.11336071731057 ], [ 2027605.543818085920066, 805911.086369734839536 ], [ 2027862.364099169848487, 806284.328611080301926 ], [ 2028812.299778087530285, 805646.717002049321309 ], [ 2028945.529017761582509, 805770.129188988823444 ], [ 2029081.847638007486239, 805978.892407378996722 ], [ 2029313.078731076559052, 806522.814071081578732 ], [ 2029458.99201833922416, 806655.720480193849653 ], [ 2029709.733012983808294, 806731.83584396680817 ], [ 2030128.913775558117777, 806640.595141835161485 ], [ 2030360.649497904581949, 806672.443289145128801 ], [ 2030827.035608522361144, 806982.700921853887849 ], [ 2030950.825662586372346, 807011.279366585309617 ], [ 2030991.35197517555207, 807719.359356924309395 ], [ 2030524.657416486181319, 807718.870693973847665 ], [ 2030505.201635353500023, 808110.792403582367115 ], [ 2030270.257062518270686, 808123.192559222108684 ] ] ] } },
{ "type": "Feature", "properties": { "neighborhood_name": "Colonial Village", "label_tier": 3 }, "geometry": { "type": "Polygon", "coordinates": [ [ [ 2032770.124201832106337, 828254.913291382836178 ], [ 2032801.85346604231745, 828251.790075834724121 ], [ 2032794.308428479358554, 827905.907032964401878 ], [ 2032726.099048623582348, 827904.251566004939377 ], [ 2032705.973285868531093, 827458.850376154179685 ], [ 2032771.019858079496771, 827452.605441426741891 ], [ 2032748.014223413774744, 826745.013773884857073 ], [ 2032744.024960838025436, 826054.800317998975515 ], [ 2033162.001014936948195, 826055.946338123758323 ], [ 2033398.824847010662779, 826103.538153164437972 ], [ 2033457.595761192031205, 825913.219651952269487 ], [ 2033685.509988703532144, 825994.293979037669487 ], [ 2033708.039657725486904, 825946.996504324488342 ], [ 2034779.289309449959546, 826345.398150942055508 ], [ 2034616.546787615632638, 826675.741299519082531 ], [ 2035196.106436601374298, 826968.015268351649866 ], [ 2035272.87591854785569, 826819.584784085513093 ], [ 2035902.099948376882821, 827117.39285722002387 ], [ 2035822.943678757641464, 827281.1079355715774 ], [ 2035910.708271051757038, 827332.542863698559813 ], [ 2035851.947830424411222, 827503.563385510933585 ], [ 2036095.43080167635344, 827653.840611401130445 ], [ 2036144.770103762624785, 827930.197373412665911 ], [ 2035695.323661607690156, 828147.699292987585068 ], [ 2035541.366353031946346, 828548.669837141875178 ], [ 2035336.21072892495431, 828497.094393267179839 ], [ 2035208.954442155081779, 829323.282446199678816 ], [ 2034921.967380641028285, 829708.808338577626273 ], [ 2034592.56801257841289, 829708.418295902665704 ], [ 2034427.457591428421438, 830058.418382836505771 ], [ 2034220.055416750023142, 829912.200919390190393 ], [ 2034265.662074234802276, 829598.462690101005137 ], [ 2033180.671272171661258, 829422.119157005334273 ], [ 2033146.817924931412563, 829549.854407631675713 ], [ 2033069.978545350022614, 829513.729057982214727 ], [ 2033104.110050675692037, 829401.283172821393237 ], [ 2032831.302809761604294, 829295.408946118550375 ], [ 2032781.305631949100643, 829606.00898922176566 ], [ 2032944.633356883656234, 829652.779822537908331 ], [ 2032920.717091592727229, 829762.510816460940987 ], [ 2032885.599413439165801, 829959.876590675790794 ], [ 2033050.476521094562486, 830037.44422961899545 ], [ 2032968.518990175565705, 830276.604702998069115 ], [ 2032342.879851156380028, 830177.996925881598145 ], [ 2032387.54998712753877, 829945.109701207373291 ], [ 2032555.659549769479781, 829969.773828425561078 ], [ 2032645.894247050629929, 829417.136539102415554 ], [ 2032664.172727157594636, 829383.992294906172901 ], [ 2032775.883898387895897, 828779.251559111056849 ], [ 2032770.124201832106337, 828254.913291382836178 ] ] ] } },
{ "type": "Feature", "properties": { "neighborhood_name": "Colony Hill", "label_tier": 3 }, "geometry": { "type": "Polygon", "coordinates": [ [ [ 2012236.306727004237473, 811398.772784156841226 ], [ 2012278.94900126918219, 811906.03807572205551 ], [ 2012067.821602290030569, 811988.120686570648104 ], [ 2011363.126723129302263, 811970.457477495889179 ], [ 2011113.95051658176817, 811946.659224072587676 ], [ 2010568.201247230404988, 811289.08957395539619 ], [ 2010315.996836014091969, 810830.729795228457078 ], [ 2010309.824864218011498, 810326.622316344291903 ], [ 2010319.413910446222872, 810140.151953918510117 ], [ 2010555.883549473946914, 810231.892709441715851 ], [ 2010701.87928774766624, 810320.441420137416571 ], [ 2010861.327213020762429, 810513.293629556312226 ], [ 2010923.132525177672505, 810774.850236195605248 ], [ 2010965.9591569758486, 810851.508559500798583 ], [ 2011092.114476636517793, 810928.988221758510917 ], [ 2011487.323732427321374, 810952.843850666773506 ], [ 2011623.839808541350067, 810914.9715939280577 ], [ 2011769.894789358833805, 810839.177681631175801 ], [ 2011890.570806101663038, 810723.867548566660844 ], [ 2012020.694251526147127, 810796.612373672891408 ], [ 2012074.599011663813144, 810945.178164964192547 ], [ 2012236.306727004237473, 811398.772784156841226 ] ] ] } },
{ "type": "Feature", "properties": { "neighborhood_name": "Colony Park", "label_tier": 3 }, "geometry": { "type": "Polygon", "coordinates": [ [ [ 2011191.145348639925942, 813818.003622228745371 ], [ 2009362.359372659353539, 815161.692847418831661 ], [ 2009341.962934824638069, 815110.359370972495526 ], [ 2009360.05636991164647, 814961.844521570135839 ], [ 2009436.785395269514993, 814629.881915069650859 ], [ 2009461.692578200949356, 814454.795870621688664 ], [ 2009457.299223715672269, 814317.194574207765982 ], [ 2009414.432289471151307, 814221.443329948931932 ], [ 2009215.988413088489324, 814000.783817873336375 ], [ 2009148.276667615398765, 813879.907783996430226 ], [ 2009121.092488508671522, 813770.32911940687336 ], [ 2009538.849738155258819, 813723.139153983676806 ], [ 2009568.708182440139353, 811976.215684574795887 ], [ 2010690.73849537409842, 811718.148556310334243 ], [ 2010828.065401126164943, 812405.832545808050781 ], [ 2010956.458520661806688, 813231.842095441068523 ], [ 2011437.25514541240409, 813155.945131294080056 ], [ 2011572.60520791891031, 813543.315914714476094 ], [ 2011191.145348639925942, 813818.003622228745371 ] ] ] } },
{ "type": "Feature", "properties": { "neighborhood_name": "Colony Woods", "label_tier": 3 }, "geometry": { "type": "Polygon", "coordinates": [ [ [ 1996212.603770880959928, 796109.955168989836238 ], [ 1996239.347851097816601, 794589.467176850885153 ], [ 1996017.902292763348669, 794557.463182243751362 ], [ 1996013.430365263018757, 794327.043432654812932 ], [ 1996898.913707901025191, 794389.546921510947868 ], [ 1997741.463311488740146, 794408.762791863409802 ], [ 1998188.486521430546418, 794301.711966929957271 ], [ 1999218.416751666460186, 793611.497851614723913 ], [ 1999363.186204553348944, 793561.624593980493955 ], [ 1999582.266589536331594, 793551.792316088103689 ], [ 1999611.598300469806418, 795237.536948045017198 ], [ 2000523.987613557372242, 795205.869879228062928 ], [ 2000621.080811491934583, 795552.776682480587624 ], [ 2000923.608064346248284, 796195.996901999111287 ], [ 2000018.057718417374417, 796201.442601170390844 ], [ 2000004.440378116909415, 796495.565837156376801 ], [ 1998759.951233776751906, 796515.248755043488927 ], [ 1998728.548722500214353, 795963.769081280217506 ], [ 1996212.603770880959928, 796109.955168989836238 ] ] ] } },
{ "type": "Feature", "properties": { "neighborhood_name": "Colvard Farms", "label_tier": 3 }, "geometry": { "type": "Polygon", "coordinates": [ [ [ 2014413.536720094271004, 774008.387837324873544 ], [ 2013266.218273574020714, 771894.43265533214435 ], [ 2012289.7563627876807, 771764.786652489681728 ], [ 2011869.613230270100757, 771095.209201509598643 ], [ 2010635.539219170575961, 770450.448927041958086 ], [ 2009162.148596575018018, 769346.292076114332303 ], [ 2007358.294681257102638, 769295.552938404376619 ], [ 2007546.183680584654212, 768003.022927549667656 ], [ 2007774.471087646437809, 767522.597729231929407 ], [ 2007790.730764013947919, 766546.345270518213511 ], [ 2008401.387376631144434, 765764.998981446959078 ], [ 2009468.408047014148906, 766016.485049246111885 ], [ 2009988.212685609003529, 766777.787330063176341 ], [ 2010650.302123750327155, 767319.292472993838601 ], [ 2011131.714479746297002, 767600.117357332375832 ], [ 2011832.568385060643777, 767436.589378459029831 ], [ 2012302.560196649283171, 768069.784342052065767 ], [ 2013333.377106453524902, 768182.710670927423052 ], [ 2014259.836210043169558, 769007.977926602354273 ], [ 2014525.451243000803515, 771148.089587671449408 ], [ 2015275.69996856036596, 771591.099553698091768 ], [ 2015696.067381347296759, 772237.065808571293019 ], [ 2014413.536720094271004, 774008.387837324873544 ] ] ] } },
{ "type": "Feature", "properties": { "neighborhood_name": "Copper Creek", "label_tier": 3 }, "geometry": { "type": "Polygon", "coordinates": [ [ [ 2026759.295385734178126, 788267.960607730201446 ], [ 2027250.38263792428188, 787478.508098043501377 ], [ 2027822.467804999789223, 786864.958026214735582 ], [ 2027955.636953458422795, 786955.358987353392877 ], [ 2027765.299892438575625, 787509.202843910083175 ], [ 2027939.138466509059072, 787801.304246066021733 ], [ 2027922.882123601157218, 788081.577223751111887 ], [ 2027660.654903822345659, 788261.878764873137698 ], [ 2027669.738999563036487, 788363.08239325042814 ], [ 2027125.188912011450157, 788372.40314054407645 ], [ 2026759.295385734178126, 788267.960607730201446 ] ] ] } },
{ "type": "Feature", "properties": { "neighborhood_name": "Country Club Heights", "label_tier": 3 }, "geometry": { "type": "Polygon", "coordinates": [ [ [ 2006227.258935177000239, 846358.372384849120863 ], [ 2006300.024061444913968, 844672.549109234241769 ], [ 2006924.567049832316115, 844388.016047733370215 ], [ 2007601.101119024446234, 844246.574714297195897 ], [ 2007801.634191337274387, 844778.479589224443771 ], [ 2007896.042210351210088, 845389.352646110928617 ], [ 2007977.219659348484129, 845735.206387956161052 ], [ 2008103.358035359764472, 845925.630513123702258 ], [ 2008358.041664995951578, 846139.38971974758897 ], [ 2008671.559275841107592, 846256.335540644009598 ], [ 2009072.852529428200796, 846347.829377948539332 ], [ 2008951.019516212400049, 846601.887571328436024 ], [ 2008605.836453198688105, 846653.47709490545094 ], [ 2008457.171137503348291, 846718.595933084259741 ], [ 2008366.972448482410982, 846947.547446412150748 ], [ 2008332.9504598909989, 847079.682127180392854 ], [ 2006791.012158878380433, 846809.899477082304657 ], [ 2006570.027278691763058, 846529.179007154540159 ], [ 2006227.258935177000239, 846358.372384849120863 ] ] ] } },
{ "type": "Feature", "properties": { "neighborhood_name": "Cranford Road", "label_tier": 3 }, "geometry": { "type": "Polygon", "coordinates": [ [ [ 2017988.679247028660029, 815158.79340893693734 ], [ 2018020.470304657006636, 814936.395972101599909 ], [ 2018255.292603323701769, 815055.939933376503177 ], [ 2018616.171180699020624, 815125.694520373246633 ], [ 2018956.992000370984897, 815101.159102249424905 ], [ 2019193.984473186312243, 815060.90668653009925 ], [ 2019327.064915475435555, 815581.544387894682586 ], [ 2019487.062469735275954, 815654.090377275133505 ], [ 2019581.898634440731257, 815843.08058964391239 ], [ 2019820.902498519513756, 815883.283293202752247 ], [ 2019841.167441415833309, 816101.345881275250576 ], [ 2019586.207413979573175, 816036.014868128811941 ], [ 2019525.123731882544234, 816251.110956827295013 ], [ 2019164.050355407875031, 816051.025251087965444 ], [ 2018791.700462608831003, 815897.895585092017427 ], [ 2018255.041208451380953, 815460.367376366280951 ], [ 2018311.395190708106384, 815227.06482291710563 ], [ 2017988.679247028660029, 815158.79340893693734 ] ] ] } },
{ "type": "Feature", "properties": { "neighborhood_name": "Crest Street", "label_tier": 3 }, "geometry": { "type": "Polygon", "coordinates": [ [ [ 2017548.401253720745444, 823198.698207298642956 ], [ 2017492.134333474794403, 822825.175697855302133 ], [ 2018555.146748344879597, 822745.014884891104884 ], [ 2018617.949891299940646, 823050.835023932042532 ], [ 2018820.621813199017197, 823852.182136784191243 ], [ 2018181.902223413111642, 824168.481126619386487 ], [ 2017486.761692746775225, 824397.0304596881615 ], [ 2017496.022110091987997, 823745.795746686169878 ], [ 2016810.191442373907194, 823718.821255927439779 ], [ 2016783.277634855825454, 823202.255128827178851 ], [ 2016952.738567556487396, 823215.093342039152049 ], [ 2017548.401253720745444, 823198.698207298642956 ] ] ] } },
{ "type": "Feature", "properties": { "neighborhood_name": "Croasdaile", "label_tier": 3 }, "geometry": { "type": "Polygon", "coordinates": [ [ [ 2014318.841223181691021, 833301.95387209567707 ], [ 2014190.576126971514896, 833200.691679132985882 ], [ 2014102.533594696549699, 833069.963062639464624 ], [ 2014062.105706641217694, 832909.043157641775906 ], [ 2013816.109523982740939, 832926.763712688814849 ], [ 2013730.603140605613589, 832425.456799263251014 ], [ 2013351.680238447617739, 832167.186119697755203 ], [ 2013997.339093958493322, 831085.596479562227614 ], [ 2014130.899791539646685, 830648.463525664526969 ], [ 2014137.539256876101717, 830369.257790891220793 ], [ 2013748.18184176296927, 828981.766129601164721 ], [ 2013998.359499440295622, 828945.845728633110411 ], [ 2015178.636607441585511, 828665.767793039558455 ], [ 2017212.843802279792726, 829540.55431414139457 ], [ 2017564.345402051694691, 830162.884762549074367 ], [ 2017794.412956864340231, 830611.504924535285681 ], [ 2018117.083077503135428, 830479.560390478232875 ], [ 2018168.457815675064921, 831076.961151887546293 ], [ 2018364.784739279653877, 831081.087635477539152 ], [ 2018238.184658838436007, 831637.971021427656524 ], [ 2018172.442426633089781, 831804.654980887076817 ], [ 2017976.195040315156803, 832161.281487903790548 ], [ 2017908.369822832290083, 832354.174879128928296 ], [ 2017558.646583859343082, 832274.969492071424611 ], [ 2017242.879160520620644, 832270.413950813002884 ], [ 2017062.502663838444278, 832306.347312980680726 ], [ 2015611.635849287034944, 832938.948729636380449 ], [ 2014815.387984479079023, 833018.986250245245174 ], [ 2014533.278655951144174, 833124.413418405805714 ], [ 2014318.841223181691021, 833301.95387209567707 ] ] ] } },
{ "type": "Feature", "properties": { "neighborhood_name": "Croasdaile Farm", "label_tier": 3 }, "geometry": { "type": "Polygon", "coordinates": [ [ [ 2015944.544725756393746, 839608.338166651083156 ], [ 2015472.207229623105377, 839241.820030873524956 ], [ 2014872.89688512403518, 839080.478292986867018 ], [ 2014803.256624134723097, 838821.527277169865556 ], [ 2014574.922968712868169, 838802.467830456560478 ], [ 2014039.19542723800987, 838290.683072046958841 ], [ 2013195.576553534716368, 838296.606750428210944 ], [ 2013151.387986788991839, 837822.946217019110918 ], [ 2013151.750265180831775, 837014.582092603202909 ], [ 2012882.573687536409125, 836076.606164275086485 ], [ 2012559.347971500363201, 835397.527816390269436 ], [ 2012530.928503667935729, 835100.672663498553447 ], [ 2012632.559030230157077, 834794.396396283758804 ], [ 2012651.733172917040065, 834462.817755406256765 ], [ 2013349.57614619564265, 834409.441034518764354 ], [ 2013650.951500580180436, 834314.839696925133467 ], [ 2014009.592352704610676, 833866.568732197047211 ], [ 2014163.595441651530564, 833529.518691405304708 ], [ 2014320.720172708854079, 833303.00126870512031 ], [ 2014534.127408388769254, 833124.672307056374848 ], [ 2014815.700795951997861, 833017.436443133628927 ], [ 2015214.607646015007049, 832978.163712175213732 ], [ 2015613.515986350132152, 832938.106812782236375 ], [ 2017064.310978565365076, 832307.277494381647557 ], [ 2017242.76540059549734, 832270.272698588785715 ], [ 2017559.184424975886941, 832273.618514407193288 ], [ 2017908.863141861045733, 832355.153903582366183 ], [ 2019053.862244366900995, 832571.422173887956887 ], [ 2019098.944279748247936, 833975.233924892032519 ], [ 2018250.337257254170254, 834149.964707857230678 ], [ 2016854.78680806257762, 833972.280311388429254 ], [ 2016905.175192851573229, 834602.331755010760389 ], [ 2016029.702338355593383, 834660.262980617582798 ], [ 2016149.865411125123501, 835329.81039351678919 ], [ 2016568.362327852053568, 835652.147324704797938 ], [ 2016742.884662837721407, 835521.194819118129089 ], [ 2016983.991732149152085, 835432.912709446274675 ], [ 2017123.312222093110904, 835841.93697606457863 ], [ 2017620.644228856312111, 836896.931687184143811 ], [ 2017863.058407101314515, 837252.320643949555233 ], [ 2018033.437365914694965, 837406.361900319927372 ], [ 2017756.489734357455745, 837781.164532190770842 ], [ 2017613.713400040520355, 837875.807381213991903 ], [ 2017445.595834592124447, 837919.913667570799589 ], [ 2017271.10599195305258, 838014.538901484338567 ], [ 2017337.413122992496938, 838513.476167164859362 ], [ 2017045.128475014818832, 839391.09268735430669 ], [ 2016658.115590027999133, 839577.160166630521417 ], [ 2016366.35316967475228, 839573.83854148525279 ], [ 2015944.544725756393746, 839608.338166651083156 ] ] ] } },
{ "type": "Feature", "properties": { "neighborhood_name": "Croasdaile Village", "label_tier": 3 }, "geometry": { "type": "Polygon", "coordinates": [ [ [ 2019106.856766642769799, 837655.707028263714164 ], [ 2018758.77026067301631, 837668.113043023040518 ], [ 2018324.323265990940854, 837577.845464721671306 ], [ 2018031.058192560449243, 837407.149857067270204 ], [ 2017864.642285334412009, 837255.479299224447459 ], [ 2017619.060304992599413, 836893.773006867850199 ], [ 2017124.106081762351096, 835840.3585184388794 ], [ 2016984.784681570483372, 835432.913168351748027 ], [ 2016905.96770993154496, 834603.121704946621321 ], [ 2016855.183302505873144, 833972.280539094703272 ], [ 2018250.337257254170254, 834149.964707857230678 ], [ 2019098.944022860610858, 833975.628679841407575 ], [ 2019126.934119229903445, 834831.068871482275426 ], [ 2018884.839258450083435, 835820.518019268289208 ], [ 2018846.818491739919409, 836375.08475347282365 ], [ 2019106.856766642769799, 837655.707028263714164 ] ] ] } },
{ "type": "Feature", "properties": { "neighborhood_name": "Crooked Creek", "label_tier": 3 }, "geometry": { "type": "Polygon", "coordinates": [ [ [ 2024293.164554190356284, 787363.436120135709643 ], [ 2023597.079612036468461, 787623.864795335335657 ], [ 2021602.174110433086753, 787597.214336724020541 ], [ 2021658.549934167880565, 787844.419150828034617 ], [ 2021909.270278701093048, 787961.088429600582458 ], [ 2022033.078383050626144, 788311.359505695989355 ], [ 2020476.214170437538996, 789060.096722093527205 ], [ 2019048.205471941502765, 785733.53529511031229 ], [ 2020640.975788020063192, 785923.167721377103589 ], [ 2021659.929047321667895, 785972.678192616906017 ], [ 2022705.87965124566108, 785953.810916084446944 ], [ 2024741.670047327177599, 785737.775764798978344 ], [ 2024614.56417228304781, 786522.111126678180881 ], [ 2024514.765861580846831, 787236.944379169959575 ], [ 2024300.094711265526712, 787218.929615243221633 ], [ 2024293.164554190356284, 787363.436120135709643 ] ] ] } },
{ "type": "Feature", "properties": { "neighborhood_name": "Cross Timbers", "label_tier": 3 }, "geometry": { "type": "Polygon", "coordinates": [ [ [ 2018454.870075140846893, 791678.914695980609395 ], [ 2018489.449572009034455, 790834.792418054188602 ], [ 2018776.453478064853698, 790678.085235547623597 ], [ 2018947.931763087166473, 790607.212968377280049 ], [ 2019361.085149770835415, 791331.138027263688855 ], [ 2018454.870075140846893, 791678.914695980609395 ] ] ] } },
{ "type": "Feature", "properties": { "neighborhood_name": "Crown Point", "label_tier": 3 }, "geometry": { "type": "Polygon", "coordinates": [ [ [ 2037997.111101551679894, 832940.099113379255868 ], [ 2037993.017866658512503, 832676.173167955246754 ], [ 2038480.385125830536708, 832586.529049245989881 ], [ 2038631.634487263392657, 832460.409892217605375 ], [ 2038929.676536411978304, 832227.461550639243796 ], [ 2039180.409209043020383, 831999.913521434296854 ], [ 2039250.389261898817495, 831848.571315133711323 ], [ 2039708.42744592577219, 831814.604739889618941 ], [ 2040252.146530298748985, 831827.722315656021237 ], [ 2040686.830760626588017, 832218.559893269441091 ], [ 2040806.099989868234843, 832560.548093529767357 ], [ 2040861.781107933958992, 832915.917372145573609 ], [ 2040805.341329766670242, 833106.225810562144034 ], [ 2040662.93995301076211, 833243.631011554389261 ], [ 2040015.474793609697372, 833228.543995750253089 ], [ 2039291.42792253009975, 833218.101014749729075 ], [ 2038910.530955567024648, 833064.701543870498426 ], [ 2038601.80321123637259, 832886.647937689325772 ], [ 2037997.111101551679894, 832940.099113379255868 ] ] ] } },
{ "type": "Feature", "properties": { "neighborhood_name": "Darby Glen", "label_tier": 3 }, "geometry": { "type": "Polygon", "coordinates": [ [ [ 2016725.439936759648845, 786065.191231623408385 ], [ 2016707.167660811450332, 786431.739127828855999 ], [ 2016316.303598299156874, 786390.022412416059524 ], [ 2016144.79588206554763, 786481.294299214030616 ], [ 2015742.84243028331548, 786134.174541442655027 ], [ 2016045.649785869056359, 785835.849969592643902 ], [ 2016524.588461003266275, 785671.94676257413812 ], [ 2016719.00725906342268, 785920.675554288318381 ], [ 2016725.439936759648845, 786065.191231623408385 ] ] ] } },
{ "type": "Feature", "properties": { "neighborhood_name": "Deer Forest", "label_tier": 3 }, "geometry": { "type": "Polygon", "coordinates": [ [ [ 2009856.943310967413709, 854359.856863946421072 ], [ 2010975.863438858650625, 854366.565993533120491 ], [ 2011096.105042869690806, 854918.882557117030956 ], [ 2011484.377445921301842, 854956.901683878153563 ], [ 2011926.447479964466766, 855206.385482724406756 ], [ 2012628.467514924006537, 855345.533191538765095 ], [ 2012946.887333746766672, 855639.15637807326857 ], [ 2013024.308125759009272, 856167.770715553313494 ], [ 2013590.063030819408596, 856191.694972898578271 ], [ 2013602.299215299542993, 857144.697988816886209 ], [ 2013695.660968603100628, 857438.207953209173866 ], [ 2013050.568259309511632, 857698.244533091434278 ], [ 2012126.675026461482048, 857735.714028858346865 ], [ 2011107.812035260722041, 857484.446588366758078 ], [ 2010373.097214832669124, 855818.009145313408226 ], [ 2009913.532675833906978, 855738.957323990296572 ], [ 2009685.442147880559787, 855372.815428481204435 ], [ 2009983.594813560834154, 854767.003640392445959 ], [ 2009856.943310967413709, 854359.856863946421072 ] ] ] } },
{ "type": "Feature", "properties": { "neighborhood_name": "Dixon Road Area", "label_tier": 3 }, "geometry": { "type": "Polygon", "coordinates": [ [ [ 2017763.263914093375206, 807310.028104393859394 ], [ 2017772.653146676486358, 806953.296064701280557 ], [ 2017591.867692047962919, 806917.149462429224513 ], [ 2017545.859890608116984, 804674.409727299236692 ], [ 2017448.786538302898407, 804681.26823726540897 ], [ 2017528.248256911989301, 803935.444717551930808 ], [ 2017830.711854120949283, 803931.622546324506402 ], [ 2018449.445403734920546, 804088.895861793658696 ], [ 2018925.918379139155149, 804096.115264216437936 ], [ 2018908.113844986306503, 803710.245938883745112 ], [ 2019249.079540668521076, 803667.149362930562347 ], [ 2019517.586263506207615, 803550.841155809583142 ], [ 2019763.555881455307826, 803943.779714318108745 ], [ 2019639.198162096785381, 804031.424390871776268 ], [ 2019677.615737004671246, 804114.80997225176543 ], [ 2019828.857681815512478, 804096.710814934107475 ], [ 2019878.423851743107662, 804323.162869211169891 ], [ 2019887.48261881666258, 804493.892997006536461 ], [ 2019686.52864831732586, 804505.042179971351288 ], [ 2019638.528983515221626, 805032.470958612044342 ], [ 2019739.905735479202121, 805667.021248449571431 ], [ 2019790.763042907463387, 807048.867027900298126 ], [ 2019725.188731353264302, 807311.279983400483616 ], [ 2019715.886124791111797, 807944.665556910913438 ], [ 2020000.196031065192074, 808032.22217821853701 ], [ 2019990.859349422156811, 808272.468026806367561 ], [ 2019437.945093454327434, 808067.88257155334577 ], [ 2019417.671532083535567, 807849.822134499554522 ], [ 2019112.944719162071124, 807755.341530757723376 ], [ 2019056.618046213872731, 807914.744978058501147 ], [ 2018399.797318133758381, 807754.886178844491951 ], [ 2017943.654988611117005, 807503.067378961481154 ], [ 2017970.959721438586712, 807371.309482195763849 ], [ 2017763.263914093375206, 807310.028104393859394 ] ] ] } },
{ "type": "Feature", "properties": { "neighborhood_name": "Downing Creek", "label_tier": 3 }, "geometry": { "type": "Polygon", "coordinates": [ [ [ 1999830.599780022166669, 783687.454794971272349 ], [ 1999803.342777897138149, 782070.891329127945937 ], [ 2000049.757022334495559, 781848.845473635825329 ], [ 2000031.690987455425784, 781382.186596768558957 ], [ 1999683.67935911170207, 781092.073644425254315 ], [ 1999186.362381173297763, 780003.335041696671396 ], [ 2000178.607005971483886, 779406.351581033668481 ], [ 2000960.25840820139274, 779817.331455090781674 ], [ 2001095.904956501442939, 780084.153960085357539 ], [ 2001337.894390624715015, 780045.215129766962491 ], [ 2001600.013154300861061, 780232.692308738012798 ], [ 2001661.014296746114269, 780476.945064700092189 ], [ 2001461.955381971783936, 780910.104168402263895 ], [ 2001509.333697292488068, 781121.231345816864632 ], [ 2001179.657239267602563, 781819.748413576860912 ], [ 2000915.176874083233997, 781750.213362887152471 ], [ 2000725.332655176986009, 781622.441086278879084 ], [ 2000650.695467425277457, 781671.216475527733564 ], [ 2001172.822766632540151, 782383.597526447381824 ], [ 2001088.991465371567756, 782813.852730433340184 ], [ 2000930.838113357312977, 782886.285071727354079 ], [ 2000752.548407945781946, 782886.279967478360049 ], [ 2000350.345956546021625, 784064.934026900446042 ], [ 1999830.599780022166669, 783687.454794971272349 ] ] ] } },
{ "type": "Feature", "properties": { "neighborhood_name": "Downtown", "label_tier": 1 }, "geometry": { "type": "Polygon", "coordinates": [ [ [ 2025734.235973780509084, 818599.834330859710462 ], [ 2025835.814747878583148, 818465.235166600788943 ], [ 2025906.048730110516772, 818319.688027371885255 ], [ 2025967.635994797572494, 818039.162290748325177 ], [ 2025972.016372018959373, 817796.161307013826445 ], [ 2026541.096045861020684, 817802.298478704760782 ], [ 2026547.296154008479789, 817636.119634288595989 ], [ 2026528.784025720087811, 817268.775682297069579 ], [ 2026982.335821561980993, 817267.510264303535223 ], [ 2026967.4448932048399, 816202.616808089311235 ], [ 2027525.601614756742492, 815831.839686840306967 ], [ 2027757.634733649669215, 816314.74065671232529 ], [ 2027807.578207950573415, 816362.186752760200761 ], [ 2028091.084659410407767, 816941.506369953975081 ], [ 2028080.715433783363551, 816998.373857560218312 ], [ 2027852.06918539153412, 817138.769223044859245 ], [ 2028060.409730185521767, 817489.707482439582236 ], [ 2028759.908042147988454, 816997.451252102269791 ], [ 2029167.209469932829961, 816733.214095626375638 ], [ 2028668.734268422471359, 815297.312411170685664 ], [ 2029184.721703543327749, 815079.777478313073516 ], [ 2030048.65854539629072, 814705.985764845390804 ], [ 2030410.127097500255331, 814469.016075364896096 ], [ 2030809.187517508165911, 814783.21820605522953 ], [ 2031307.707264196826145, 815035.284092601272278 ], [ 2031639.509365733480081, 815155.038675947231241 ], [ 2031865.028186817420647, 815344.209600275848061 ], [ 2032049.678566915681586, 815570.467861265758984 ], [ 2032101.629789595725015, 815676.090846299310215 ], [ 2031654.392613295465708, 815893.654302245704457 ], [ 2031586.642890402348712, 815897.949613354285248 ], [ 2031521.284050074173138, 815879.678306206595153 ], [ 2031469.561400235630572, 815835.212198519380763 ], [ 2031372.680306271184236, 815693.504149474785663 ], [ 2030855.184198273112997, 816056.6134626789717 ], [ 2031121.323392613325268, 816436.204968433594331 ], [ 2030396.265932929236442, 816999.315513414330781 ], [ 2030339.678819050779566, 817082.254025488975458 ], [ 2030366.817643807269633, 817156.178561636246741 ], [ 2030366.734452695585787, 817236.627364826505072 ], [ 2030219.748102294513956, 817490.563222531345673 ], [ 2030153.897660960210487, 817665.590242508100346 ], [ 2030133.607254092814401, 817836.295891050365753 ], [ 2030090.606595635646954, 817941.81829039787408 ], [ 2030027.210003239801154, 818033.123025847016834 ], [ 2029382.67462196177803, 817114.770910791470669 ], [ 2028429.462080959463492, 817816.395479647675529 ], [ 2026958.110982073703781, 817804.087202947353944 ], [ 2026962.092907718848437, 818299.88939526095055 ], [ 2027131.243064147885889, 818674.98846486385446 ], [ 2025864.057248472934589, 819648.334145759232342 ], [ 2025828.302668657153845, 819270.810860164812766 ], [ 2026192.189930268097669, 818873.98429907404352 ], [ 2025734.235973780509084, 818599.834330859710462 ] ] ] } },
{ "type": "Feature", "properties": { "neighborhood_name": "Duke East Campus", "label_tier": 2 }, "geometry": { "type": "Polygon", "coordinates": [ [ [ 2023779.056471655378118, 822522.722005988704041 ], [ 2023701.448536293813959, 820836.864930154639296 ], [ 2024204.798383674584329, 820560.61774129641708 ], [ 2023873.379371451446787, 820007.759082800708711 ], [ 2025237.466322728199884, 819079.913156615220942 ], [ 2025558.055715391412377, 818803.897172371973284 ], [ 2025734.23820692463778, 818597.286174450418912 ], [ 2026192.193826678441837, 818869.616029717028141 ], [ 2025828.303949433844537, 819269.354769733035937 ], [ 2025864.057248472934589, 819648.334145759232342 ], [ 2025740.033931898651645, 819746.875412866356783 ], [ 2025857.286644249223173, 819947.191146380035207 ], [ 2025895.041807091096416, 820402.617501246742904 ], [ 2025894.742924003396183, 820741.523027980700135 ], [ 2025939.705724494997412, 821071.732064799056388 ], [ 2025963.935566052095965, 821767.766876141657121 ], [ 2025893.53294397261925, 822113.527455153525807 ], [ 2025929.343275556340814, 822422.979525848058984 ], [ 2023779.056471655378118, 822522.722005988704041 ] ] ] } },
{ "type": "Feature", "properties": { "neighborhood_name": "Duke Forest", "label_tier": 3 }, "geometry": { "type": "Polygon", "coordinates": [ [ [ 2017245.153720824979246, 813290.556512807030231 ], [ 2017091.566525040194392, 813355.626396967330948 ], [ 2016951.580292311031371, 813436.357817759620957 ], [ 2016768.655092302476987, 813588.777415724820457 ], [ 2016463.728744524298236, 813941.340903188101947 ], [ 2016643.978035026462749, 814327.668558979756199 ], [ 2016427.315025298157707, 814513.561249689897522 ], [ 2016321.12959095556289, 814473.095723540638573 ], [ 2016309.855169118847698, 814531.332809168263339 ], [ 2016156.396287480602041, 814378.723224014625885 ], [ 2016016.495719040976837, 814316.035004935460165 ], [ 2015890.183197970502079, 814290.848952001426369 ], [ 2015777.285619707312435, 814075.651789970579557 ], [ 2015700.773829507641494, 813864.478769356734119 ], [ 2015504.465517943026498, 813606.283854444860481 ], [ 2015283.597940607694909, 813347.713513883529231 ], [ 2015378.357456096448004, 813183.953779390431009 ], [ 2015367.124409701442346, 813165.746879443526268 ], [ 2015245.24632640555501, 813136.561730453860946 ], [ 2015008.225344969891012, 813212.883939310675487 ], [ 2014425.810059175360948, 812954.501655154395849 ], [ 2014340.354857004946098, 812855.810305975028314 ], [ 2014159.621005134424195, 812779.278361677424982 ], [ 2013969.927069780882448, 812877.837012537871487 ], [ 2013827.955315632047132, 812790.404963057255372 ], [ 2013760.290452498942614, 812603.994835273479111 ], [ 2013568.418346494436264, 812294.488471853430383 ], [ 2013550.417373169446364, 812192.918572197435424 ], [ 2013568.492171772057191, 812134.68371636851225 ], [ 2013647.526220056926832, 812054.271919600432739 ], [ 2013656.722008454147726, 812002.949381022132002 ], [ 2013636.446985319722444, 811701.531499041477218 ], [ 2013855.933377123204991, 810554.608459397102706 ], [ 2013978.256458394462243, 809674.103953235666268 ], [ 2014206.375455122441053, 809703.334920622175559 ], [ 2014569.739872997859493, 809685.675975925172679 ], [ 2014795.481889137299731, 809733.111293270485476 ], [ 2014975.939175083767623, 809805.278522985987365 ], [ 2016359.779406934510916, 809882.460688433377072 ], [ 2016939.990788323571905, 809934.116276140441187 ], [ 2017077.723265982465819, 809687.027056231047027 ], [ 2018330.873128599487245, 809614.250523779774085 ], [ 2018691.799880432663485, 809713.127149551524781 ], [ 2018705.318189702928066, 809858.743400106555782 ], [ 2019178.35112582356669, 811365.724893202190287 ], [ 2018930.048073697369546, 811464.213163134292699 ], [ 2018683.794877156848088, 811598.742806478985585 ], [ 2018444.592509000562131, 811816.639512457302772 ], [ 2017674.046248167287558, 812963.193116266047582 ], [ 2017529.590638357913122, 813090.877689816989005 ], [ 2017245.153720824979246, 813290.556512807030231 ] ] ] } },
{ "type": "Feature", "properties": { "neighborhood_name": "Duke Homestead", "label_tier": 2 }, "geometry": { "type": "Polygon", "coordinates": [ [ [ 2024931.895465424982831, 833370.207343501504511 ], [ 2024827.889422194333747, 833643.868679026607424 ], [ 2024304.789738508872688, 833398.803612324409187 ], [ 2024354.553766940720379, 833285.267966100829653 ], [ 2024349.86950143519789, 833229.56772092031315 ], [ 2023734.391579475719482, 832769.29570726014208 ], [ 2023673.401684445561841, 832873.35854503675364 ], [ 2023109.790244561154395, 832606.44066544319503 ], [ 2021943.832401461200789, 832430.448229826521128 ], [ 2021476.711951768724248, 832392.607809945824556 ], [ 2020849.639968799194321, 832349.200345742632635 ], [ 2020872.542267728364095, 832157.737871199147776 ], [ 2021197.16640665428713, 832181.632340725627728 ], [ 2021258.581611941568553, 831480.195037803961895 ], [ 2021172.840441781561822, 831474.672646734048612 ], [ 2021166.466895361663774, 831292.654201905592345 ], [ 2021301.728393716271967, 831102.365609052474611 ], [ 2021326.684250992257148, 830938.571333546773531 ], [ 2021164.503884235396981, 830734.59855862671975 ], [ 2021214.344979334622622, 830503.841175982379355 ], [ 2021469.460904862266034, 830179.314337952528149 ], [ 2021618.221741242799908, 830137.560394420172088 ], [ 2021771.787971098674461, 829996.067328693228774 ], [ 2021932.076565325492993, 829961.604078475036658 ], [ 2022875.035792697686702, 829949.582838525180705 ], [ 2024934.829170123673975, 829916.677744247717783 ], [ 2025530.119393107714131, 832557.118191134184599 ], [ 2025288.629654048010707, 832823.377817955450155 ], [ 2025103.60722739296034, 833098.424433028325438 ], [ 2024931.895465424982831, 833370.207343501504511 ] ] ] } },
{ "type": "Feature", "properties": { "neighborhood_name": "Duke Manor Apartments", "label_tier": 3 }, "geometry": { "type": "Polygon", "coordinates": [ [ [ 2015981.542773720808327, 824721.246739406138659 ], [ 2015555.289839557139203, 824333.33128697948996 ], [ 2015435.879761997144669, 824198.579090649494901 ], [ 2015354.627249753568321, 824050.01439326419495 ], [ 2015332.234455746598542, 823889.103787082014605 ], [ 2015346.090082962065935, 823408.598633024841547 ], [ 2016494.540049356641248, 823343.696984769077972 ], [ 2016458.823042158968747, 822692.437474856385961 ], [ 2016937.098692643921822, 822641.382076369598508 ], [ 2016973.070101294899359, 822834.335668785730377 ], [ 2016952.739408327732235, 823213.637245013960637 ], [ 2016783.277634855825454, 823202.255128827178851 ], [ 2016810.191442373907194, 823718.821255927439779 ], [ 2017500.756725228857249, 823741.430273457313888 ], [ 2017486.789879741379991, 824349.707246759789996 ], [ 2017391.837742805480957, 824380.228930782293901 ], [ 2016705.899173689307645, 824568.75951047160197 ], [ 2015981.542773720808327, 824721.246739406138659 ] ] ] } },
{ "type": "Feature", "properties": { "neighborhood_name": "Duke Park", "label_tier": 1 }, "geometry": { "type": "Polygon", "coordinates": [ [ [ 2029740.461065599927679, 824858.277409089845605 ], [ 2029657.11437789699994, 824806.865549794863909 ], [ 2029593.887662032153457, 824745.645526884240098 ], [ 2029506.269282541470602, 824530.054497330216691 ], [ 2029298.955727260559797, 824231.346404747688212 ], [ 2029217.803868380840868, 824052.165297478088178 ], [ 2029190.60486001521349, 824042.309571500518359 ], [ 2029096.18962543993257, 823816.156462818034925 ], [ 2029051.106290143448859, 823647.93240749661345 ], [ 2029015.271736159222201, 823397.812061235308647 ], [ 2028828.832094474462792, 822610.607636542757973 ], [ 2028720.746241945540532, 822443.778616526862606 ], [ 2028707.219765284797177, 822363.316047621774487 ], [ 2028612.791835905285552, 822140.80514607205987 ], [ 2028595.185414318926632, 821693.766558969975449 ], [ 2028978.805194455897436, 821689.774388960562646 ], [ 2029080.151674842461944, 821793.985427145380527 ], [ 2029201.909500633599237, 821894.212857662001625 ], [ 2029423.032255576457828, 822006.917028122814372 ], [ 2029594.533057717140764, 822051.500323558575474 ], [ 2030672.780252700671554, 822169.458675986970775 ], [ 2030905.276158255292103, 822147.497011785279028 ], [ 2031322.999851511791348, 822053.293420737376437 ], [ 2031984.124043029733002, 821977.561118314042687 ], [ 2032907.215950864367187, 821716.119889855384827 ], [ 2033114.892457745969296, 821676.31074874533806 ], [ 2033324.890256814891472, 821676.548344057169743 ], [ 2033460.320437360089272, 821705.824284169822931 ], [ 2034299.454730232479051, 821933.215489882975817 ], [ 2034479.883628166047856, 821925.054267539526336 ], [ 2034667.190963977947831, 821852.834044447401538 ], [ 2034970.118957336992025, 821554.693626347230747 ], [ 2035028.716709483182058, 821525.641563843935728 ], [ 2035250.02488724142313, 821467.66260020644404 ], [ 2035423.64885075436905, 821463.867295607808046 ], [ 2035599.553425657562912, 821530.696418096893467 ], [ 2035728.122108889510855, 821606.93358421663288 ], [ 2035924.32425225363113, 821762.975247492198832 ], [ 2036534.564713082974777, 822899.483865738729946 ], [ 2036680.477992163971066, 823289.900110790040344 ], [ 2036766.046906430739909, 823449.813965391134843 ], [ 2036819.945218861103058, 823628.981675086659379 ], [ 2036833.331961074611172, 823802.638294385629706 ], [ 2033209.15041091083549, 824112.104581132647581 ], [ 2032787.362725069047883, 824158.589720339165069 ], [ 2032500.707352855941281, 824227.799749157275073 ], [ 2032229.692660964094102, 824329.063944031950086 ], [ 2031983.801804547430947, 824445.283035301254131 ], [ 2030292.744053491391242, 825298.948608473292552 ], [ 2030019.959640083368868, 825123.572233156417497 ], [ 2029895.853227245621383, 825022.246572220465168 ], [ 2029830.581346727209166, 824937.36230397131294 ], [ 2029740.461065599927679, 824858.277409089845605 ] ] ] } },
{ "type": "Feature", "properties": { "neighborhood_name": "Duke West Campus", "label_tier": 2 }, "geometry": { "type": "Polygon", "coordinates": [ [ [ 2024284.461213764036074, 819727.798393503413536 ], [ 2022694.933924491750076, 820804.035645719617605 ], [ 2022455.549914031289518, 820931.623838624334894 ], [ 2022028.922087078448385, 821083.826524160685949 ], [ 2021168.913381105288863, 821337.646397968987003 ], [ 2020694.914603573735803, 821574.651940743322484 ], [ 2020446.634664030047134, 821756.489888102398254 ], [ 2020073.97830990026705, 822167.215727402246557 ], [ 2019315.131012981757522, 823378.907359641627409 ], [ 2019114.164706395473331, 823607.747248888132162 ], [ 2018820.62461348879151, 823847.81384284386877 ], [ 2018615.879587383009493, 823050.833711165119894 ], [ 2018555.146748344879597, 822745.014884891104884 ], [ 2017492.134333474794403, 822825.175697855302133 ], [ 2017548.400383407948539, 823200.154304274008609 ], [ 2016952.73793697822839, 823216.185414805775508 ], [ 2016970.997257110429928, 822838.702761276159436 ], [ 2016937.096172707853839, 822645.750364719191566 ], [ 2016964.613551784772426, 822113.92712152202148 ], [ 2016513.272278677439317, 822114.761878708261065 ], [ 2016458.823858419200405, 822690.981378653435968 ], [ 2016147.396989244967699, 822672.971266355249099 ], [ 2016100.389744105516002, 822099.24356124876067 ], [ 2016181.514041639398783, 821946.76214559446089 ], [ 2015890.641432328149676, 821643.735473869484849 ], [ 2015423.900646100752056, 821104.73159881005995 ], [ 2015297.651529473718256, 821012.931626753881574 ], [ 2014893.403533159988001, 821436.447233674116433 ], [ 2014390.670424345415086, 820664.102686181198806 ], [ 2014489.976648002164438, 820219.679124858230352 ], [ 2014366.129134509479627, 820041.974979408783838 ], [ 2013659.596165073569864, 820452.619968296261504 ], [ 2013442.881911701988429, 820244.298671564087272 ], [ 2013271.376886207610369, 820131.737499787821434 ], [ 2013233.283019231865183, 819992.663481913506985 ], [ 2013278.290610997704789, 819887.117114796303213 ], [ 2012405.281112496741116, 819504.875231416197494 ], [ 2012353.675849694292992, 818424.798232799163088 ], [ 2014089.37834739824757, 817969.823734326870181 ], [ 2014985.561978976009414, 817620.44205005269032 ], [ 2015362.559908394468948, 817366.549431811436079 ], [ 2016527.765660443808883, 816332.632014716626145 ], [ 2016785.231321586761624, 816162.051907646586187 ], [ 2017559.621742278337479, 815809.767882686224766 ], [ 2017956.221590977860615, 816472.162965610274114 ], [ 2018376.163841457804665, 816676.638949897722341 ], [ 2018488.812401921954006, 816771.355329463025555 ], [ 2019029.941357995383441, 817572.913427640218288 ], [ 2019183.387629433302209, 817696.416787709924392 ], [ 2019869.133191084256396, 818053.978629642748274 ], [ 2020460.281236324924976, 818301.555781839881092 ], [ 2020753.699753710534424, 818330.883488789433613 ], [ 2020859.602946049999446, 818324.04210081032943 ], [ 2021859.612158905947581, 818073.230002310359851 ], [ 2022392.503930937265977, 817887.616110380040482 ], [ 2022667.112879869760945, 818911.094085548771545 ], [ 2023174.799749105703086, 818790.998862452921458 ], [ 2023344.003487996291369, 818783.852435495122336 ], [ 2023504.303857992403209, 818813.466146029066294 ], [ 2023610.458439459558576, 818860.510236244881526 ], [ 2023829.199421315221116, 819046.702553587616421 ], [ 2024092.782160066766664, 819374.902223467011936 ], [ 2024284.461213764036074, 819727.798393503413536 ] ] ] } },
{ "type": "Feature", "properties": { "neighborhood_name": "Eagle's Pointe", "label_tier": 3 }, "geometry": { "type": "Polygon", "coordinates": [ [ [ 2012048.12403622129932, 782298.316635816241615 ], [ 2010947.631084114778787, 782114.789881863980554 ], [ 2010909.514289805432782, 781874.530019679339603 ], [ 2011372.962786902207881, 781267.903510645614006 ], [ 2012190.986805704887956, 781319.556494120508432 ], [ 2013905.702943274751306, 781647.925089922267944 ], [ 2014201.724747293163091, 781964.754047792521305 ], [ 2014199.146876126062125, 782396.46713457768783 ], [ 2012048.12403622129932, 782298.316635816241615 ] ] ] } },
{ "type": "Feature", "properties": { "neighborhood_name": "Eastway Village", "label_tier": 2 }, "geometry": { "type": "Polygon", "coordinates": [ [ [ 2034397.668041814351454, 815099.896289572119713 ], [ 2034790.434106127591804, 814940.553587934700772 ], [ 2034770.862130903638899, 816229.166690760757774 ], [ 2034416.741690784692764, 816242.58236778259743 ], [ 2034397.668041814351454, 815099.896289572119713 ] ] ] } },
{ "type": "Feature", "properties": { "neighborhood_name": "Eastwood Park", "label_tier": 3 }, "geometry": { "type": "Polygon", "coordinates": [ [ [ 2002288.841228138655424, 785419.136774471146055 ], [ 2003876.9099950583186, 786274.726845003431663 ], [ 2003729.992411208571866, 786574.288251918624155 ], [ 2003815.840023233089596, 786795.253535236930475 ], [ 2003558.195586756803095, 786939.733344291569665 ], [ 2002934.882353681605309, 786714.70609442004934 ], [ 2001956.525942822219804, 786167.517322175554 ], [ 2002288.841228138655424, 785419.136774471146055 ] ] ] } },
{ "type": "Feature", "properties": { "neighborhood_name": "Edgemont", "label_tier": 2 }, "geometry": { "type": "Polygon", "coordinates": [ [ [ 2030610.8371922604274, 814630.485931757255457 ], [ 2030802.887147821253166, 814302.703762220451608 ], [ 2031067.404781755525619, 813993.564593216753565 ], [ 2031401.706251595169306, 813724.544718082761392 ], [ 2032668.680526824202389, 813070.325484783970751 ], [ 2033648.896888675400987, 812521.761287027271464 ], [ 2034060.062729120953009, 812340.22507345257327 ], [ 2034367.358207082841545, 812180.77815368946176 ], [ 2034515.862843834795058, 812450.327295084600337 ], [ 2034727.248747910605744, 813083.972050011274405 ], [ 2034724.023850477999076, 814059.907894665026106 ], [ 2033696.296914469916373, 814530.846027720253915 ], [ 2033335.17525949049741, 814700.067765031591989 ], [ 2033418.389328060206026, 814887.633265257347375 ], [ 2033231.031617766944692, 814967.869366203784011 ], [ 2033143.076963307801634, 814785.759349589701742 ], [ 2032860.698459471110255, 814916.125655688345432 ], [ 2032714.172444924945012, 814727.035055635496974 ], [ 2031867.102194186765701, 815341.299679403891787 ], [ 2031639.509365733480081, 815155.038675947231241 ], [ 2031307.707264196826145, 815035.284092601272278 ], [ 2030802.383174808463082, 814783.211068632663228 ], [ 2030610.8371922604274, 814630.485931757255457 ] ] ] } },
{ "type": "Feature", "properties": { "neighborhood_name": "Elm Grove", "label_tier": 3 }, "geometry": { "type": "Polygon", "coordinates": [ [ [ 2020115.97923661232926, 798606.85714975267183 ], [ 2020309.500293248565868, 798324.006690698093735 ], [ 2020509.469183656852692, 798477.49456003762316 ], [ 2020654.742485818685964, 798504.86705595406238 ], [ 2021184.761500168358907, 798423.036866899812594 ], [ 2021205.21736793150194, 798681.925514406757429 ], [ 2021284.431823663180694, 798930.183419791283086 ], [ 2021457.310089677106589, 799203.801713911932893 ], [ 2021715.968317057704553, 799423.732487210305408 ], [ 2021831.831649964908138, 799490.214510506484658 ], [ 2021739.477210242534056, 799841.094727945979685 ], [ 2021415.492354668444023, 799935.707093622186221 ], [ 2021148.758430290268734, 799908.63968214392662 ], [ 2020929.827521823812276, 799644.481974094873294 ], [ 2020904.532415713416412, 799489.540162083925679 ], [ 2020558.462675133021548, 799375.473906718892977 ], [ 2020364.935942278942093, 799100.2672976446338 ], [ 2020406.332343101967126, 798939.045818696031347 ], [ 2020115.97923661232926, 798606.85714975267183 ] ] ] } },
{ "type": "Feature", "properties": { "neighborhood_name": "Emorywood Estates", "label_tier": 3 }, "geometry": { "type": "Polygon", "coordinates": [ [ [ 2030008.199543349444866, 801311.518041160074063 ], [ 2029882.485916603822261, 798325.735564326285385 ], [ 2030481.588947221403942, 797769.772383747971617 ], [ 2031459.182566904230043, 797897.115805844310671 ], [ 2031547.774120329180732, 797543.02454689797014 ], [ 2031916.016350336372852, 797543.422193891601637 ], [ 2031900.517209195066243, 801185.742042053607292 ], [ 2031315.139433326665312, 801677.990025512175635 ], [ 2030008.199543349444866, 801311.518041160074063 ] ] ] } },
{ "type": "Feature", "properties": { "neighborhood_name": "Eno Commons", "label_tier": 3 }, "geometry": { "type": "Polygon", "coordinates": [ [ [ 2015103.923948703799397, 846276.779701640945859 ], [ 2014774.782557383412495, 846133.546825040248223 ], [ 2014707.601924727438018, 845736.352366101462394 ], [ 2014770.550922965398058, 845733.835756879881956 ], [ 2014757.007668028818443, 845632.263584854081273 ], [ 2015634.107235657982528, 845696.78778905980289 ], [ 2015627.060877689393237, 846164.567268135724589 ], [ 2015103.923948703799397, 846276.779701640945859 ] ] ] } },
{ "type": "Feature", "properties": { "neighborhood_name": "Eno Trace", "label_tier": 3 }, "geometry": { "type": "Polygon", "coordinates": [ [ [ 2031195.388954269932583, 848601.824207784491591 ], [ 2031401.124721420463175, 847986.824928089976311 ], [ 2031651.622586883604527, 847798.160170450108126 ], [ 2031394.717661509988829, 847622.783489563618787 ], [ 2031138.174342604586855, 847382.247320847352967 ], [ 2030811.61655460507609, 846834.758989458438009 ], [ 2030738.081534776370972, 846223.832732140552253 ], [ 2030742.919146333821118, 845837.597907974035479 ], [ 2030788.075524025131017, 845612.672434781678021 ], [ 2030901.040999156422913, 845543.624811780056916 ], [ 2031309.216871589189395, 845499.645479902275838 ], [ 2031953.962457447545603, 845596.081491455552168 ], [ 2033156.758005614159629, 846655.662771722185425 ], [ 2033387.823105585994199, 847722.181446917587891 ], [ 2033238.798210780369118, 847799.915614757686853 ], [ 2032794.756124760722741, 847703.674750905483961 ], [ 2032545.987316884798929, 848457.31358739209827 ], [ 2032773.50275598699227, 848740.786070538801141 ], [ 2032667.001084224320948, 849115.623396911192685 ], [ 2031195.388954269932583, 848601.824207784491591 ] ] ] } },
{ "type": "Feature", "properties": { "neighborhood_name": "Everwood", "label_tier": 3 }, "geometry": { "type": "Polygon", "coordinates": [ [ [ 2007827.183704682858661, 798789.53501951508224 ], [ 2007592.544897800311446, 798437.835179090965539 ], [ 2007983.441359312972054, 797815.837837693979964 ], [ 2008577.224138773744926, 797874.611490640905686 ], [ 2008800.797076863236725, 798581.230009086662903 ], [ 2008751.017419576179236, 798752.302098844083957 ], [ 2008120.754106197506189, 799020.036110768443905 ], [ 2007827.183704682858661, 798789.53501951508224 ] ] ] } },
{ "type": "Feature", "properties": { "neighborhood_name": "Fairfield", "label_tier": 3 }, "geometry": { "type": "Polygon", "coordinates": [ [ [ 2020235.907552795717493, 777258.390769233345054 ], [ 2020220.094194236909971, 776993.018843237776309 ], [ 2020258.841246695024893, 776647.239037595340051 ], [ 2020392.536346285138279, 776079.481070509995334 ], [ 2020352.811770548345521, 774838.191973544890061 ], [ 2020301.469482174143195, 773684.257787371287122 ], [ 2020721.860452029854059, 773677.270877489820123 ], [ 2021863.424033509800211, 773553.243433224502951 ], [ 2022236.412662565009668, 773550.97504452127032 ], [ 2022203.760392237920314, 774812.958783254260197 ], [ 2022646.943099945317954, 774810.384685824275948 ], [ 2022584.596688596531749, 779229.016594609594904 ], [ 2021188.022688604425639, 779221.060925759724341 ], [ 2021192.885182345053181, 778639.016304213088006 ], [ 2021398.837518969783559, 778515.766935444436967 ], [ 2021274.528305435320362, 778380.993991475785151 ], [ 2021231.657303267624229, 778271.396788024227135 ], [ 2021046.485123076243326, 778329.504844267619774 ], [ 2021010.205486375605687, 778113.986562295816839 ], [ 2020849.98896861448884, 778066.915582886897027 ], [ 2020676.456604254199192, 777157.139297434128821 ], [ 2020235.907552795717493, 777258.390769233345054 ] ] ] } },
{ "type": "Feature", "properties": { "neighborhood_name": "Falconbridge", "label_tier": 3 }, "geometry": { "type": "Polygon", "coordinates": [ [ [ 2002526.087362093152478, 784947.035533786634915 ], [ 2002991.378727443749085, 784426.181478069163859 ], [ 2002460.408554383553565, 784174.965728260925971 ], [ 2002824.463844869518653, 783261.335276468307711 ], [ 2003739.730222798651084, 782187.975292377523147 ], [ 2003739.766800823388621, 781900.408484429470263 ], [ 2003972.297461877809837, 781637.988835762487724 ], [ 2004295.401915695751086, 781790.917836403707042 ], [ 2004394.950436180224642, 781561.60719940229319 ], [ 2004648.162830735323951, 781674.124757443671115 ], [ 2004566.676449838327244, 781921.273783313692547 ], [ 2005653.487005673116073, 782653.484205108252354 ], [ 2005043.082487248582765, 784433.378018275485374 ], [ 2004966.039269071770832, 784700.183900556294248 ], [ 2004841.912414109800011, 784958.24603104183916 ], [ 2004798.94332512258552, 785133.327661358285695 ], [ 2004850.573942661518231, 786307.996305165230297 ], [ 2004828.040427560219541, 786477.257346017868258 ], [ 2004699.178021198371425, 786774.6328804314835 ], [ 2003876.909851038595662, 786275.81887550232932 ], [ 2002288.840916385641322, 785423.140882859472185 ], [ 2002526.087362093152478, 784947.035533786634915 ] ] ] } },
{ "type": "Feature", "properties": { "neighborhood_name": "Fieldstone by the Eno", "label_tier": 3 }, "geometry": { "type": "Polygon", "coordinates": [ [ [ 2014316.051127221435308, 843867.212412314605899 ], [ 2014311.991170061286539, 843102.013871124363504 ], [ 2012449.476247145561501, 842919.148248137789778 ], [ 2012463.47069506207481, 841980.315205821767449 ], [ 2013063.557042510947213, 841125.101498480187729 ], [ 2014297.358117026276886, 840378.684146849205717 ], [ 2014522.747163896914572, 840663.467381099704653 ], [ 2014728.087569436989725, 840838.668875807896256 ], [ 2015194.672389395069331, 841097.005173585843295 ], [ 2015564.752418643096462, 840504.191821404616348 ], [ 2015765.482248765882105, 840448.966215902240947 ], [ 2015979.781105100177228, 840446.169888456934132 ], [ 2016351.631566826952621, 840962.935417835018598 ], [ 2016065.097807761048898, 841180.832082459237427 ], [ 2015816.980807416141033, 841420.958218551473692 ], [ 2016116.651083844015375, 841494.655711348634213 ], [ 2016186.196754244156182, 842409.870422054547817 ], [ 2016090.809235435910523, 843343.196964692091569 ], [ 2015752.696273662149906, 843343.013480687746778 ], [ 2015759.241170518100262, 843813.711230792454444 ], [ 2014316.051127221435308, 843867.212412314605899 ] ] ] } },
{ "type": "Feature", "properties": { "neighborhood_name": "Five Oaks", "label_tier": 3 }, "geometry": { "type": "Polygon", "coordinates": [ [ [ 2002407.415220276452601, 798421.664276155410334 ], [ 2001962.528413716470823, 798273.113211431540549 ], [ 2002857.018513896036893, 795680.677785203093663 ], [ 2003697.157685627462342, 795709.892565916408785 ], [ 2003771.7000996991992, 796161.279101023450494 ], [ 2004647.842084104660898, 796810.077503381646238 ], [ 2004561.938164716819301, 797180.630456883693114 ], [ 2004553.021462679840624, 797413.962223435635678 ], [ 2004600.348170632263646, 797642.934627397567965 ], [ 2004704.21335600479506, 797865.36389797530137 ], [ 2005004.592338336398825, 798291.674580980674364 ], [ 2004401.611067672260106, 798390.226046878146008 ], [ 2004324.697745687328279, 798062.237450505024754 ], [ 2004067.490697399480268, 797880.557472962653264 ], [ 2003627.017410919303074, 797949.662559775984846 ], [ 2003103.085446081822738, 797885.900022794608958 ], [ 2003087.025427549146116, 798603.735179294249974 ], [ 2002479.616953420685604, 798702.325650859042071 ], [ 2002407.415220276452601, 798421.664276155410334 ] ] ] } },
{ "type": "Feature", "properties": { "neighborhood_name": "Five Oaks 4100", "label_tier": 3 }, "geometry": { "type": "Polygon", "coordinates": [ [ [ 2003084.95309401745908, 798606.647079778718762 ], [ 2003100.717202821513638, 797887.35583077557385 ], [ 2003624.649146827869117, 797951.118325631599873 ], [ 2004067.490697399480268, 797880.557472962653264 ], [ 2004324.697531393030658, 798063.69350871804636 ], [ 2004399.243018693989143, 798390.225692255073227 ], [ 2003084.95309401745908, 798606.647079778718762 ] ] ] } },
{ "type": "Feature", "properties": { "neighborhood_name": "Folkestone", "label_tier": 3 }, "geometry": { "type": "Polygon", "coordinates": [ [ [ 2018819.980560915311798, 789286.496695093694143 ], [ 2018295.854547687573358, 789338.947430880391039 ], [ 2018258.256490807048976, 788375.386438637156971 ], [ 2018434.708394029643387, 787947.783725073677488 ], [ 2019498.672311163507402, 787894.232614860520698 ], [ 2019669.792629869654775, 788827.670865562744439 ], [ 2018818.171911416342482, 788874.070763290394098 ], [ 2018819.980560915311798, 789286.496695093694143 ] ] ] } },
{ "type": "Feature", "properties": { "neighborhood_name": "Forest Acres", "label_tier": 3 }, "geometry": { "type": "Polygon", "coordinates": [ [ [ 2009713.431070497492328, 837546.793103128555231 ], [ 2009179.643954910337925, 836824.593995676608756 ], [ 2009001.389425355242565, 836656.586216833908111 ], [ 2009249.493106352631003, 836278.815960442996584 ], [ 2009114.437870540190488, 836151.178806403651834 ], [ 2009267.633465937338769, 835958.106469635618851 ], [ 2009323.983359253266826, 836108.022108062170446 ], [ 2009515.402368026319891, 836030.223633497487754 ], [ 2009466.485307840630412, 835885.835843597189523 ], [ 2009563.436446116771549, 835841.16412537440192 ], [ 2009477.766717856982723, 835634.494396490161307 ], [ 2009646.807277953252196, 835499.550525742815807 ], [ 2009694.044468669453636, 835627.657214624574408 ], [ 2009814.487416836898774, 835584.177905421238393 ], [ 2010062.845615102909505, 836255.498798884567805 ], [ 2010297.472285681869835, 836482.940685148001648 ], [ 2010601.931152634788305, 836546.204480703687295 ], [ 2010605.052526294952258, 836959.672684151679277 ], [ 2009713.431070497492328, 837546.793103128555231 ] ] ] } },
{ "type": "Feature", "properties": { "neighborhood_name": "Forest Hills", "label_tier": 1 }, "geometry": { "type": "Polygon", "coordinates": [ [ [ 2023589.260854273568839, 813963.969089403748512 ], [ 2023573.165578931570053, 811885.467500549159013 ], [ 2023423.189609674271196, 810363.381262735580094 ], [ 2023149.959806880448014, 810149.485298002138734 ], [ 2023186.39450597949326, 810098.187317587900907 ], [ 2023141.579895056318492, 809518.997493633884005 ], [ 2023389.86714879469946, 809478.788040038081817 ], [ 2023464.466855992097408, 809435.893292802851647 ], [ 2023577.229676062008366, 809402.493838461930864 ], [ 2023895.594834765885025, 809424.956265250802971 ], [ 2024213.944505410268903, 809465.623082464793697 ], [ 2024417.190475029870868, 809506.197444943827577 ], [ 2024502.668051367392763, 809549.22287354094442 ], [ 2024579.724697201512754, 809400.767483619041741 ], [ 2024530.036493931896985, 809374.152558972709812 ], [ 2024708.752359843347222, 809028.484356678207405 ], [ 2024779.115131183294579, 808399.519225608208217 ], [ 2024833.262106903828681, 808403.933175145299174 ], [ 2024847.00430214125663, 808249.600908406195231 ], [ 2024905.605577332433313, 808235.817829854669981 ], [ 2025045.849948982475325, 808254.138000652659684 ], [ 2025176.37304400629364, 808566.577570809517056 ], [ 2025521.217195138335228, 809113.995424748398364 ], [ 2025674.699535012245178, 809215.69046050903853 ], [ 2025974.951689226785675, 809310.235351242125034 ], [ 2026175.773675638716668, 809413.066986189223826 ], [ 2026723.942215193063021, 809876.228910045116208 ], [ 2027014.961787758395076, 810025.014980005798861 ], [ 2027004.714229176752269, 811194.236221137456596 ], [ 2027112.254518787842244, 812333.055359159829095 ], [ 2027091.557546882657334, 812617.565163453691639 ], [ 2026939.91327451611869, 813021.647564802202396 ], [ 2026705.234451999189332, 812878.283223444130272 ], [ 2026606.137780932011083, 812859.992266142042354 ], [ 2026533.907730974955484, 812904.337409712607041 ], [ 2026434.411320955259725, 813001.441140546929091 ], [ 2026353.026269729947671, 813027.941494731232524 ], [ 2026016.496863628039137, 813038.887893013656139 ], [ 2025999.428797730943188, 813046.378429956035689 ], [ 2025968.871019637910649, 813053.066975946188904 ], [ 2025952.604556669481099, 813051.472461055847816 ], [ 2025920.474678057944402, 813041.173197361524217 ], [ 2025892.319863929180428, 813022.581745203933679 ], [ 2025867.948734964476898, 813212.966306438087486 ], [ 2025813.097279448993504, 813322.736739070620388 ], [ 2025719.321764592081308, 813479.08614857995417 ], [ 2025317.776267049368471, 813493.748331003007479 ], [ 2025109.086825219914317, 813479.34815276262816 ], [ 2025098.019088285742328, 813430.355126401060261 ], [ 2024602.846357871312648, 813431.51626236049924 ], [ 2024611.474044742062688, 813552.40213675936684 ], [ 2024408.32239321898669, 813558.553037390112877 ], [ 2024411.420379849849269, 813650.201818482484668 ], [ 2024157.481728338869289, 813657.89236724935472 ], [ 2024087.637283305171877, 813673.833550270064734 ], [ 2024110.845137363066897, 813946.623314672033302 ], [ 2023589.260854273568839, 813963.969089403748512 ] ] ] } },
{ "type": "Feature", "properties": { "neighborhood_name": "Forest Oaks", "label_tier": 3 }, "geometry": { "type": "Polygon", "coordinates": [ [ [ 2010992.075685750693083, 826358.888494411366992 ], [ 2010996.917047031689435, 826065.849745704443194 ], [ 2011114.15654445043765, 825718.613651267252862 ], [ 2012479.265357699012384, 825683.123687960789539 ], [ 2012515.155077671166509, 826127.614012194797397 ], [ 2011984.875772162340581, 826228.591835654806346 ], [ 2011660.113729787059128, 826367.518819649354555 ], [ 2010992.075685750693083, 826358.888494411366992 ] ] ] } },
{ "type": "Feature", "properties": { "neighborhood_name": "Fortune's Ridge", "label_tier": 3 }, "geometry": { "type": "Polygon", "coordinates": [ [ [ 2021437.483590679010376, 791554.52959534234833 ], [ 2021631.280457179062068, 791516.720783604308963 ], [ 2022101.066519496031106, 791972.47671251941938 ], [ 2022131.774093420710415, 793376.625610638060607 ], [ 2022716.12343122670427, 793503.566019707475789 ], [ 2022782.470885843038559, 793962.15562239207793 ], [ 2022695.206192537210882, 794023.212837215862237 ], [ 2022737.760854812338948, 794504.835241691675037 ], [ 2022665.498859768500552, 794539.72470153006725 ], [ 2022638.236943266121671, 794620.587550370255485 ], [ 2022461.164523628540337, 794618.870563491480425 ], [ 2022441.631926646223292, 795001.849946635426022 ], [ 2021985.448324194177985, 794982.212414581561461 ], [ 2022295.008874605409801, 794721.083971740095876 ], [ 2022170.861361399292946, 794468.364782886812463 ], [ 2021917.872789264656603, 794690.223157118656673 ], [ 2021816.022512284107506, 794705.435935720684938 ], [ 2021768.733517984859645, 794600.201004586881027 ], [ 2021542.461197920376435, 794597.628214175230823 ], [ 2021565.94621460721828, 793789.030085758306086 ], [ 2020929.134490207303315, 793792.5738324013073 ], [ 2020931.570057152071968, 793698.296193216461688 ], [ 2020997.206169066019356, 793406.768637157860212 ], [ 2020884.1522294387687, 793350.994111874839291 ], [ 2020829.918608529958874, 793428.854382664547302 ], [ 2020663.025120046688244, 793311.888434632564895 ], [ 2020608.972223876044154, 793132.756169972941279 ], [ 2020482.251071767648682, 793143.951979404315352 ], [ 2020392.023552143014967, 793042.329671834013425 ], [ 2020487.152695835568011, 792907.711118790088221 ], [ 2020654.143831899156794, 792889.991376326652244 ], [ 2020812.390195279615, 792678.975665011210367 ], [ 2021327.623630230082199, 792565.409090832690708 ], [ 2021289.343509526224807, 792277.811434460803866 ], [ 2021364.135141921695322, 792026.697125050588511 ], [ 2021413.550094550009817, 791704.733595944708213 ], [ 2021437.483590679010376, 791554.52959534234833 ] ] ] } },
{ "type": "Feature", "properties": { "neighborhood_name": "Fox Run", "label_tier": 3 }, "geometry": { "type": "Polygon", "coordinates": [ [ [ 2008057.760888918302953, 872038.510871078469791 ], [ 2007866.690535172820091, 871066.459900769637898 ], [ 2007380.161447377176955, 870738.693488089484163 ], [ 2007297.194749518064782, 869527.498430521693081 ], [ 2008184.862180668627843, 869430.533179781399667 ], [ 2008344.653822460910305, 869291.877607273636386 ], [ 2008051.8871539037209, 868698.768910088809207 ], [ 2008254.827625011326745, 868447.271442274097353 ], [ 2009419.463389239972457, 868537.905261115985923 ], [ 2009946.821086184121668, 868677.144002625020221 ], [ 2010688.026842611609027, 868656.654406221699901 ], [ 2011068.559397659497336, 868940.021383038372733 ], [ 2011174.119998313020915, 870121.747346535907127 ], [ 2012739.710900510661304, 870127.846621975884773 ], [ 2013151.668552581220865, 870703.218264373252168 ], [ 2012326.97234131814912, 871370.881293836282566 ], [ 2012124.079337425762787, 871472.00105551246088 ], [ 2011141.867898813914508, 871849.489592510974035 ], [ 2010869.505738370819017, 871395.059620223823003 ], [ 2010617.098996011307463, 871257.722329412354156 ], [ 2010243.284529512748122, 871257.589312364114448 ], [ 2009844.338432946475223, 871357.200802622013725 ], [ 2009610.267235514707863, 871116.853779356461018 ], [ 2008817.150870238430798, 871155.557228279416449 ], [ 2008684.008865053066984, 872063.808813094045036 ], [ 2008057.760888918302953, 872038.510871078469791 ] ] ] } },
{ "type": "Feature", "properties": { "neighborhood_name": "Franklin Village", "label_tier": 3 }, "geometry": { "type": "Polygon", "coordinates": [ [ [ 2034047.523114401148632, 815245.096813657204621 ], [ 2033696.299838120583445, 814528.297883230843581 ], [ 2034726.096079651731998, 814058.818281969754025 ], [ 2034790.430656268727034, 814943.465754221309908 ], [ 2034047.523114401148632, 815245.096813657204621 ] ] ] } },
{ "type": "Feature", "properties": { "neighborhood_name": "Garret Farms - Porchlight / Hartley", "label_tier": 3 }, "geometry": { "type": "Polygon", "coordinates": [ [ [ 2005623.734122721012682, 808117.684474461595528 ], [ 2005686.777353868121281, 808041.252750118379481 ], [ 2005664.336499677738175, 807791.167825164040551 ], [ 2005991.615051181055605, 807788.684628642047755 ], [ 2006009.64777613687329, 807876.052702671149746 ], [ 2006183.598744706949219, 808087.219448909629136 ], [ 2006237.688381559913978, 808377.353588112862781 ], [ 2006181.127762316027656, 808580.099960479070432 ], [ 2005912.451071019982919, 808561.843723807949573 ], [ 2005729.596100835362449, 808492.643961516791023 ], [ 2005564.803166219266132, 808356.469353544875048 ], [ 2005623.734122721012682, 808117.684474461595528 ] ] ] } },
{ "type": "Feature", "properties": { "neighborhood_name": "Gatewood Forest", "label_tier": 3 }, "geometry": { "type": "Polygon", "coordinates": [ [ [ 2052682.269186616642401, 817568.137198225944303 ], [ 2052673.661828628508374, 817254.334288288257085 ], [ 2053030.022847882471979, 816162.180662853410468 ], [ 2053372.224133351119235, 815387.797848059446551 ], [ 2053602.502612273208797, 815323.05735383904539 ], [ 2054035.682861444540322, 816728.976395367761143 ], [ 2054044.069123028544709, 816994.364157309755683 ], [ 2054305.339564719470218, 817280.967848553322256 ], [ 2053395.582704738713801, 817509.725849453941919 ], [ 2052682.269186616642401, 817568.137198225944303 ] ] ] } },
{ "type": "Feature", "properties": { "neighborhood_name": "Glennstone", "label_tier": 3 }, "geometry": { "type": "Polygon", "coordinates": [ [ [ 2046841.897854580543935, 838583.696034424006939 ], [ 2046957.393526790197939, 838267.173714205040596 ], [ 2047223.526548358146101, 838212.268096290063113 ], [ 2047298.285383940208703, 838047.118507399223745 ], [ 2046887.687759850407019, 838046.459576630615629 ], [ 2046874.471306954044849, 837807.634306140476838 ], [ 2047102.751661094836891, 837580.116660509025678 ], [ 2047001.550543845864013, 837459.096249326015823 ], [ 2047096.409464551135898, 837295.434607653296553 ], [ 2047303.807410574750975, 837372.214593252632767 ], [ 2047468.653112117666751, 837255.626994543708861 ], [ 2047728.046849476406351, 837170.13654182292521 ], [ 2047922.011615925002843, 837145.334547797450796 ], [ 2048618.744175502099097, 837345.241231948952191 ], [ 2048812.057011700700969, 837712.140956418239512 ], [ 2049394.088946344330907, 837551.849284002790228 ], [ 2049475.339795287465677, 837577.104270949377678 ], [ 2049343.717313938075677, 838149.138990764273331 ], [ 2049183.415484377648681, 838198.742108355625533 ], [ 2049068.652752676513046, 838062.402445425861515 ], [ 2048851.866539526730776, 838126.110176863381639 ], [ 2048912.504677103832364, 838280.196248835884035 ], [ 2048637.362200427800417, 838418.79874058580026 ], [ 2048474.962215306004509, 838308.592675940250047 ], [ 2048249.313408655812964, 838370.834108797716908 ], [ 2048246.744417418725789, 838674.795767793199047 ], [ 2048381.710119455587119, 838750.008385677821934 ], [ 2048356.378246824024245, 839054.296676610363647 ], [ 2048090.352737593464553, 839046.942901029018685 ], [ 2047842.976936731254682, 838660.301506910473108 ], [ 2047827.690430767135695, 838426.932718162890524 ], [ 2047554.638971091480926, 838373.704465639893897 ], [ 2047222.715185823850334, 838716.449661119258963 ], [ 2046841.897854580543935, 838583.696034424006939 ] ] ] } },
{ "type": "Feature", "properties": { "neighborhood_name": "Golden Belt", "label_tier": 2 }, "geometry": { "type": "Polygon", "coordinates": [ [ [ 2032227.449900579173118, 816131.983742849552073 ], [ 2032218.707669585477561, 816011.118944419780746 ], [ 2032171.293805782916024, 815815.223321305471472 ], [ 2032049.686115029267967, 815563.551460919436067 ], [ 2031867.102194186765701, 815341.299679403891787 ], [ 2032714.164740542881191, 814733.951449569431134 ], [ 2032860.698459471110255, 814916.125655688345432 ], [ 2033143.076963307801634, 814785.759349589701742 ], [ 2033228.664904750650749, 814967.866688269888982 ], [ 2033418.389328060206026, 814887.633265257347375 ], [ 2033335.176912253722548, 814698.611682176357135 ], [ 2033696.296914469916373, 814530.846027720253915 ], [ 2034047.518050060607493, 815249.465064657037146 ], [ 2033659.172642977442592, 815430.664100295864046 ], [ 2033677.168869835324585, 815474.003288196050562 ], [ 2033683.826501044211909, 815601.782475323649123 ], [ 2033011.104054661467671, 815863.114119037752971 ], [ 2032913.86121746012941, 815786.924452896811999 ], [ 2032640.587192318635061, 815986.467325952835381 ], [ 2032464.472436244599521, 816073.637313292478211 ], [ 2032227.449900579173118, 816131.983742849552073 ] ] ] } },
{ "type": "Feature", "properties": { "neighborhood_name": "Grande Park", "label_tier": 3 }, "geometry": { "type": "Polygon", "coordinates": [ [ [ 2015944.998760972404853, 850600.136824709712528 ], [ 2015916.848612551577389, 848568.441200248664245 ], [ 2016556.701453797519207, 848925.913532400503755 ], [ 2017016.741364849498495, 849010.632898389594629 ], [ 2017100.179732536431402, 848824.659582689637318 ], [ 2017618.59517789981328, 849130.755717063439079 ], [ 2017027.425232478417456, 849949.485731306136586 ], [ 2016880.769535416038707, 850113.216884500114247 ], [ 2016734.13998114829883, 850233.992630822584033 ], [ 2016555.898893882753327, 850347.834592510131188 ], [ 2015944.998760972404853, 850600.136824709712528 ] ] ] } },
{ "type": "Feature", "properties": { "neighborhood_name": "Green Mill", "label_tier": 3 }, "geometry": { "type": "Polygon", "coordinates": [ [ [ 2017946.152043082518503, 803415.153060790617019 ], [ 2017811.083983131917194, 803112.209057491738349 ], [ 2017610.261219427920878, 802890.037935735541396 ], [ 2017357.385493732290342, 802600.858432900975458 ], [ 2017307.738001106539741, 802474.515482074581087 ], [ 2017294.539569977438077, 802270.658607857069001 ], [ 2018279.038238650653511, 802090.702584663871676 ], [ 2018452.564361948519945, 802421.337780592846684 ], [ 2018799.697490090271458, 803400.398138056159951 ], [ 2018237.613980859983712, 803502.696544673293829 ], [ 2018147.151248128153384, 803341.74516433046665 ], [ 2017946.152043082518503, 803415.153060790617019 ] ] ] } },
{ "type": "Feature", "properties": { "neighborhood_name": "Grove Park", "label_tier": 3 }, "geometry": { "type": "Polygon", "coordinates": [ [ [ 2052926.515212439931929, 812204.354082568432204 ], [ 2052896.536585780559108, 811436.217026509460993 ], [ 2052498.12997411028482, 810696.905435119871981 ], [ 2051814.589830795302987, 810389.914970497135073 ], [ 2051244.059044244466349, 810086.413654061267152 ], [ 2050701.774594032671303, 809182.70420915610157 ], [ 2050323.84912733710371, 808356.094821525155567 ], [ 2052084.796947923488915, 808351.884035635273904 ], [ 2053026.303174689412117, 808226.161867418210022 ], [ 2053982.585901570506394, 807471.108414819114842 ], [ 2055599.278453281382099, 807415.516835268354043 ], [ 2056076.133448494598269, 807190.367624058388174 ], [ 2056505.506025539478287, 806885.414750676369295 ], [ 2056952.752058086451143, 806829.491545058903284 ], [ 2057677.422097624978051, 806851.654491139459424 ], [ 2057727.040951857110485, 806900.530447515076958 ], [ 2057992.583119685063139, 807299.289913842105307 ], [ 2057401.546356224222109, 808253.678763039177284 ], [ 2057056.20194902527146, 808263.926524014561437 ], [ 2057092.287094644503668, 810555.499777080724016 ], [ 2057018.889469089685008, 811174.555433696950786 ], [ 2058529.39841382089071, 811001.340797073324211 ], [ 2061361.155466529307887, 810489.119413247797638 ], [ 2061116.598498266888782, 810848.261439466499723 ], [ 2060606.824216161854565, 811837.340616449597292 ], [ 2060207.113339305622503, 812986.096231375355273 ], [ 2059978.461069474928081, 813252.455840466427617 ], [ 2059141.760633917758241, 812966.094600285985507 ], [ 2057750.211925672832876, 813476.959145658882335 ], [ 2057243.739375615725294, 813916.069287776597776 ], [ 2056680.991894926177338, 814242.961070825112984 ], [ 2055084.333707066252828, 813595.605311509803869 ], [ 2055324.37716541881673, 813068.225995095213875 ], [ 2055008.899608606938273, 812801.170134627609514 ], [ 2053406.931416464736685, 813708.993886915035546 ], [ 2052926.515212439931929, 812204.354082568432204 ] ] ] } },
{ "type": "Feature", "properties": { "neighborhood_name": "Heather Glen", "label_tier": 3 }, "geometry": { "type": "Polygon", "coordinates": [ [ [ 2011702.249617908149958, 850470.360840980196372 ], [ 2011801.471494966419414, 850619.291137851192616 ], [ 2011859.876590639585629, 850866.494897133088671 ], [ 2011810.066490152850747, 851288.392275073565543 ], [ 2011924.50371166318655, 852522.885112946969457 ], [ 2011694.524883855134249, 852799.46022068883758 ], [ 2011144.662273349473253, 852839.290150791872293 ], [ 2010934.729921251302585, 853261.49360831012018 ], [ 2010896.142460606992245, 853742.007833496434614 ], [ 2009566.334532138891518, 853723.342096806387417 ], [ 2009498.720396989490837, 853588.626480132923461 ], [ 2009158.451706716325134, 853300.929200036451221 ], [ 2008424.337758712470531, 850941.390457857050933 ], [ 2008776.047666332917288, 850632.06327719881665 ], [ 2008909.070214962819591, 850445.717178814811632 ], [ 2008818.9874669208657, 850315.365255194017664 ], [ 2008929.696386181982234, 849664.139571629581042 ], [ 2009098.825862132478505, 849311.441530445124954 ], [ 2009739.134169308235869, 849388.094492319622077 ], [ 2009910.416567847132683, 849693.577333783614449 ], [ 2010133.546465959167108, 849590.995649439282715 ], [ 2010404.167852039914578, 849725.783403874142095 ], [ 2010575.182482584845275, 849929.704300894285552 ], [ 2011100.396798855159432, 850356.547828636947088 ], [ 2011451.995696848724037, 850421.845345468143933 ], [ 2011562.520737740909681, 850384.393048345227726 ], [ 2011702.249617908149958, 850470.360840980196372 ] ] ] } },
{ "type": "Feature", "properties": { "neighborhood_name": "Highgate", "label_tier": 3 }, "geometry": { "type": "Polygon", "coordinates": [ [ [ 2016725.439936759648845, 786065.191231623408385 ], [ 2016719.006430968176574, 785922.131594192935154 ], [ 2016524.58764254511334, 785673.402802126482129 ], [ 2016045.650580609915778, 785834.393929790123366 ], [ 2015742.84243028331548, 786134.174541442655027 ], [ 2015194.045640031341463, 785693.797578176483512 ], [ 2015114.980851254891604, 785687.932659682584926 ], [ 2015115.449126097606495, 784777.18030102585908 ], [ 2017333.830240277806297, 785328.059378174250014 ], [ 2017274.537983275949955, 785942.109336813329719 ], [ 2017060.138763485476375, 785941.984131476841867 ], [ 2016725.439936759648845, 786065.191231623408385 ] ] ] } },
{ "type": "Feature", "properties": { "neighborhood_name": "Hillandale Commons", "label_tier": 3 }, "geometry": { "type": "Polygon", "coordinates": [ [ [ 2018047.341860963962972, 828815.558122237212956 ], [ 2017397.375420362688601, 828476.997138387989253 ], [ 2017448.192477236501873, 828382.367046034079976 ], [ 2017473.57021005009301, 828053.882063055643812 ], [ 2017581.776848157169297, 827820.006594919250347 ], [ 2018172.044407533481717, 827561.647895685397089 ], [ 2018324.224621103843674, 827574.179971052915789 ], [ 2018546.19752116384916, 827909.142157682683319 ], [ 2018679.430970754707232, 827934.693544068722986 ], [ 2018685.612765635829419, 828035.676516834064387 ], [ 2018523.803333947435021, 828046.629322111373767 ], [ 2018047.341860963962972, 828815.558122237212956 ] ] ] } },
{ "type": "Feature", "properties": { "neighborhood_name": "Holston Meadows", "label_tier": 3 }, "geometry": { "type": "Polygon", "coordinates": [ [ [ 2023136.465746821137145, 840490.882852901704609 ], [ 2023133.804790880298242, 839843.617602960090153 ], [ 2023279.710605894448236, 839812.158821955905296 ], [ 2023790.273350040661171, 839837.827666866825894 ], [ 2023761.278899334603921, 840396.661614164127968 ], [ 2023583.581688230391592, 840529.126946084666997 ], [ 2023136.465746821137145, 840490.882852901704609 ] ] ] } },
{ "type": "Feature", "properties": { "neighborhood_name": "Homeplace I", "label_tier": 3 }, "geometry": { "type": "Polygon", "coordinates": [ [ [ 2020009.80465808045119, 790420.413674362003803 ], [ 2019858.343292163452134, 790676.092040639487095 ], [ 2019803.451765620149672, 790963.756675940123387 ], [ 2019474.645114018348977, 791006.034751953207888 ], [ 2019173.763539965962991, 791002.871973452041857 ], [ 2018947.983606806956232, 790607.197343015344813 ], [ 2019402.947018992854282, 790293.59794913418591 ], [ 2019610.250990273896605, 790254.992439793772064 ], [ 2019836.570257377345115, 790283.608621399034746 ], [ 2020009.80465808045119, 790420.413674362003803 ] ] ] } },
{ "type": "Feature", "properties": { "neighborhood_name": "Homeplace II", "label_tier": 3 }, "geometry": { "type": "Polygon", "coordinates": [ [ [ 2020009.818477818975225, 790420.450616263202392 ], [ 2020508.625702621880919, 790986.104890300193802 ], [ 2020729.990349696250632, 791133.321041409508325 ], [ 2020912.924833641853184, 791193.148612398072146 ], [ 2021069.252066986868158, 791209.54175815358758 ], [ 2020688.947568751405925, 791815.086930638644844 ], [ 2020067.599116542376578, 792090.941494111903012 ], [ 2019983.981213448802009, 791841.172045053914189 ], [ 2019792.393930189078674, 791443.905057506985031 ], [ 2019781.388026621425524, 791079.885557351633906 ], [ 2019858.345676006749272, 790675.884189188480377 ], [ 2020009.818477818975225, 790420.450616263202392 ] ] ] } },
{ "type": "Feature", "properties": { "neighborhood_name": "Hope Valley", "label_tier": 2 }, "geometry": { "type": "Polygon", "coordinates": [ [ [ 2018193.722305923933163, 797434.530319814803079 ], [ 2017888.786417085444555, 797499.501681723631918 ], [ 2017893.083777306834236, 798220.253101228154264 ], [ 2017463.366611924720928, 799071.061275363550521 ], [ 2018318.783495567273349, 800054.787155137397349 ], [ 2018397.38392692594789, 800739.549439398106188 ], [ 2018611.481768416939303, 801045.09344720270019 ], [ 2018781.08493221970275, 801034.280896254000254 ], [ 2018776.139900560490787, 801361.891971733537503 ], [ 2017918.080285768490285, 801401.761925948900171 ], [ 2016890.722794158617035, 801445.563301114365458 ], [ 2016601.579975333763286, 801400.98856434924528 ], [ 2015630.777235022978857, 801404.460240713087842 ], [ 2015431.795489903539419, 801568.162214403273538 ], [ 2015440.677993151126429, 802125.111423918162473 ], [ 2015081.031025767792016, 803366.220478397794068 ], [ 2014107.673696821555495, 803278.37297897587996 ], [ 2013915.916051974985749, 803230.959371752920561 ], [ 2013324.462212579557672, 802867.032708499580622 ], [ 2013051.414859952870756, 802586.253529415931553 ], [ 2012841.412736342987046, 802283.663488471880555 ], [ 2012595.573322065640241, 802029.109784215455875 ], [ 2011852.95428790920414, 801373.572071008384228 ], [ 2011252.232995109632611, 801085.763403483550064 ], [ 2009935.829317751573399, 800757.674661750323139 ], [ 2009773.3119228517171, 800827.147136347019114 ], [ 2009500.218853908823803, 800524.196616537054069 ], [ 2009317.391545601421967, 800236.565864037605934 ], [ 2009195.485469479812309, 800106.209956384962425 ], [ 2009536.848576939897612, 798923.269611725583673 ], [ 2010739.27369061531499, 796302.052674719016068 ], [ 2011112.225008906796575, 795632.769967408501543 ], [ 2011320.207666002679616, 795199.673177599324845 ], [ 2011559.375511084450409, 795278.757213129894808 ], [ 2014367.178073677700013, 794905.061882658279501 ], [ 2014703.555216394364834, 794756.710793291334994 ], [ 2014552.379766013007611, 794549.875980309327133 ], [ 2014157.568697531940416, 793701.16855032928288 ], [ 2013780.937783286906779, 792547.069134626770392 ], [ 2013681.575005747610703, 792299.858237302629277 ], [ 2013837.607876957627013, 792288.646900498541072 ], [ 2015856.43135022954084, 792952.169605184462853 ], [ 2016647.024447778938338, 793280.21826004772447 ], [ 2016606.111114668659866, 793381.754696035175584 ], [ 2016781.823902381816879, 794153.926083264639601 ], [ 2017009.986717138905078, 794310.946935867308639 ], [ 2017170.306493091396987, 794546.920752936974168 ], [ 2017368.655474883504212, 795049.739803170203231 ], [ 2017533.199969123816118, 795635.899403857532889 ], [ 2017711.581144544761628, 795847.134345913887955 ], [ 2017950.505964412353933, 796287.372088785166852 ], [ 2017979.987980533624068, 796484.685696277534589 ], [ 2018167.212451755302027, 796742.886827608454041 ], [ 2018151.085573642048985, 796972.205789892119355 ], [ 2018261.647903638426214, 797212.52370170946233 ], [ 2018397.139819911913946, 797347.293517817277461 ], [ 2018193.722305923933163, 797434.530319814803079 ] ] ] } },
{ "type": "Feature", "properties": { "neighborhood_name": "Hope Valley Downs", "label_tier": 3 }, "geometry": { "type": "Polygon", "coordinates": [ [ [ 2015820.910129912430421, 804485.961360569810495 ], [ 2015764.501691788434982, 804267.884849254274741 ], [ 2015659.022024518810213, 803387.271803844021633 ], [ 2015932.344962618779391, 803100.209674479439855 ], [ 2016022.65186420106329, 803027.819500357611105 ], [ 2016185.393440141575411, 803093.4316754398169 ], [ 2016345.513398655457422, 803082.235809857724234 ], [ 2016431.041587585583329, 803618.480000556097366 ], [ 2016295.414950659964234, 803762.555094394949265 ], [ 2016324.835792944766581, 804076.353941682027653 ], [ 2016480.459551492007449, 804157.252583575318567 ], [ 2016480.363781488500535, 804327.976485172170214 ], [ 2016390.028875672258437, 804455.695922984974459 ], [ 2015820.910129912430421, 804485.961360569810495 ] ] ] } },
{ "type": "Feature", "properties": { "neighborhood_name": "Hope Valley Farms", "label_tier": 2 }, "geometry": { "type": "Polygon", "coordinates": [ [ [ 2019561.645745765417814, 795269.001942335627973 ], [ 2019648.159578481223434, 795322.81647146481555 ], [ 2019878.327596624847502, 795473.173608612269163 ], [ 2020254.335607102839276, 795998.342065113247372 ], [ 2020711.428564314497635, 796367.041950275073759 ], [ 2020941.523252131417394, 796601.195909509551711 ], [ 2021077.86874902783893, 796911.170375386369415 ], [ 2021158.603039030451328, 797262.207601358182728 ], [ 2020642.400036452803761, 797426.26171364961192 ], [ 2020372.242024283390492, 797723.293909999309108 ], [ 2020254.673689980525523, 797811.74589613173157 ], [ 2020263.920002958970144, 798219.634228002745658 ], [ 2020309.898361978819594, 798322.426044401829131 ], [ 2020115.97923661232926, 798606.85714975267183 ], [ 2019708.003126796334982, 798440.585065832012333 ], [ 2019232.502186953322962, 797794.838120509404689 ], [ 2018699.735988991567865, 797241.920360379153863 ], [ 2018571.207259004469961, 797332.114406966604292 ], [ 2018394.771686885738745, 797347.292035322985612 ], [ 2018259.57577774184756, 797212.52241406950634 ], [ 2018151.085573642048985, 796972.205789892119355 ], [ 2018164.844270024914294, 796742.885363641078584 ], [ 2017979.986421491485089, 796487.233793533174321 ], [ 2017950.505964412353933, 796287.372088785166852 ], [ 2017704.772414525505155, 795847.130243086954579 ], [ 2017533.198231688467786, 795638.811512487824075 ], [ 2017366.287156701553613, 795049.738403557101265 ], [ 2017167.938134391792119, 794546.919369307230227 ], [ 2017009.985242317896336, 794313.495027467259206 ], [ 2016781.822447351412848, 794156.474174466915429 ], [ 2016604.038718646857888, 793381.75352513382677 ], [ 2016644.654337744694203, 793283.129020218504593 ], [ 2016522.770709836855531, 793119.254489901359193 ], [ 2016543.252069563837722, 793024.622698881314136 ], [ 2017044.678268263116479, 792686.377446090686135 ], [ 2017196.30520471627824, 792614.027267132420093 ], [ 2017333.989921611733735, 792588.991281632916071 ], [ 2017693.111849947366863, 792596.485531674465165 ], [ 2017921.333618780598044, 792668.698300313088112 ], [ 2018068.100233122473583, 792800.560731280129403 ], [ 2018169.559405097039416, 792946.592364197946154 ], [ 2018589.398445811588317, 793376.025994940777309 ], [ 2018417.315820353804156, 793965.982690981007181 ], [ 2018225.249457457102835, 794329.512097298633307 ], [ 2019042.239275360479951, 794941.208510468131863 ], [ 2019561.645745765417814, 795269.001942335627973 ] ] ] } },
{ "type": "Feature", "properties": { "neighborhood_name": "Hope Valley Farms North", "label_tier": 3 }, "geometry": { "type": "Polygon", "coordinates": [ [ [ 2022988.273560285801068, 794800.315740588819608 ], [ 2023402.841786650707945, 794705.776231050374918 ], [ 2023715.877328454749659, 794483.089188144193031 ], [ 2023992.670876967720687, 793917.265184483141638 ], [ 2024156.133216198533773, 794058.91226866398938 ], [ 2024771.189541375730187, 794469.729608413763344 ], [ 2024882.9479810600169, 794710.154389587463811 ], [ 2024774.475374936359003, 795281.630106750759296 ], [ 2023565.485437778523192, 795866.421571770333685 ], [ 2023507.796293155290186, 796516.180896413745359 ], [ 2022105.578146835556254, 796531.693325365660712 ], [ 2022137.988050801446661, 796723.020173364551738 ], [ 2022152.135758001124486, 796914.332050962839276 ], [ 2022140.762000898132101, 797256.60728613648098 ], [ 2022157.035657556261867, 797787.033073474769481 ], [ 2021236.018982094945386, 797807.695860306965187 ], [ 2021218.669883048394695, 797644.054656593245454 ], [ 2021158.60417738254182, 797260.626624077558517 ], [ 2021078.66330630495213, 796910.380446908646263 ], [ 2020942.316687400452793, 796601.986981578636914 ], [ 2020712.22145493584685, 796368.623534812359139 ], [ 2020255.130166894523427, 795997.552090066368692 ], [ 2019878.328666096320376, 795471.592535939067602 ], [ 2019648.160107025178149, 795322.025931135052815 ], [ 2019746.780112060485408, 795084.138327677850612 ], [ 2019962.7739235854242, 795062.14892995217815 ], [ 2020636.000111756613478, 795233.371754345484078 ], [ 2020571.599944718414918, 795352.303100359276868 ], [ 2020755.305376840522513, 795512.516173091949895 ], [ 2020839.560642536263913, 795388.066172413644381 ], [ 2020945.923099213745445, 795441.107854001573287 ], [ 2021012.237319687847048, 795423.368093522381969 ], [ 2021128.132800756953657, 795469.302359198336489 ], [ 2022120.616936536505818, 795539.599825480137952 ], [ 2022622.426371389999986, 795560.535736712627113 ], [ 2022847.842690589604899, 795672.965807213797234 ], [ 2022982.90338350366801, 795575.045059702591971 ], [ 2022941.670790013857186, 795502.28361743723508 ], [ 2022924.284801056608558, 795396.338034314918332 ], [ 2022988.273560285801068, 794800.315740588819608 ] ] ] } },
{ "type": "Feature", "properties": { "neighborhood_name": "Hope Valley Forest", "label_tier": 3 }, "geometry": { "type": "Polygon", "coordinates": [ [ [ 2019526.760841734707355, 803550.847252176492475 ], [ 2019305.593335313489661, 803236.91872807557229 ], [ 2019147.846314068417996, 802785.435021281940863 ], [ 2019024.14942754432559, 802304.853106349240988 ], [ 2018891.149319171439856, 802017.194502885104157 ], [ 2018780.584435812663287, 801817.278786585666239 ], [ 2018439.898842824157327, 801380.971864514285699 ], [ 2018776.139900560490787, 801361.891971733537503 ], [ 2018782.492648887215182, 798831.989002241403796 ], [ 2018868.451875394210219, 798647.124511200119741 ], [ 2019297.368166084168479, 798636.482614585664123 ], [ 2019584.006942952284589, 798919.875852451426908 ], [ 2019782.37300802138634, 799292.032092953915708 ], [ 2020322.158309718593955, 799456.207270267186686 ], [ 2021425.200751475756988, 801262.143827546737157 ], [ 2020647.50621589878574, 802335.070387567742728 ], [ 2020152.501441500149667, 802983.403886210406199 ], [ 2019526.760841734707355, 803550.847252176492475 ] ] ] } },
{ "type": "Feature", "properties": { "neighborhood_name": "Hope Valley Green", "label_tier": 3 }, "geometry": { "type": "Polygon", "coordinates": [ [ [ 2012612.888017528690398, 793407.434648898546584 ], [ 2012629.250803696922958, 791844.007768345065415 ], [ 2012769.511294355150312, 791341.367569573689252 ], [ 2012941.362005632603541, 791055.329285531188361 ], [ 2013679.502533436054364, 792299.857272623456083 ], [ 2013751.661243539769202, 792474.616931312484667 ], [ 2013270.549362812191248, 792485.680146813276224 ], [ 2013263.489825003314763, 793039.704145753756166 ], [ 2012922.426759714493528, 793043.9203575856518 ], [ 2013008.177333550993353, 793285.298642269452102 ], [ 2012895.036394404247403, 793392.268551344750449 ], [ 2012820.464621811406687, 793313.245143992826343 ], [ 2012612.888017528690398, 793407.434648898546584 ] ] ] } },
{ "type": "Feature", "properties": { "neighborhood_name": "Hope Valley North", "label_tier": 3 }, "geometry": { "type": "Polygon", "coordinates": [ [ [ 2015078.659828099189326, 803373.135577090550214 ], [ 2015440.677993151126429, 802125.111423918162473 ], [ 2015431.795489903539419, 801568.162214403273538 ], [ 2015630.777235022978857, 801404.460240713087842 ], [ 2016594.772532096132636, 801400.984718701336533 ], [ 2016890.722794158617035, 801445.563301114365458 ], [ 2016965.125927472254261, 801761.936036041472107 ], [ 2017032.852693707449362, 801849.70308521843981 ], [ 2017062.044137908378616, 802038.644372791866772 ], [ 2017289.934125572210178, 802049.698080371250398 ], [ 2017296.672842934029177, 802166.187215664307587 ], [ 2016574.167718105949461, 802249.130462200962938 ], [ 2016643.801114748232067, 802628.474784183548763 ], [ 2016528.611952973529696, 802733.974502130411565 ], [ 2016345.510968406451866, 803086.604006732814014 ], [ 2016185.391234235139564, 803097.435855972231366 ], [ 2016022.649481959408149, 803032.187697008252144 ], [ 2015927.903411671286449, 803104.211447967682034 ], [ 2015656.652826344594359, 803390.182674226234667 ], [ 2015527.89956729603, 803413.775423766928725 ], [ 2015403.924742454197258, 803355.467500882223248 ], [ 2015336.089989159954712, 803471.917337120161392 ], [ 2015211.822655076859519, 803406.693752588471398 ], [ 2015078.659828099189326, 803373.135577090550214 ] ] ] } },
{ "type": "Feature", "properties": { "neighborhood_name": "Horton Hills", "label_tier": 3 }, "geometry": { "type": "Polygon", "coordinates": [ [ [ 2024015.596018825192004, 842122.188348368392326 ], [ 2023989.046555116772652, 841336.221619796473533 ], [ 2023806.69571933359839, 841313.867161069414578 ], [ 2023703.205184502759948, 840997.0757760128472 ], [ 2023888.472143707098439, 840344.517500645015389 ], [ 2024206.513075319118798, 840353.150870451936498 ], [ 2024222.083735539345071, 840468.561680061277002 ], [ 2024711.558425979223102, 840480.254796561435796 ], [ 2025597.373511798214167, 840870.891964020789601 ], [ 2025655.926197908818722, 841176.729720857809298 ], [ 2025960.365018270676956, 841181.00184533407446 ], [ 2025977.880056576570496, 841762.740287289139815 ], [ 2025334.962958436924964, 841824.791614839225076 ], [ 2025028.20370602211915, 842123.034645332139917 ], [ 2024015.596018825192004, 842122.188348368392326 ] ] ] } },
{ "type": "Feature", "properties": { "neighborhood_name": "Huckleberry Heights", "label_tier": 3 }, "geometry": { "type": "Polygon", "coordinates": [ [ [ 2010062.944697163300589, 836255.597514010616578 ], [ 2009814.487416836898774, 835584.177905421238393 ], [ 2009886.158594390843064, 835558.248219653149135 ], [ 2009829.513159727444872, 835408.328618371509947 ], [ 2010045.919444924220443, 835320.671716987388209 ], [ 2010124.85308857052587, 835506.9154646047391 ], [ 2010267.203687976580113, 835459.695417370297946 ], [ 2010199.577579208184034, 835252.82986562687438 ], [ 2010332.521001374814659, 835183.402406975394115 ], [ 2010619.080430881353095, 834896.034702114528045 ], [ 2010998.041726002003998, 834568.535994548699819 ], [ 2011160.546306890202686, 834452.146719928481616 ], [ 2011390.301426525460556, 834732.505202966392972 ], [ 2011579.855399361578748, 834645.044568968354724 ], [ 2012308.669695096090436, 835650.05160840973258 ], [ 2012203.755582054844126, 836240.522010286920704 ], [ 2012341.525784912053496, 836714.24562039365992 ], [ 2012228.814729957841337, 836995.335357187199406 ], [ 2011493.073730275267735, 837051.778179627610371 ], [ 2010605.151604157872498, 836959.771398764220066 ], [ 2010602.030303201405331, 836546.105836336966604 ], [ 2010297.571400815621018, 836482.940719928592443 ], [ 2010062.944697163300589, 836255.597514010616578 ] ] ] } },
{ "type": "Feature", "properties": { "neighborhood_name": "Huntington Ridge", "label_tier": 3 }, "geometry": { "type": "Polygon", "coordinates": [ [ [ 2016053.179562584497035, 780040.290415660012513 ], [ 2015499.526007682550699, 779143.440288123325445 ], [ 2016691.574447774561122, 778427.904329933109693 ], [ 2016817.669765600701794, 779101.390034561627544 ], [ 2016885.106467948062345, 779786.127233199542388 ], [ 2016923.874261096585542, 780072.41658498509787 ], [ 2016053.179562584497035, 780040.290415660012513 ] ] ] } },
{ "type": "Feature", "properties": { "neighborhood_name": "Inverness Drive", "label_tier": 3 }, "geometry": { "type": "Polygon", "coordinates": [ [ [ 2010501.288676556898281, 849165.932041349355131 ], [ 2010552.914717854000628, 849403.665439255186357 ], [ 2010137.979827728122473, 849588.084900121204555 ], [ 2009910.416567847132683, 849693.577333783614449 ], [ 2009736.770230151480064, 849388.093707557185553 ], [ 2009094.393464638851583, 849311.440155920106918 ], [ 2009044.945023940177634, 848680.916425997507758 ], [ 2008909.725657165050507, 848287.717588627478108 ], [ 2008247.145510167116299, 847454.613072446663864 ], [ 2008362.242931604385376, 846951.914506306056865 ], [ 2008454.805829149438068, 846722.599624648224562 ], [ 2008605.836453198688105, 846653.47709490545094 ], [ 2008948.654464179184288, 846604.799120944109745 ], [ 2009072.852529428200796, 846347.829377948539332 ], [ 2010436.578585476381704, 846664.992286672350019 ], [ 2010501.288676556898281, 849165.932041349355131 ] ] ] } },
{ "type": "Feature", "properties": { "neighborhood_name": "Knollwood", "label_tier": 3 }, "geometry": { "type": "Polygon", "coordinates": [ [ [ 2010951.320892436662689, 803203.49555260699708 ], [ 2011039.552676653023809, 802318.968804695061408 ], [ 2011030.951112720416859, 801580.012979484978132 ], [ 2011290.576254029292613, 801434.505244546802714 ], [ 2011753.429151505464688, 801566.460504663642496 ], [ 2012089.821417986880988, 801883.290896294172853 ], [ 2012279.591578321764246, 801757.056039833812974 ], [ 2012600.009741887450218, 802036.392008349183016 ], [ 2011942.764146063476801, 802512.250668928027153 ], [ 2011899.762144509004429, 802727.366863327100873 ], [ 2011448.141769663663581, 802680.229307749657892 ], [ 2011389.328031460288912, 803229.87127597280778 ], [ 2010951.320892436662689, 803203.49555260699708 ] ] ] } },
{ "type": "Feature", "properties": { "neighborhood_name": "Lake Park", "label_tier": 3 }, "geometry": { "type": "Polygon", "coordinates": [ [ [ 2025068.51893760683015, 776108.211902663228102 ], [ 2024903.503399062203243, 776125.90801819472108 ], [ 2024799.480788373621181, 776180.057095463038422 ], [ 2024121.670442334609106, 776223.90210113232024 ], [ 2023997.31082360772416, 776154.275089908740483 ], [ 2023986.360783675918356, 775778.247398142470047 ], [ 2024050.559155371040106, 774432.568784038885497 ], [ 2024421.802245191996917, 774021.912045041448437 ], [ 2024435.48319096211344, 773601.132732594734989 ], [ 2024571.304001837735996, 773438.899366119643673 ], [ 2024930.623271012213081, 773487.614520388306119 ], [ 2025061.881552770966664, 773468.433781750500202 ], [ 2025156.963144600857049, 773142.001935850828886 ], [ 2025399.142173211090267, 772986.77973468718119 ], [ 2025787.671018577180803, 773177.492735526524484 ], [ 2025814.533237997908145, 773288.538004588684998 ], [ 2025540.619595746742561, 773825.571258019423112 ], [ 2025501.529943676665425, 774490.576134197064675 ], [ 2025210.028945509344339, 774483.408689603442326 ], [ 2025130.402830187231302, 775101.422953016939573 ], [ 2025082.370637823361903, 775844.318960463511758 ], [ 2025068.51893760683015, 776108.211902663228102 ] ] ] } },
{ "type": "Feature", "properties": { "neighborhood_name": "Lakehurst", "label_tier": 3 }, "geometry": { "type": "Polygon", "coordinates": [ [ [ 2023397.239301262889057, 780506.955875086598098 ], [ 2023290.803760797949508, 780639.006346346926875 ], [ 2023139.356142440577969, 780762.285562442499213 ], [ 2022881.571510405512527, 780896.766883467440493 ], [ 2022684.750002357875928, 781099.367018332704902 ], [ 2022574.069891043938696, 781366.100011434871703 ], [ 2022553.408020456088707, 781660.20304830360692 ], [ 2022413.249424054054543, 781749.277975256438367 ], [ 2021873.331976769957691, 781739.043108281912282 ], [ 2021537.064380867872387, 781080.667521163122728 ], [ 2021306.546535515459254, 781203.89841175195761 ], [ 2020626.781017982633784, 780407.691613694652915 ], [ 2020504.950374875683337, 780122.952094818232581 ], [ 2020471.339293709723279, 779900.883813524851575 ], [ 2020496.587378543103114, 779373.090044972719625 ], [ 2020498.781555570429191, 779199.823906385921873 ], [ 2020717.962469860445708, 779209.441724525066093 ], [ 2020840.115531812189147, 779041.720520507893525 ], [ 2021188.022688604425639, 779221.060925759724341 ], [ 2022589.03967573470436, 779229.020007539191283 ], [ 2022772.132750196149573, 779174.92408980068285 ], [ 2022921.316658372757956, 779304.262742948485538 ], [ 2022945.890815109480172, 779697.046331829158589 ], [ 2023013.635576704749838, 779804.117598502431065 ], [ 2023397.239301262889057, 780506.955875086598098 ] ] ] } },
{ "type": "Feature", "properties": { "neighborhood_name": "Lakewood Park", "label_tier": 1 }, "geometry": { "type": "Polygon", "coordinates": [ [ [ 2021177.418030505534261, 816106.647354043787345 ], [ 2021140.553845436079428, 813893.008097260841168 ], [ 2021592.304824960418046, 813507.110833557671867 ], [ 2021750.33067466202192, 813453.352393634500913 ], [ 2022003.017316092737019, 813417.502578752930276 ], [ 2022921.987882444635034, 813359.598120070877485 ], [ 2023070.451679255347699, 813807.095716698328033 ], [ 2023101.961395882302895, 813993.135089233284816 ], [ 2023222.269980656681582, 815992.798312317929231 ], [ 2022188.572895969962701, 816086.280686480458826 ], [ 2021177.418030505534261, 816106.647354043787345 ] ] ] } },
{ "type": "Feature", "properties": { "neighborhood_name": "Landon Farms", "label_tier": 3 }, "geometry": { "type": "Polygon", "coordinates": [ [ [ 2042716.313573708059266, 826507.309038773644716 ], [ 2043088.085060840006918, 825467.830622520879842 ], [ 2043270.779059021966532, 825515.05863541609142 ], [ 2043969.835640273289755, 825750.89388198859524 ], [ 2044944.699338864069432, 825663.547894859570079 ], [ 2045186.347282416187227, 825448.779669198789634 ], [ 2045508.865612433990464, 825531.183624507044442 ], [ 2045870.237640869570896, 826675.879452697467059 ], [ 2045106.853928390191868, 827142.470248382189311 ], [ 2044213.030021853977814, 827449.440766296465881 ], [ 2043401.298650089185685, 827246.922844976652414 ], [ 2042716.313573708059266, 826507.309038773644716 ] ] ] } },
{ "type": "Feature", "properties": { "neighborhood_name": "Latta Woods", "label_tier": 3 }, "geometry": { "type": "Polygon", "coordinates": [ [ [ 2024252.320878534577787, 848677.65242692863103 ], [ 2024173.256806331221014, 848440.850677939364687 ], [ 2024158.04431316582486, 847664.329173070029356 ], [ 2024189.949494848959148, 847421.297657129354775 ], [ 2024491.313211671542376, 847222.680743044358678 ], [ 2024874.981347234221175, 847181.967354965046979 ], [ 2025017.453203545417637, 847418.835075901937671 ], [ 2025089.410941782174632, 848545.784236634848639 ], [ 2024864.198880874319002, 848681.321156564867124 ], [ 2024252.320878534577787, 848677.65242692863103 ] ] ] } },
{ "type": "Feature", "properties": { "neighborhood_name": "Lattamoor", "label_tier": 3 }, "geometry": { "type": "Polygon", "coordinates": [ [ [ 2020501.967158161103725, 848403.333561858860776 ], [ 2019722.011565299937502, 848459.615808779955842 ], [ 2019757.053800660418347, 848210.275120973587036 ], [ 2019484.389573242282495, 848222.718837214400992 ], [ 2019456.467151348246261, 847300.981631999718957 ], [ 2019741.809253700310364, 847307.485508132260293 ], [ 2019728.938257244415581, 847588.414632588159293 ], [ 2019931.872822041390464, 847553.829311092849821 ], [ 2019947.776775231817737, 847478.081791242351755 ], [ 2020439.212431132094935, 847465.793670566752553 ], [ 2020562.594094957923517, 847847.82633542525582 ], [ 2020549.68451461289078, 848172.941367761348374 ], [ 2020501.967158161103725, 848403.333561858860776 ] ] ] } },
{ "type": "Feature", "properties": { "neighborhood_name": "Lochaven Hills", "label_tier": 3 }, "geometry": { "type": "Polygon", "coordinates": [ [ [ 2022267.852916699601337, 847654.054225015919656 ], [ 2022140.030189889948815, 847479.646225678385235 ], [ 2022068.028595728101209, 847342.351036796113476 ], [ 2022025.289903715718538, 847194.88504453189671 ], [ 2022025.362879265099764, 847097.687967246514745 ], [ 2021887.653758114902303, 847096.128761761938222 ], [ 2021894.609010690124705, 846883.902050719596446 ], [ 2022007.512580743525177, 846862.872555015957914 ], [ 2022041.457072712015361, 846522.890271377167664 ], [ 2022026.053003437118605, 846178.502661328646354 ], [ 2022046.507602917263284, 845700.905814265366644 ], [ 2022039.986913031199947, 845332.863024986698292 ], [ 2022231.801781218266115, 845314.806081451009959 ], [ 2022229.597496186150238, 845103.665042416076176 ], [ 2022461.889555170200765, 845102.385838711867109 ], [ 2022461.961742088664323, 845008.101260936819017 ], [ 2022586.094645421253517, 844998.367663769517094 ], [ 2022588.075674131745473, 845112.311622309265658 ], [ 2022946.556776104029268, 845116.958217965788208 ], [ 2022957.979692351771519, 844870.880636196467094 ], [ 2023738.173815069254488, 844903.536464703851379 ], [ 2023740.341337644262239, 845146.712484184652567 ], [ 2024046.801110402448103, 845159.339209136902355 ], [ 2024053.541408413322642, 845228.875115020666271 ], [ 2024565.405579053796828, 845230.755383336800151 ], [ 2024563.168289839988574, 845432.06401769479271 ], [ 2024829.161481597460806, 845415.542387815774418 ], [ 2024800.974761151708663, 846595.715969345299527 ], [ 2024573.436764771584421, 846580.235063356463797 ], [ 2024566.494377490133047, 846753.873479341855273 ], [ 2024124.678606459870934, 846771.708527551614679 ], [ 2024025.171738245524466, 847031.18319330655504 ], [ 2023901.089958600467071, 846988.12580557342153 ], [ 2023777.284153456334025, 846968.731387836160138 ], [ 2023693.654084815876558, 846967.207586979260668 ], [ 2023619.470579850953072, 846978.068789707147516 ], [ 2023335.094063993543386, 847090.327763948473148 ], [ 2022867.654780612327158, 847289.533522063284181 ], [ 2022594.778628084575757, 847435.611403429182246 ], [ 2022267.852916699601337, 847654.054225015919656 ] ] ] } },
{ "type": "Feature", "properties": { "neighborhood_name": "Lochn'ora", "label_tier": 3 }, "geometry": { "type": "Polygon", "coordinates": [ [ [ 2003297.730987840564921, 814858.976202134392224 ], [ 2003582.073935222811997, 814527.022396813728847 ], [ 2003886.818343372782692, 814334.130095919361338 ], [ 2004216.392019032500684, 814321.798855243250728 ], [ 2004541.240432692226022, 814257.779629099881276 ], [ 2004473.535826845793054, 813967.644717061077245 ], [ 2004586.575349469203502, 813806.765029627364129 ], [ 2004907.014512072084472, 813610.973752926336601 ], [ 2005268.276959396665916, 813465.06411142705474 ], [ 2005471.550066245254129, 813351.162875193520449 ], [ 2005505.288773818174377, 813291.469830892514437 ], [ 2005667.728477545082569, 813215.056446013157256 ], [ 2005588.757921366253868, 813093.094493025331758 ], [ 2005602.4140520459041, 812848.475463047157973 ], [ 2005891.471927978098392, 812837.61141682532616 ], [ 2006236.648394540185109, 813274.871090158005245 ], [ 2006288.360717244679108, 813566.826527848141268 ], [ 2006236.551074233604595, 813733.172872710856609 ], [ 2006214.049256661674008, 813813.980676327366382 ], [ 2006159.430388865759596, 816093.833082281518728 ], [ 2005531.969988117460161, 816145.035215449053794 ], [ 2005137.522790212184191, 816174.88443488208577 ], [ 2004960.728699796833098, 816138.016754856915213 ], [ 2004879.677755061537027, 816103.42113126674667 ], [ 2004146.095444474602118, 815604.963088493095711 ], [ 2003432.907077314564958, 815054.835021142265759 ], [ 2003345.05642628041096, 814937.974118952639401 ], [ 2003297.730987840564921, 814858.976202134392224 ] ] ] } },
{ "type": "Feature", "properties": { "neighborhood_name": "Lochside", "label_tier": 3 }, "geometry": { "type": "Polygon", "coordinates": [ [ [ 2028054.048104087356478, 792746.150056699174456 ], [ 2028951.082813940243796, 792483.110801688744687 ], [ 2029382.470081358915195, 792463.882223012973554 ], [ 2029730.501703955233097, 792311.710936378571205 ], [ 2029967.22964626760222, 792725.833751973463222 ], [ 2029969.330525122815743, 792988.289114563725889 ], [ 2030190.489242292474955, 792987.059413668233901 ], [ 2030164.636557173682377, 794233.777639974956401 ], [ 2029308.47119658975862, 794227.45114225812722 ], [ 2028788.918977865017951, 794214.561149844666943 ], [ 2028757.01350351748988, 794447.862453966052271 ], [ 2028458.876663247123361, 794466.86494427244179 ], [ 2028465.252741192001849, 794913.879642945248634 ], [ 2028135.174351745983586, 795214.965036981622688 ], [ 2028072.236110769910738, 795091.504229975747876 ], [ 2028036.221407138044015, 794984.449856840772554 ], [ 2028087.560647157486528, 793305.669782978715375 ], [ 2028083.077295174123719, 793040.300106270588003 ], [ 2028054.048104087356478, 792746.150056699174456 ] ] ] } },
{ "type": "Feature", "properties": { "neighborhood_name": "Long Meadow", "label_tier": 3 }, "geometry": { "type": "Polygon", "coordinates": [ [ [ 2023099.59260012418963, 813995.681371512706392 ], [ 2023068.084014935418963, 813808.185919056530111 ], [ 2023020.862019144929945, 813662.540592092904262 ], [ 2022921.986746022012085, 813361.054201339138672 ], [ 2022003.017316092737019, 813417.502578752930276 ], [ 2021942.474828158970922, 812877.250941842328757 ], [ 2021935.96258252998814, 812485.560272689908743 ], [ 2021794.975048677297309, 811101.087565717636608 ], [ 2021797.299857723526657, 810759.274903514655307 ], [ 2022299.49287466565147, 809482.308250070083886 ], [ 2022863.685337619623169, 809963.247229940025136 ], [ 2023418.469662711955607, 810345.540549893281423 ], [ 2023566.348297609481961, 811900.750868651783094 ], [ 2023589.260695632314309, 813964.166600243654102 ], [ 2023099.59260012418963, 813995.681371512706392 ] ] ] } },
{ "type": "Feature", "properties": { "neighborhood_name": "Lyon Park", "label_tier": 2 }, "geometry": { "type": "Polygon", "coordinates": [ [ [ 2023219.902198941912502, 815994.252526349504478 ], [ 2023099.591454870998859, 813997.137453768285923 ], [ 2023589.062471897574142, 813963.968930064234883 ], [ 2024110.723352770553902, 813946.814077153569087 ], [ 2024650.550784065155312, 814267.623475195840001 ], [ 2024926.049965550890192, 815029.243264670134522 ], [ 2024928.341279424726963, 815134.317090067081153 ], [ 2025195.640708548948169, 815146.395387531840242 ], [ 2025211.252180068287998, 815447.500742893316783 ], [ 2025243.28940000385046, 815447.429512957343832 ], [ 2025243.70036202436313, 815546.279002660885453 ], [ 2025173.971444529015571, 815547.700401001144201 ], [ 2025179.12999168667011, 815893.723560970742255 ], [ 2024957.940456817857921, 815902.619659886928275 ], [ 2023219.902198941912502, 815994.252526349504478 ] ] ] } },
{ "type": "Feature", "properties": { "neighborhood_name": "Marbry Landing", "label_tier": 3 }, "geometry": { "type": "Polygon", "coordinates": [ [ [ 2058891.985787698300555, 814770.774512114236131 ], [ 2058731.64863977022469, 814766.085165752796456 ], [ 2058731.387294344604015, 814896.768437384511344 ], [ 2058474.166931798914447, 814964.327230718918145 ], [ 2058548.035029223421589, 815158.86204076197464 ], [ 2058450.514278089627624, 815402.926465808064677 ], [ 2058369.411423933226615, 815424.970495842862874 ], [ 2058423.139979921514168, 815630.749749920796603 ], [ 2058316.671562301693484, 815763.770202319952659 ], [ 2058279.6872605800163, 816213.628165475325659 ], [ 2058688.173562474083155, 816239.559202390140854 ], [ 2058667.270668068667874, 816485.232495578355156 ], [ 2058432.699019158491865, 816476.392299733357504 ], [ 2058411.812180141918361, 816715.149438633001409 ], [ 2058267.062689718557522, 816910.705970014561899 ], [ 2058016.728624707786366, 816796.271294585545547 ], [ 2057529.15903910365887, 816824.433881007367745 ], [ 2057485.850064106984064, 814769.444539888296276 ], [ 2057653.036029754672199, 814751.571185813401826 ], [ 2058059.020317985210568, 814856.481185627169907 ], [ 2058508.894115488044918, 814461.682484375196509 ], [ 2058913.000527386087924, 814470.862834865227342 ], [ 2058891.985787698300555, 814770.774512114236131 ] ] ] } },
{ "type": "Feature", "properties": { "neighborhood_name": "Mary Dell", "label_tier": 3 }, "geometry": { "type": "Polygon", "coordinates": [ [ [ 2008830.887222534278408, 795966.524486191920005 ], [ 2008829.056690879166126, 794176.66980743908789 ], [ 2008707.170635095331818, 793886.515034842770547 ], [ 2008973.980496019357815, 793665.639424930792302 ], [ 2011473.688365892972797, 794859.380129130440764 ], [ 2011320.206123599316925, 795203.677325592259876 ], [ 2011112.223907751496881, 795635.682076349155977 ], [ 2010922.340373493498191, 795974.1436603841139 ], [ 2008830.887222534278408, 795966.524486191920005 ] ] ] } },
{ "type": "Feature", "properties": { "neighborhood_name": "Meadows of Pagehurst", "label_tier": 3 }, "geometry": { "type": "Polygon", "coordinates": [ [ [ 2054289.007892771391198, 792010.829891051631421 ], [ 2053686.438161103520542, 790425.176265757996589 ], [ 2054056.874994670739397, 790408.018612739047967 ], [ 2054675.891703241039068, 790463.037408998003229 ], [ 2055389.469611870124936, 790615.802613524370827 ], [ 2055413.766205590683967, 792019.845236772904173 ], [ 2054289.007892771391198, 792010.829891051631421 ] ] ] } },
{ "type": "Feature", "properties": { "neighborhood_name": "Merrick Moore", "label_tier": 3 }, "geometry": { "type": "Polygon", "coordinates": [ [ [ 2041561.445727763930336, 821541.078427821397781 ], [ 2041397.798541732598096, 820761.836203908431344 ], [ 2041646.137759448261932, 820635.871173284598626 ], [ 2041700.821697660721838, 820452.844908154685982 ], [ 2041870.194347943877801, 820323.857579180970788 ], [ 2042831.488172991434112, 820330.70444271271117 ], [ 2043136.244692652253434, 820264.534267051029019 ], [ 2043152.176521071931347, 820090.918470615404658 ], [ 2043035.720101351384073, 819629.893975408980623 ], [ 2043241.084024392534047, 819573.044027895200998 ], [ 2043405.682373906485736, 819680.309723864193074 ], [ 2043974.241902239853516, 819649.121639282559045 ], [ 2044285.913981006015092, 819514.901438257074915 ], [ 2044506.952749672112986, 819656.84069749712944 ], [ 2044396.204470193944871, 821302.42389291303698 ], [ 2042771.059859171509743, 821609.431967112701386 ], [ 2042633.33888795459643, 821534.242718694731593 ], [ 2041561.445727763930336, 821541.078427821397781 ] ] ] } },
{ "type": "Feature", "properties": { "neighborhood_name": "Milan Woods", "label_tier": 3 }, "geometry": { "type": "Polygon", "coordinates": [ [ [ 2041819.553956640418619, 822650.9907736297464 ], [ 2041639.818235075566918, 821963.457415365613997 ], [ 2041563.81397228804417, 821539.625684167607687 ], [ 2042633.33888795459643, 821534.242718694731593 ], [ 2042771.059859171509743, 821609.431967112701386 ], [ 2044396.204470193944871, 821302.42389291303698 ], [ 2044734.756212654989213, 822734.645133052603342 ], [ 2042976.137974873417988, 823152.466679622535594 ], [ 2042319.593816771171987, 823126.759311426663771 ], [ 2042010.557504105614498, 823105.566084991791286 ], [ 2041936.292917159153149, 822919.079320892808028 ], [ 2042186.878226691391319, 822865.562678680988029 ], [ 2042101.414884077385068, 822651.393597040674649 ], [ 2041819.553956640418619, 822650.9907736297464 ] ] ] } },
{ "type": "Feature", "properties": { "neighborhood_name": "Morehead Hill", "label_tier": 2 }, "geometry": { "type": "Polygon", "coordinates": [ [ [ 2025173.971444529015571, 815547.700401001144201 ], [ 2025243.799632750451565, 815546.180337767233141 ], [ 2025243.091027652146295, 815447.429342445568182 ], [ 2025211.351451019058004, 815447.402077580802143 ], [ 2025195.739895741455257, 815146.395472627249546 ], [ 2024928.341279424726963, 815134.317090067081153 ], [ 2024926.149236955679953, 815029.144596975878812 ], [ 2024650.550949844066054, 814267.4259663738776 ], [ 2024110.921816337388009, 813946.715484526823275 ], [ 2024087.637202308513224, 813673.93230665975716 ], [ 2024157.481647107517347, 813657.991123685264029 ], [ 2024411.321105519076809, 813650.300492501351982 ], [ 2024408.32239321898669, 813558.553037390112877 ], [ 2024611.573154560057446, 813552.500976680428721 ], [ 2024602.945468126563355, 813431.615102644311264 ], [ 2025097.919895296916366, 813430.355041633243673 ], [ 2025108.987632397096604, 813479.348067959304899 ], [ 2025317.875374690396711, 813493.847173499409109 ], [ 2025719.222485285485163, 813479.184818746522069 ], [ 2025812.998172895051539, 813322.637894324725494 ], [ 2025868.04792869114317, 813212.966393801965751 ], [ 2025892.418884168379009, 813022.779349771211855 ], [ 2025920.573698041029274, 813041.370801897603087 ], [ 2025952.803032473661005, 813051.373877900536172 ], [ 2025968.970213900785893, 813053.067063656286336 ], [ 2025999.528166870586574, 813046.18100080313161 ], [ 2026016.595970455789939, 813038.986739381682128 ], [ 2026071.963269190397114, 813131.769999990006909 ], [ 2026974.199643117841333, 814031.666481859865598 ], [ 2027149.706928907195106, 814741.277638297295198 ], [ 2027124.133701914921403, 814937.179144194000401 ], [ 2027098.626422055065632, 815061.978193503338844 ], [ 2027101.622532625682652, 815254.743935320759192 ], [ 2026933.398774278583005, 815257.74921228189487 ], [ 2026931.700215218123049, 815379.408874478656799 ], [ 2026967.544167514424771, 816202.518151196534745 ], [ 2026982.236732262885198, 817267.411428761202842 ], [ 2026528.883205744437873, 817268.775771895190701 ], [ 2026547.395511327544227, 817635.92223757749889 ], [ 2026540.996867638546973, 817802.298389066010714 ], [ 2025971.884690219769254, 817796.28195443470031 ], [ 2025342.755459785694256, 817766.581123713986017 ], [ 2025342.79782668268308, 817602.568877218407579 ], [ 2025254.729003120213747, 817600.123163453652523 ], [ 2025247.966189924394712, 817275.743578359368257 ], [ 2025261.355745017295703, 817275.458860078710131 ], [ 2025264.65455759759061, 817130.109497541561723 ], [ 2025216.255833238828927, 817128.487978836987168 ], [ 2025218.072691551176831, 816860.692027989891358 ], [ 2025254.571448117028922, 816860.723393891588785 ], [ 2025251.50632792012766, 816734.325811745016836 ], [ 2025218.586231606081128, 816262.6816210008692 ], [ 2025169.421044700779021, 816227.880183790577576 ], [ 2025164.713713413337246, 816165.46737977839075 ], [ 2025179.838413049001247, 816108.601350815035403 ], [ 2025179.22917635506019, 815893.723646011785604 ], [ 2025173.971444529015571, 815547.700401001144201 ] ] ] } },
{ "type": "Feature", "properties": { "neighborhood_name": "Newhall Village", "label_tier": 3 }, "geometry": { "type": "Polygon", "coordinates": [ [ [ 2026190.274314770009369, 775189.709267223486677 ], [ 2026050.173832466127351, 775165.924420589231886 ], [ 2026005.264440111583099, 775031.202359821065329 ], [ 2026057.154424705542624, 774977.375371261383407 ], [ 2025906.105052636936307, 774602.315596326603554 ], [ 2026023.813181440113112, 774491.033669404685497 ], [ 2026500.783104998990893, 774477.627382760168985 ], [ 2026563.824533874634653, 774543.205347201437689 ], [ 2026592.847791153471917, 774880.665250498917885 ], [ 2026547.718639620579779, 774991.646367038483731 ], [ 2026357.791739530162886, 775031.516210635891184 ], [ 2026373.37795250909403, 775159.296379791921936 ], [ 2026190.274314770009369, 775189.709267223486677 ] ] ] } },
{ "type": "Feature", "properties": { "neighborhood_name": "Myers Park/Beechgrove", "label_tier": 3 }, "geometry": { "type": "Polygon", "coordinates": [ [ [ 2005457.964173590764403, 837085.963863852899522 ], [ 2005367.833956628572196, 836906.844528247136623 ], [ 2005135.715791171649471, 835548.608608164126053 ], [ 2005153.766400076448917, 835451.41595298377797 ], [ 2005419.83254527579993, 835469.665346956462599 ], [ 2005419.825889689149335, 835505.704244656488299 ], [ 2007691.180761718424037, 835458.887802519486286 ], [ 2007952.72081093583256, 835809.153744169976562 ], [ 2008288.802249087486416, 835982.524764199042693 ], [ 2008455.756124960957095, 836245.037697244551964 ], [ 2008658.524013547459617, 836349.209294016007334 ], [ 2008613.55896710138768, 836452.216457077418454 ], [ 2008784.696289109066129, 836546.550880898023024 ], [ 2008554.585198743967339, 836949.099867429467849 ], [ 2008439.605094189988449, 836896.282242704648525 ], [ 2008308.926891075447202, 836949.029284388874657 ], [ 2007607.092685707146302, 838234.957484720041975 ], [ 2007537.045113460160792, 838193.07591303519439 ], [ 2005622.594006578670815, 837234.51917169673834 ], [ 2005530.079600838012993, 837165.335894926101901 ], [ 2005457.964173590764403, 837085.963863852899522 ] ] ] } },
{ "type": "Feature", "properties": { "neighborhood_name": "Nancy Rhodes Creek", "label_tier": 3 }, "geometry": { "type": "Polygon", "coordinates": [ [ [ 2012778.865746416384354, 841157.051044896361418 ], [ 2006335.089669858105481, 840877.110805787495337 ], [ 2006255.427087349817157, 840811.184925854788162 ], [ 2006803.88886912050657, 840213.385214595589787 ], [ 2007013.455933616263792, 839944.365823334781453 ], [ 2007194.093910287832841, 839652.74299510801211 ], [ 2007455.786152379354462, 839040.161051926785149 ], [ 2007715.116094291443005, 839161.002205362310633 ], [ 2007963.264556183945388, 838844.43008177226875 ], [ 2007859.323322717566043, 838761.61570075142663 ], [ 2008001.694336321437731, 838568.254870535689406 ], [ 2007785.280910818139091, 838422.554303900920786 ], [ 2007972.589106275001541, 838083.657728746300563 ], [ 2008107.953088062349707, 838155.727518554427661 ], [ 2008188.858531809877604, 838040.694928610348143 ], [ 2008049.138786112889647, 837948.888196859275922 ], [ 2008128.071623279014602, 837800.402950457064435 ], [ 2008283.853224795078859, 837872.677254508133046 ], [ 2008511.610216276021674, 837526.881884653121233 ], [ 2008331.35494896559976, 837425.587473539286293 ], [ 2008403.445899898419157, 837297.91939666273538 ], [ 2008561.505903746001422, 837381.051568018039688 ], [ 2008915.611123957438394, 836802.112394057097845 ], [ 2009089.120252051157877, 836929.955071377218701 ], [ 2009179.544902667868882, 836824.396606186055578 ], [ 2009713.530149372294545, 837546.891812757588923 ], [ 2010604.953341454267502, 836959.870005917968228 ], [ 2011492.974617066094652, 837051.778140811249614 ], [ 2012228.814771078294143, 836995.236678512184881 ], [ 2013151.552038511261344, 837014.582003765855916 ], [ 2013151.388075234601274, 837822.748865191708319 ], [ 2013195.477444529766217, 838296.606705859885551 ], [ 2012778.865746416384354, 841157.051044896361418 ] ] ] } },
{ "type": "Feature", "properties": { "neighborhood_name": "North Durham Community", "label_tier": 3 }, "geometry": { "type": "Polygon", "coordinates": [ [ [ 2012833.577433109749109, 846580.030956503353082 ], [ 2013156.002412717556581, 846553.599302849732339 ], [ 2013769.213501237332821, 846542.959691379452124 ], [ 2013983.453077830839902, 846570.7276043407619 ], [ 2014238.154352063313127, 846648.389340616296977 ], [ 2014837.613249796908349, 846947.558324150857516 ], [ 2015292.790658830665052, 847358.786635695840232 ], [ 2016045.506672589574009, 847817.507922736578621 ], [ 2016978.485938778147101, 848735.764391451724805 ], [ 2017100.18058138503693, 848823.203443716512993 ], [ 2017016.742843095911667, 849008.084654630860314 ], [ 2016556.702275670366362, 848924.457393235410564 ], [ 2015918.91770976013504, 848567.350218759500422 ], [ 2015947.067913925275207, 850598.681807147222571 ], [ 2015405.926843590568751, 850820.818379995878786 ], [ 2014474.610623794840649, 851357.660863693687133 ], [ 2014231.542173973517492, 850531.18078614352271 ], [ 2014159.652550328988582, 850100.856061327969655 ], [ 2013889.512490104651079, 849617.288047209614888 ], [ 2013817.775928037473932, 848846.592033917549998 ], [ 2013513.535899975802749, 848579.976827674894594 ], [ 2013044.575902464333922, 848581.220678346580826 ], [ 2012833.577433109749109, 846580.030956503353082 ] ] ] } },
{ "type": "Feature", "properties": { "neighborhood_name": "North Carolina Central University", "label_tier": 2 }, "geometry": { "type": "Polygon", "coordinates": [ [ [ 2030178.808345284778625, 810610.543416978325695 ], [ 2030159.858820658642799, 810515.707769504515454 ], [ 2029893.208036424359307, 810509.114091114606708 ], [ 2029874.337887618690729, 810335.264399074134417 ], [ 2029718.793284477200359, 810328.785481457132846 ], [ 2029731.142619916237891, 810673.297491195611656 ], [ 2029413.695254531688988, 810672.977880896185525 ], [ 2029306.020770664094016, 810332.623720210744068 ], [ 2028779.13495508232154, 810331.010343544650823 ], [ 2028014.083912340225652, 810323.949586041970178 ], [ 2028001.910135665442795, 809773.994651791988872 ], [ 2028779.717140376567841, 809736.818942296085879 ], [ 2028782.978434237651527, 809648.324442058452405 ], [ 2029236.947147761005908, 809645.612158180563711 ], [ 2029268.916601352859288, 809421.237912937649526 ], [ 2028999.068598168902099, 809427.291586952400394 ], [ 2028999.227737152483314, 809266.097629024530761 ], [ 2029284.950353069929406, 809260.059742981335148 ], [ 2029329.609724775888026, 809045.177402742323466 ], [ 2029329.833796676713973, 808820.766995665966533 ], [ 2029234.980505334213376, 808431.900706030195579 ], [ 2029454.042238901136443, 808425.798010120517574 ], [ 2029469.725560585036874, 808615.459166653687134 ], [ 2030504.712557817110792, 808581.74750918452628 ], [ 2030511.064297256991267, 808435.491268732817844 ], [ 2030505.03751450846903, 808268.831863829633221 ], [ 2030282.815943821566179, 808259.119577689212747 ], [ 2030273.438326738774776, 808116.874237617943436 ], [ 2030508.373103169025853, 808113.956498132552952 ], [ 2030527.838779147947207, 807712.552313636289909 ], [ 2030988.180516682565212, 807716.195168092381209 ], [ 2031107.090064355637878, 808366.95284870150499 ], [ 2031516.450809329282492, 809907.189546030713245 ], [ 2030909.464324289234355, 810111.934566007228568 ], [ 2031017.004663138417527, 810484.994937214185484 ], [ 2030473.959604082163423, 810683.540357868652791 ], [ 2030454.997971460456029, 810601.346883430494927 ], [ 2030178.808345284778625, 810610.543416978325695 ] ] ] } },
{ "type": "Feature", "properties": { "neighborhood_name": "Northeast Hills", "label_tier": 3 }, "geometry": { "type": "Polygon", "coordinates": [ [ [ 2039386.658179727382958, 822838.011048014857806 ], [ 2040590.832466655876487, 821885.54341095907148 ], [ 2040668.71591045614332, 820962.122439094819129 ], [ 2040923.729444150347263, 820924.982313550659455 ], [ 2041397.794435841497034, 820764.748387674218975 ], [ 2041563.811911053489894, 821541.081777277053334 ], [ 2041637.749919410562143, 821961.998385446728207 ], [ 2041819.553956640418619, 822650.9907736297464 ], [ 2042101.414884077385068, 822651.393597040674649 ], [ 2042186.876657518325374, 822866.654750056099147 ], [ 2041936.290837351698428, 822920.535416164319031 ], [ 2042008.189884355058894, 823106.654771205736324 ], [ 2042315.157462697476149, 823126.752917150617577 ], [ 2042976.137974873417988, 823152.466679622535594 ], [ 2044734.756212654989213, 822734.645133052603342 ], [ 2045048.713529431028292, 823983.36618287593592 ], [ 2043931.275038838619366, 824247.047117416281253 ], [ 2043967.469796240795404, 825750.890338634024374 ], [ 2043270.779059021966532, 825515.05863541609142 ], [ 2042147.418446446536109, 825217.835635156719945 ], [ 2040842.172970224404708, 824482.843796465778723 ], [ 2040353.0520269270055, 824023.859869935899042 ], [ 2039386.658179727382958, 822838.011048014857806 ] ] ] } },
{ "type": "Feature", "properties": { "neighborhood_name": "Northgate Park", "label_tier": 2 }, "geometry": { "type": "Polygon", "coordinates": [ [ [ 2028363.909702601842582, 825042.932067000307143 ], [ 2028704.60764295887202, 825034.890626401174814 ], [ 2028702.680194161599502, 824888.91464262502268 ], [ 2028916.795364739140496, 824889.124758652178571 ], [ 2028917.109815822215751, 824569.875060230027884 ], [ 2029506.276233838172629, 824523.138028929242864 ], [ 2029593.887662032153457, 824745.645526884240098 ], [ 2029812.562356741167605, 824916.594564957427792 ], [ 2029907.375878020655364, 825033.179065033094957 ], [ 2030288.30802764557302, 825298.944031491526403 ], [ 2032064.8824806897901, 824402.416526907472871 ], [ 2032236.679166495101526, 824332.59481822908856 ], [ 2032347.149321581004187, 824863.435605369973928 ], [ 2032356.494058800628409, 825021.396233729552478 ], [ 2032321.588428599527106, 825024.516781682381406 ], [ 2032327.671642546541989, 825263.026857377495617 ], [ 2032332.180496578104794, 825490.476963798166253 ], [ 2032392.470297306543216, 825485.805001856177114 ], [ 2032398.619073021458462, 825664.291849646251649 ], [ 2032306.608060878468677, 825662.610985931241885 ], [ 2032315.914506940869614, 825855.315320204244927 ], [ 2032239.759581284364685, 825861.549406476435252 ], [ 2032244.28289762372151, 826076.359378596069291 ], [ 2032375.961434854194522, 826070.18653165793512 ], [ 2032374.136406260309741, 826286.567444244166836 ], [ 2032343.977535841055214, 826302.328513151616789 ], [ 2032360.922938511008397, 826760.378578438889235 ], [ 2032377.601283448049799, 827460.065731370938011 ], [ 2032385.034612990915775, 827911.770042186952196 ], [ 2032386.357810013229027, 828150.251635608961806 ], [ 2032319.726574224885553, 828156.49552723870147 ], [ 2032321.137234592111781, 828316.009176332852803 ], [ 2032381.40903624612838, 828322.392893966985866 ], [ 2032387.468398697907105, 828581.407434270600788 ], [ 2032423.94909882475622, 828584.606325469561853 ], [ 2032403.048668893286958, 828837.271628291346133 ], [ 2032357.040302807930857, 828843.53805913112592 ], [ 2032360.054379724431783, 828987.256906049442478 ], [ 2032332.931617441121489, 829129.36256512068212 ], [ 2032367.821920210262761, 829135.718136745039374 ], [ 2032284.859814310446382, 829569.92551402898971 ], [ 2032115.162382396636531, 829544.471244044834748 ], [ 2032087.97398891299963, 829748.165079336846247 ], [ 2032203.741040427237749, 829771.980556655325927 ], [ 2032190.921508296625689, 829890.409692118759267 ], [ 2032301.931062291143462, 829912.640988397994079 ], [ 2032281.202819072641432, 830010.530797660700046 ], [ 2030680.834038116969168, 829744.476007716380991 ], [ 2030651.583888769848272, 829722.239794380846433 ], [ 2030767.038267553318292, 829311.374052123981528 ], [ 2029559.877096111886203, 829444.8235671230359 ], [ 2029388.374985734000802, 829444.651360345771536 ], [ 2028980.076092833187431, 829390.005396272288635 ], [ 2028759.186013272032142, 829396.704660311806947 ], [ 2028675.337889381218702, 829567.351293959072791 ], [ 2028530.990274658659473, 829618.538449110579677 ], [ 2028462.969811193179339, 829935.176006789552048 ], [ 2028376.97032168880105, 830193.552077463362366 ], [ 2027932.533504124265164, 830215.331444542738609 ], [ 2027941.992600531782955, 827422.527401081519201 ], [ 2028021.955481513636187, 826367.292385902022943 ], [ 2028029.292730144923553, 825806.335897466982715 ], [ 2027964.650715679163113, 825056.381999213946983 ], [ 2028363.909702601842582, 825042.932067000307143 ] ] ] } },
{ "type": "Feature", "properties": { "neighborhood_name": "Oak Grove Community", "label_tier": 3 }, "geometry": { "type": "Polygon", "coordinates": [ [ [ 2057542.728562008123845, 811106.049157295958139 ], [ 2057021.256487798411399, 811174.560028839390725 ], [ 2057089.94195940811187, 810544.210598732111976 ], [ 2057056.204070184146985, 808262.834470777539536 ], [ 2057405.974286851240322, 808259.147702891728841 ], [ 2057990.497332916827872, 807306.566171600483358 ], [ 2057724.698624303098768, 806887.785193500225432 ], [ 2058235.896132707828656, 806518.223278953344561 ], [ 2059382.515706653008237, 806563.47290044138208 ], [ 2059387.660242292331532, 807385.437470873701386 ], [ 2059610.780670787673444, 807677.468529441044666 ], [ 2060585.609084781259298, 807778.112055589794181 ], [ 2060525.962524836417288, 808290.528006895561703 ], [ 2060540.403906156308949, 808893.009754607686773 ], [ 2060329.999748977832496, 809189.980790738016367 ], [ 2059717.017746255733073, 808694.38979591766838 ], [ 2059671.242586224339902, 808941.465940625872463 ], [ 2059042.014652357669547, 809748.317921105772257 ], [ 2059362.618040853645653, 810844.664181000785902 ], [ 2058518.144130044151098, 811006.778676063288003 ], [ 2057542.728562008123845, 811106.049157295958139 ] ] ] } },
{ "type": "Feature", "properties": { "neighborhood_name": "Oakhaven", "label_tier": 3 }, "geometry": { "type": "Polygon", "coordinates": [ [ [ 2019314.496089372085407, 779320.964708578772843 ], [ 2019339.539302471792325, 779073.819965207367204 ], [ 2019181.545505445217714, 778801.802819461096078 ], [ 2019294.893951441394165, 778499.022767520160414 ], [ 2019816.819117319304496, 778485.537599536706693 ], [ 2020135.274229578208178, 778870.145845713908784 ], [ 2020496.924093509791419, 778890.052127796690911 ], [ 2020498.781555570429191, 779199.823906385921873 ], [ 2020496.587378543103114, 779373.090044972719625 ], [ 2019314.496089372085407, 779320.964708578772843 ] ] ] } },
{ "type": "Feature", "properties": { "neighborhood_name": "Oakhurst", "label_tier": 3 }, "geometry": { "type": "Polygon", "coordinates": [ [ [ 2020498.781555570429191, 779199.823906385921873 ], [ 2020497.130385267548263, 778594.114166332874447 ], [ 2020454.375553568359464, 778313.798691988340579 ], [ 2020235.907552795717493, 777258.390769233345054 ], [ 2020676.456604254199192, 777157.139297434128821 ], [ 2020849.986129462486133, 778070.919660845655017 ], [ 2021010.205486375605687, 778113.986562295816839 ], [ 2021046.485123076243326, 778329.504844267619774 ], [ 2021231.657303267624229, 778271.396788024227135 ], [ 2021274.528305435320362, 778380.993991475785151 ], [ 2021394.096098968293518, 778518.675544784404337 ], [ 2021192.885182345053181, 778639.016304213088006 ], [ 2021188.022688604425639, 779221.060925759724341 ], [ 2020840.114757837727666, 779042.812542824307457 ], [ 2020717.962469860445708, 779209.441724525066093 ], [ 2020498.781555570429191, 779199.823906385921873 ] ] ] } },
{ "type": "Feature", "properties": { "neighborhood_name": "Old East Durham", "label_tier": 1 }, "geometry": { "type": "Polygon", "coordinates": [ [ [ 2034730.545426782453433, 814048.994977653957903 ], [ 2034718.283069765428081, 813160.041752391960472 ], [ 2034707.095983075909317, 813113.069874086882919 ], [ 2034727.248747910605744, 813083.972050011274405 ], [ 2034515.862843834795058, 812450.327295084600337 ], [ 2034373.867285538930446, 812180.785770817659795 ], [ 2036806.586277595022693, 810924.224419072386809 ], [ 2036878.310198583640158, 811299.254813322448172 ], [ 2036956.447553182952106, 811984.07472055463586 ], [ 2037026.669896179577336, 815423.796134220086969 ], [ 2037073.456562587991357, 815857.04086917580571 ], [ 2037304.911791158374399, 816697.496421355637722 ], [ 2036560.082918346859515, 816893.859638105146587 ], [ 2034964.416530687827617, 816904.2931723149959 ], [ 2034941.765762021532282, 816797.243729957379401 ], [ 2034808.707286869175732, 816745.758605681243353 ], [ 2034770.888422468211502, 816206.961392260971479 ], [ 2034792.800821344833821, 814940.556391726830043 ], [ 2034730.545426782453433, 814048.994977653957903 ] ] ] } },
{ "type": "Feature", "properties": { "neighborhood_name": "Old Farm", "label_tier": 3 }, "geometry": { "type": "Polygon", "coordinates": [ [ [ 2027064.394240795867518, 844645.404501875396818 ], [ 2027229.57839576061815, 844033.253703853464685 ], [ 2027516.579045321559533, 843376.442231632070616 ], [ 2028124.090392458252609, 842295.477825338370167 ], [ 2028227.673247879603878, 842461.940047276089899 ], [ 2028265.550368687603623, 842721.895622447598726 ], [ 2028252.032157502835616, 842948.310797625104897 ], [ 2028188.570955108385533, 843168.853489757049829 ], [ 2028319.501839130185544, 843168.979575370438397 ], [ 2028563.133816405432299, 843072.019044973189011 ], [ 2029117.997917194850743, 842668.488398908171803 ], [ 2029603.156356680439785, 842525.909165291814134 ], [ 2030029.701446961611509, 842188.884696495952085 ], [ 2030426.195540303364396, 842337.818340141908266 ], [ 2030770.612624150235206, 843101.917603250942193 ], [ 2031038.337925437837839, 843706.493951320997439 ], [ 2031294.770600731484592, 844081.720288864104077 ], [ 2031306.849899784428999, 845502.191189254401252 ], [ 2030901.038315108744428, 845546.173044350463897 ], [ 2030786.003754976438358, 845615.582529893377796 ], [ 2030742.913042696891353, 845843.422441585222259 ], [ 2030735.713145300513133, 846227.834623735281639 ], [ 2029073.89232930727303, 846314.964897911879234 ], [ 2029017.52946574264206, 846231.909362521837465 ], [ 2028718.683632121421397, 845398.342117049964145 ], [ 2028409.531165548600256, 845424.251530164736323 ], [ 2028116.482793723000214, 845607.442140900646336 ], [ 2027811.937658346490934, 845764.050353414029814 ], [ 2027584.078371670562774, 845770.751865527941845 ], [ 2027363.211925488431007, 845567.778292288072407 ], [ 2027196.766712891170755, 845314.984241997473873 ], [ 2026989.43017770559527, 845175.731987576116808 ], [ 2027007.562693966319785, 845061.806218610145152 ], [ 2027064.394240795867518, 844645.404501875396818 ] ] ] } },
{ "type": "Feature", "properties": { "neighborhood_name": "Old Five Points", "label_tier": 3 }, "geometry": { "type": "Polygon", "coordinates": [ [ [ 2030700.412522681755945, 819503.014935852494091 ], [ 2030939.865910103311762, 819354.744879593723454 ], [ 2030969.256340289022774, 819253.577478925697505 ], [ 2031102.369146472075954, 819249.349896464380436 ], [ 2031102.392666648840532, 819227.144522162969224 ], [ 2031398.390514161670581, 819038.895675976993516 ], [ 2031620.593800265807658, 820083.152286451891996 ], [ 2031600.179754891432822, 820087.498589217662811 ], [ 2031593.696321109775454, 820065.286192675936036 ], [ 2031473.872616087784991, 820092.823278965079226 ], [ 2031491.833665939979255, 820169.287428984534927 ], [ 2031142.110664423555136, 820266.108658945187926 ], [ 2031124.147220416693017, 820191.100806392147206 ], [ 2031009.068968123523518, 820207.360099744983017 ], [ 2030918.57406163518317, 820192.33971445041243 ], [ 2030921.129340324085206, 820012.878929373342544 ], [ 2030776.784646724816412, 820012.727279652724974 ], [ 2030772.254224529257044, 819819.790234418818727 ], [ 2030889.682953879470006, 819819.91353325417731 ], [ 2030892.141190355177969, 819732.55056387046352 ], [ 2030772.344256610609591, 819733.880866131628864 ], [ 2030768.010759247466922, 819635.226062140543945 ], [ 2030844.916707766009495, 819635.306747829192318 ], [ 2030831.370279511902481, 819578.140897429431789 ], [ 2030978.083450955338776, 819578.295311863534153 ], [ 2030960.0999726485461, 819521.488747721421532 ], [ 2030718.432692573172972, 819525.239187591359951 ], [ 2030700.412522681755945, 819503.014935852494091 ] ] ] } },
{ "type": "Feature", "properties": { "neighborhood_name": "Old North Durham", "label_tier": 1 }, "geometry": { "type": "Polygon", "coordinates": [ [ [ 2033807.743095384910703, 821800.504473676439375 ], [ 2033331.68845664919354, 821680.560324040125124 ], [ 2033106.014796311501414, 821680.305000735679641 ], [ 2032814.907280336134136, 821741.134230500785634 ], [ 2031975.25098759518005, 821977.551453871419653 ], [ 2031295.781846107915044, 822060.180853562662378 ], [ 2030885.161335204960778, 822150.024014377035201 ], [ 2030672.780252700671554, 822169.458675986970775 ], [ 2029574.129114941926673, 822047.475499986554496 ], [ 2029434.267068696441129, 822011.29657702462282 ], [ 2029204.275655468227342, 821894.215211086440831 ], [ 2029125.363013905705884, 821835.892993102082983 ], [ 2028978.803757329238579, 821691.230483075371012 ], [ 2028972.01322786253877, 821678.846969816018827 ], [ 2028899.95282507641241, 821569.204772412660532 ], [ 2028825.57930035982281, 821404.956927592633292 ], [ 2028663.670788224553689, 820921.739009993849322 ], [ 2028992.879810253391042, 820915.145786436041817 ], [ 2028666.359621829586104, 820288.340833256370388 ], [ 2029156.176119461422786, 820293.19139953632839 ], [ 2029165.704853925853968, 819633.590822707279585 ], [ 2029578.630659697111696, 819634.003872800851241 ], [ 2029588.196365363895893, 819240.868672521784902 ], [ 2030310.222945635439828, 819252.889806571300142 ], [ 2030330.498255560873076, 819383.230962026165798 ], [ 2030359.781925756018609, 819383.261224586283788 ], [ 2030393.628376045962796, 819547.470620294683613 ], [ 2030454.56928375409916, 819540.253301536664367 ], [ 2030445.455559225520119, 819486.368440883699805 ], [ 2030526.837781524052843, 819448.95856343570631 ], [ 2030538.059402402956039, 819466.80735963920597 ], [ 2030560.549582127016038, 819457.366159550496377 ], [ 2030621.381767832906917, 819554.623685720027424 ], [ 2030700.411000293679535, 819504.471026414306834 ], [ 2030718.432692573172972, 819525.239187591359951 ], [ 2030960.098437381908298, 819522.944838297669776 ], [ 2030978.084603076102212, 819577.203243862371892 ], [ 2030831.371426176512614, 819577.048829422565177 ], [ 2030844.916707766009495, 819635.306747829192318 ], [ 2030768.010759247466922, 819635.226062140543945 ], [ 2030770.273718799697235, 819733.878696301952004 ], [ 2030892.139658447122201, 819734.006654775352217 ], [ 2030892.047743966570124, 819821.372113738791086 ], [ 2030774.619020452955738, 819821.248805442359298 ], [ 2030778.85783591074869, 820010.181290064123459 ], [ 2030921.127806963631883, 820014.335020732250996 ], [ 2030918.57406163518317, 820192.33971445041243 ], [ 2031011.139472546987236, 820207.362286413088441 ], [ 2031126.216182446107268, 820192.559092789655551 ], [ 2031144.18116470426321, 820266.110854991013184 ], [ 2031491.835227609844878, 820167.831337418872863 ], [ 2031473.87417686264962, 820091.367187514551915 ], [ 2031593.696321109775454, 820065.286192675936036 ], [ 2031598.109242008067667, 820087.496361015597358 ], [ 2031746.925016227643937, 820055.622834144160151 ], [ 2031735.737797798821703, 820006.83162394084502 ], [ 2031783.078909407835454, 819993.049945361330174 ], [ 2031765.145287532126531, 819891.832082575652748 ], [ 2031814.850154665531591, 819880.601176356431097 ], [ 2031835.164523970801383, 819968.35278970329091 ], [ 2031934.578446173341945, 819941.887045960174873 ], [ 2031972.762579807313159, 819916.810996657470241 ], [ 2032144.30481628398411, 819931.195191915147007 ], [ 2032139.903042791411281, 819899.156330265570432 ], [ 2032320.310165737755597, 819921.559768931241706 ], [ 2032306.59251781902276, 820022.74313471862115 ], [ 2032460.091304568806663, 820036.745307278819382 ], [ 2032469.327957634115592, 819975.963635310181417 ], [ 2032539.131261672591791, 819978.589068892644718 ], [ 2032543.587860667379573, 819960.756868838565424 ], [ 2032778.419403035193682, 819983.223494505975395 ], [ 2032785.287979306420311, 819924.623420702992007 ], [ 2033089.917619867017493, 819954.451017563929781 ], [ 2033030.859071361366659, 820129.115697300177999 ], [ 2033080.526293087052181, 820151.377033550757915 ], [ 2033144.04246760555543, 819958.516317844274454 ], [ 2033735.275027923984453, 820002.144380457815714 ], [ 2033719.042438955279067, 820228.548240033793263 ], [ 2033734.856799956876785, 820366.16724705544766 ], [ 2033786.454514781013131, 820509.287788485875353 ], [ 2033924.076301234541461, 820694.006390283233486 ], [ 2034043.483371859649196, 820770.589541000081226 ], [ 2033966.619300011079758, 820992.554935219464824 ], [ 2033807.743095384910703, 821800.504473676439375 ] ] ] } },
{ "type": "Feature", "properties": { "neighborhood_name": "Old West Durham", "label_tier": 2 }, "geometry": { "type": "Polygon", "coordinates": [ [ [ 2023872.096334144240245, 824495.810584086808376 ], [ 2023165.829808840993792, 824535.651565738604404 ], [ 2023165.792467550374568, 824582.974781793658622 ], [ 2019329.880833450471982, 824784.052568442421034 ], [ 2019101.867710687685758, 824779.899051301414147 ], [ 2018856.137927756877616, 824732.416944950353354 ], [ 2018883.115427790675312, 824631.235340589657426 ], [ 2016353.337697002105415, 825695.946866138721816 ], [ 2016105.147646320983768, 825826.494777089799754 ], [ 2016096.462628840235993, 824946.276983938645571 ], [ 2015981.541386588709429, 824723.7949134594528 ], [ 2016703.531577484915033, 824571.670362672884949 ], [ 2017398.641372075071558, 824377.684788076090626 ], [ 2018152.341533556580544, 824145.893299299874343 ], [ 2018570.043820233317092, 823975.426935984287411 ], [ 2018865.601721554528922, 823811.804270736058243 ], [ 2019114.164706395473331, 823607.747248888132162 ], [ 2019312.764977795537561, 823378.905803168076091 ], [ 2020073.97830990026705, 822167.215727402246557 ], [ 2020446.634664030047134, 821756.489888102398254 ], [ 2020694.914603573735803, 821574.651940743322484 ], [ 2021168.913381105288863, 821337.646397968987003 ], [ 2022026.846182758454233, 821091.10543820692692 ], [ 2022455.549914031289518, 820931.623838624334894 ], [ 2022694.928578556748107, 820810.952087459852919 ], [ 2023875.745678311679512, 820007.761006806627847 ], [ 2024204.798383674584329, 820560.61774129641708 ], [ 2023703.521347287809476, 820833.954415522282943 ], [ 2023872.096334144240245, 824495.810584086808376 ] ] ] } },
{ "type": "Feature", "properties": { "neighborhood_name": "Omah Street", "label_tier": 3 }, "geometry": { "type": "Polygon", "coordinates": [ [ [ 2018665.983148328028619, 839599.198981546098366 ], [ 2019198.825793174328282, 838860.924099940573797 ], [ 2019302.746072515612468, 838609.811102412175387 ], [ 2018846.293468198738992, 836377.645417437772267 ], [ 2018885.082693817326799, 835821.069095802493393 ], [ 2019126.961320692440495, 834831.066088175517507 ], [ 2018947.82128479052335, 829308.281745811807923 ], [ 2019293.16346603888087, 829352.917971721850336 ], [ 2022029.512487388215959, 829361.760536344023421 ], [ 2021173.767132014967501, 830190.020364804076962 ], [ 2021027.159883714513853, 830528.824372407747433 ], [ 2020970.541768004186451, 830728.634903701720759 ], [ 2020831.387691093841568, 832654.607001074240543 ], [ 2020801.60821023164317, 833372.81382477004081 ], [ 2020902.02869996917434, 838081.606290237978101 ], [ 2020917.069721012143418, 839374.654039092012681 ], [ 2020950.452080920338631, 839816.247522075194865 ], [ 2018947.870948810596019, 839763.557664584717713 ], [ 2018665.983148328028619, 839599.198981546098366 ] ] ] } },
{ "type": "Feature", "properties": { "neighborhood_name": "Orchard Ridge", "label_tier": 3 }, "geometry": { "type": "Polygon", "coordinates": [ [ [ 2051413.674944817554206, 802939.96765016624704 ], [ 2051718.059448372805491, 803193.409505618154071 ], [ 2052219.416867461754009, 803383.975642222561873 ], [ 2052720.450116272317246, 803751.580346300965175 ], [ 2052278.492384289857, 804089.04481780261267 ], [ 2052097.837567484006286, 803902.210368931177072 ], [ 2051945.31591729237698, 803965.16535699297674 ], [ 2052014.744921523146331, 804205.542190825100988 ], [ 2051881.242523645283654, 804287.49783780798316 ], [ 2051925.415451946202666, 804445.636215153266676 ], [ 2051696.793762292480096, 804451.555420407676138 ], [ 2051703.399969783145934, 804306.151599889737554 ], [ 2051500.167448558611795, 804318.439484171220101 ], [ 2051413.674944817554206, 802939.96765016624704 ] ] ] } },
{ "type": "Feature", "properties": { "neighborhood_name": "Orchid Court", "label_tier": 3 }, "geometry": { "type": "Polygon", "coordinates": [ [ [ 2020839.163346539018676, 795388.461160167818889 ], [ 2020755.702949198894203, 795511.725918200681917 ], [ 2020571.298682203982025, 795353.210352773079649 ], [ 2020637.588182929204777, 795233.372869527782314 ], [ 2020715.462739119771868, 795149.629973518894985 ], [ 2020910.821924621239305, 795113.403223767061718 ], [ 2021020.306547639425844, 795243.130642017349601 ], [ 2021009.061197884380817, 795423.365822750842199 ], [ 2020946.018893997184932, 795440.838320312672295 ], [ 2020839.163346539018676, 795388.461160167818889 ] ] ] } },
{ "type": "Feature", "properties": { "neighborhood_name": "Pagehurst", "label_tier": 3 }, "geometry": { "type": "Polygon", "coordinates": [ [ [ 2054291.08576470031403, 792007.921626108931378 ], [ 2053261.131959863938391, 791964.539671981823631 ], [ 2053268.415276206564158, 791703.191678542643785 ], [ 2053217.072346870554611, 791443.557611051597632 ], [ 2052917.387419062666595, 790980.720564424991608 ], [ 2053198.302043976029381, 790526.940190254012123 ], [ 2053133.148161854362115, 790371.389092294150032 ], [ 2053688.812171226600185, 790422.268503757426515 ], [ 2054291.08576470031403, 792007.921626108931378 ] ] ] } },
{ "type": "Feature", "properties": { "neighborhood_name": "Parc at University", "label_tier": 3 }, "geometry": { "type": "Polygon", "coordinates": [ [ [ 2013693.980177737306803, 809510.161494628060609 ], [ 2013499.935545849613845, 809375.384661672520451 ], [ 2013344.035183201776817, 809294.865246937260963 ], [ 2013238.119410180486739, 809261.327584912069142 ], [ 2012696.330823708791286, 809265.456635025562719 ], [ 2012705.308647252153605, 809032.124448589864187 ], [ 2012815.998508106218651, 808977.933737510582432 ], [ 2012741.528160800226033, 808755.84992186864838 ], [ 2012847.868004594696686, 808501.811239225091413 ], [ 2013400.845313346711919, 808650.577899404801428 ], [ 2013829.791205265326425, 808891.029054200858809 ], [ 2013818.32950908318162, 809353.327565440209582 ], [ 2013693.980177737306803, 809510.161494628060609 ] ] ] } },
{ "type": "Feature", "properties": { "neighborhood_name": "Park Ridge", "label_tier": 3 }, "geometry": { "type": "Polygon", "coordinates": [ [ [ 2014363.446154411882162, 788608.012347585638054 ], [ 2014584.762585192918777, 788353.677620511269197 ], [ 2015097.486058085691184, 788615.296409255359322 ], [ 2015327.863400899339467, 788600.127172987558879 ], [ 2015350.533629129407927, 788848.758597238105722 ], [ 2016170.460745834978297, 788812.797108347644098 ], [ 2016251.954169145785272, 788694.902445070096292 ], [ 2016403.287174426484853, 788652.03319536568597 ], [ 2016473.046892623882741, 789396.111174791585654 ], [ 2015052.006740724900737, 789535.857527934364043 ], [ 2014363.446154411882162, 788608.012347585638054 ] ] ] } },
{ "type": "Feature", "properties": { "neighborhood_name": "Parkside", "label_tier": 3 }, "geometry": { "type": "Polygon", "coordinates": [ [ [ 2023112.370596575783566, 809411.952902224729769 ], [ 2023340.44035013508983, 809122.01013840152882 ], [ 2023729.219099363079295, 808794.704682388924994 ], [ 2023686.453423786675557, 808621.033227999811061 ], [ 2023709.007282418431714, 808540.239274217630737 ], [ 2023839.865335299866274, 808455.892856389284134 ], [ 2023952.915781807852909, 808437.783891798229888 ], [ 2024210.499461515806615, 808260.35398373415228 ], [ 2024138.051377461757511, 808200.595318078878336 ], [ 2024246.698632338317111, 808140.985757432179525 ], [ 2024280.43664595996961, 808135.553347131120972 ], [ 2024348.249050255399197, 808075.910441246000119 ], [ 2024381.987459615804255, 808070.114129702094942 ], [ 2024641.89751679613255, 807948.38482198654674 ], [ 2024675.661816573003307, 807912.011320530786179 ], [ 2024725.383922802750021, 807901.132577042561024 ], [ 2024781.968511942075565, 807823.280317047727294 ], [ 2024804.45529635832645, 807826.211443618289195 ], [ 2024917.599235438741744, 807701.448894075234421 ], [ 2024973.560760887805372, 808009.456002047751099 ], [ 2025041.10954486601986, 808261.050312198116444 ], [ 2024905.599713249830529, 808242.734177707810886 ], [ 2024849.367861299775541, 808253.971130634541623 ], [ 2024831.184923565713689, 808410.847773215151392 ], [ 2024779.112674621865153, 808402.431372578721493 ], [ 2024706.383943480439484, 809029.938439998659305 ], [ 2024600.268289495259523, 809249.352783348062076 ], [ 2024530.03284600446932, 809378.520783989573829 ], [ 2024579.720128051703796, 809406.22776504047215 ], [ 2024498.222662855638191, 809557.591604321380146 ], [ 2024405.648486193036661, 809508.735986122279428 ], [ 2023884.346090270671993, 809430.771420779521577 ], [ 2023581.959323176648468, 809408.321939294808544 ], [ 2023460.029596127336845, 809434.433672452229075 ], [ 2023385.423226080369204, 809485.700863386970013 ], [ 2023146.01515001617372, 809523.005197765887715 ], [ 2023112.370596575783566, 809411.952902224729769 ] ] ] } },
{ "type": "Feature", "properties": { "neighborhood_name": "Parkwood", "label_tier": 2 }, "geometry": { "type": "Polygon", "coordinates": [ [ [ 2027021.198873784160241, 783601.225515279569663 ], [ 2026001.791439360240474, 783982.152099387953058 ], [ 2025984.025736002949998, 783643.24363728670869 ], [ 2025877.744015031959862, 783600.196793087292463 ], [ 2025878.129142980789766, 783162.658019707538188 ], [ 2025946.055040913634002, 783043.322888295049779 ], [ 2026009.443095709895715, 783032.458624308812432 ], [ 2026018.53698957641609, 782796.224780552787706 ], [ 2025842.420026996638626, 782682.134628004860133 ], [ 2025698.0846304257866, 782461.418691264931113 ], [ 2025508.24911515112035, 782452.881169901462272 ], [ 2025485.91746620927006, 782248.652829883852974 ], [ 2025135.517809513024986, 782285.844084669952281 ], [ 2025153.476014200365171, 782412.170517903403379 ], [ 2024172.866807371377945, 782411.347916564554907 ], [ 2024166.359550199937075, 782040.781602333299816 ], [ 2023752.932140645105392, 782006.95588559191674 ], [ 2023588.323428101604804, 781559.820750271785073 ], [ 2022856.052955039544031, 781719.042145833140239 ], [ 2022553.408020456088707, 781660.20304830360692 ], [ 2022574.069891043938696, 781366.100011434871703 ], [ 2022684.74887896887958, 781100.823050995706581 ], [ 2022883.940969149349257, 780896.768727547489107 ], [ 2023136.986672862665728, 780762.283697779057547 ], [ 2023293.173240310745314, 780639.008223406272009 ], [ 2023399.312605146318674, 780506.95752500614617 ], [ 2023627.519232871476561, 780697.516318292589858 ], [ 2024002.527248397702351, 780650.498993137502111 ], [ 2024755.246272762306035, 780516.440069388016127 ], [ 2024958.7354435257148, 780505.691854521865025 ], [ 2025062.61646569846198, 780600.058344757766463 ], [ 2025116.653576808748767, 780793.028833517339081 ], [ 2025679.570299751590937, 780261.699104027240537 ], [ 2025964.599335025297478, 780153.839019438368268 ], [ 2026059.668175485916436, 779828.863968389574438 ], [ 2026107.624999094288796, 779191.528782171662897 ], [ 2024690.935368694132194, 779151.356206900440156 ], [ 2024850.915559095796198, 777010.399974220315926 ], [ 2025054.706869247369468, 776325.876103946357034 ], [ 2025080.002013693097979, 775842.86091423232574 ], [ 2025990.925368410767987, 775836.735784221673384 ], [ 2026063.396962448954582, 775621.672097413334996 ], [ 2026296.320075295632705, 775530.149837649194524 ], [ 2026219.805477651301771, 775293.841385563486256 ], [ 2026190.274314770009369, 775189.709267223486677 ], [ 2026373.37795250909403, 775159.296379791921936 ], [ 2026357.791739530162886, 775031.516210635891184 ], [ 2026583.867710778024048, 774983.306879408657551 ], [ 2026649.153441251255572, 775186.117451451951638 ], [ 2027478.642070445930585, 775168.680512787308544 ], [ 2027477.650599230779335, 776229.758484794991091 ], [ 2028384.048118649749085, 776297.232616845867597 ], [ 2028378.757637953385711, 776867.990189641597681 ], [ 2028400.565174422692508, 777905.067470877780579 ], [ 2028863.149216272868216, 780722.938270739396103 ], [ 2028884.942979486892, 781753.467731429846026 ], [ 2028106.26169596076943, 783034.388404705096036 ], [ 2027920.813865692354739, 783088.08505617454648 ], [ 2027913.914360940689221, 783492.492763570509851 ], [ 2027391.770297147566453, 783514.206207853858359 ], [ 2027021.198873784160241, 783601.225515279569663 ] ] ] } },
{ "type": "Feature", "properties": { "neighborhood_name": "Penrith", "label_tier": 3 }, "geometry": { "type": "Polygon", "coordinates": [ [ [ 2026634.55437698145397, 791296.423885719152167 ], [ 2026664.567213288741186, 788238.753641770919785 ], [ 2027102.687126609729603, 788369.834306993754581 ], [ 2028914.597700292011723, 788339.527809038641863 ], [ 2029239.850683011347428, 788212.081661084666848 ], [ 2032115.780655599199235, 788102.603702602209523 ], [ 2032824.53080163593404, 792732.89018122642301 ], [ 2032273.505381618626416, 792779.601594381267205 ], [ 2031616.246311061317101, 792778.887204180122353 ], [ 2031349.439116529654711, 792829.927202432882041 ], [ 2031157.455401079729199, 792957.491545793251134 ], [ 2030235.78500860161148, 792988.562029444263317 ], [ 2030050.896999517688528, 792552.285119241802022 ], [ 2030121.28486746083945, 792337.225705048535019 ], [ 2030013.437654332024977, 791834.414110120851547 ], [ 2029674.632752851350233, 791638.231430838699453 ], [ 2029356.680636806646362, 791309.937082258053124 ], [ 2029412.669794576009735, 791575.357991887605749 ], [ 2029279.373775412561372, 791637.835019646794535 ], [ 2029559.208772054873407, 791887.827610666165128 ], [ 2028955.5252328554634, 792481.659127481165342 ], [ 2028054.049493940314278, 792744.694007120910101 ], [ 2028059.445071053924039, 791744.756717479671352 ], [ 2027472.222957835765556, 791861.049939285032451 ], [ 2027392.71748281433247, 792348.388439751579426 ], [ 2027385.408664201153442, 792884.208276378572918 ], [ 2027281.355550504988059, 793030.080635309452191 ], [ 2026450.012505143880844, 793036.236938304966316 ], [ 2026384.857409117277712, 792730.771669932757504 ], [ 2026376.499734285287559, 791816.728706386988051 ], [ 2026291.22169516980648, 791495.95746382640209 ], [ 2026130.894367605447769, 791332.008992199203931 ], [ 2026634.55437698145397, 791296.423885719152167 ] ] ] } },
{ "type": "Feature", "properties": { "neighborhood_name": "Pine Valley", "label_tier": 3 }, "geometry": { "type": "Polygon", "coordinates": [ [ [ 2023971.226125149987638, 847370.612345663248561 ], [ 2024030.664161442313343, 848349.194904117030092 ], [ 2023894.007786337984726, 848753.113653448759578 ], [ 2023440.666756690945476, 848727.496153446496464 ], [ 2023323.014562854776159, 849166.148235601489432 ], [ 2023027.887975808000192, 849532.057711735600606 ], [ 2022340.058728066273034, 849373.706256439443678 ], [ 2022304.477503748610616, 850304.80234199995175 ], [ 2022009.273238520137966, 850806.426805581431836 ], [ 2021032.846393302548677, 850840.429089805693366 ], [ 2019875.745880742557347, 850842.778446390875615 ], [ 2019926.890400222269818, 850221.026879337150604 ], [ 2020244.27848090720363, 849687.823242880869657 ], [ 2020038.265676303301007, 849608.772544125909917 ], [ 2020228.764579189475626, 849198.571840042830445 ], [ 2020561.5409209956415, 849350.310875465744175 ], [ 2020793.213988663628697, 849009.580848518759012 ], [ 2020850.836346157826483, 848226.814789985655807 ], [ 2021887.818740432849154, 847883.507352399290539 ], [ 2022267.852841821499169, 847654.152868158533238 ], [ 2022594.679397992091253, 847435.808614882640541 ], [ 2022867.654703717678785, 847289.632166440133005 ], [ 2023101.063339536311105, 847190.184001010842621 ], [ 2023273.646852663718164, 847455.279054046259262 ], [ 2023971.226125149987638, 847370.612345663248561 ] ] ] } },
{ "type": "Feature", "properties": { "neighborhood_name": "Placid Valley", "label_tier": 3 }, "geometry": { "type": "Polygon", "coordinates": [ [ [ 2010608.739349820883945, 844565.308891828171909 ], [ 2010672.078076703241095, 844309.78070105065126 ], [ 2010976.669209684012458, 843825.365365827805363 ], [ 2011224.744367454899475, 843537.873407887527719 ], [ 2011833.679792329901829, 843290.934577004401945 ], [ 2012262.196154390694574, 843378.842384371906519 ], [ 2012279.606422555400059, 844856.45908208261244 ], [ 2012403.115202454850078, 845617.340710301534273 ], [ 2012297.147628547158092, 846017.369003632105887 ], [ 2012326.279314168030396, 846315.888883196050301 ], [ 2012393.826356105273589, 846618.429471669252962 ], [ 2011987.76436374662444, 846660.124632383463904 ], [ 2011830.091217520646751, 846326.605611282750033 ], [ 2011399.536497233668342, 846268.18974429985974 ], [ 2011043.693262280663475, 845569.473123782197945 ], [ 2010890.495174264768139, 845077.970811001840048 ], [ 2010608.739349820883945, 844565.308891828171909 ] ] ] } },
{ "type": "Feature", "properties": { "neighborhood_name": "Pleasant Drive", "label_tier": 3 }, "geometry": { "type": "Polygon", "coordinates": [ [ [ 2041111.82456750003621, 807413.873945461818948 ], [ 2042512.468419369775802, 805317.667297139181755 ], [ 2045025.254782926989719, 805327.235305211273953 ], [ 2046434.11512019042857, 805387.671203189180233 ], [ 2046668.944665252696723, 806782.232476542470977 ], [ 2047429.191885120933875, 807134.727857897756621 ], [ 2047824.258457251125947, 807125.539876190014184 ], [ 2047822.681851069442928, 806821.581926829647273 ], [ 2048578.999205824686214, 806857.404651069897227 ], [ 2048598.811677938792855, 807044.906912397244014 ], [ 2049012.027620109496638, 807155.163000057218596 ], [ 2048970.92698499886319, 807313.442521784454584 ], [ 2049022.032622537342831, 807898.14177794533316 ], [ 2048595.32990154880099, 807897.432782178279012 ], [ 2048588.888843465363607, 807676.826764344703406 ], [ 2048211.880090234801173, 807686.034088358050212 ], [ 2048192.031845774967223, 807338.727739502908662 ], [ 2047517.018632418476045, 807355.465014913468622 ], [ 2047395.116588189499453, 807345.803600567742251 ], [ 2047252.877065891167149, 807285.875412231427617 ], [ 2047221.071221070131287, 807374.644793185056187 ], [ 2046555.186072351178154, 807420.904347162344493 ], [ 2045868.461695712292567, 807548.686611878918484 ], [ 2044821.795260167215019, 806977.746035809046589 ], [ 2044446.215343116316944, 807602.195108899846673 ], [ 2043359.903915199218318, 807810.246283767162822 ], [ 2041111.82456750003621, 807413.873945461818948 ] ] ] } },
{ "type": "Feature", "properties": { "neighborhood_name": "Pleasant Green Woods", "label_tier": 3 }, "geometry": { "type": "Polygon", "coordinates": [ [ [ 2001565.513337730662897, 842328.792742477613501 ], [ 2000791.771439687116072, 842518.189981356146745 ], [ 2000804.437562699662521, 843174.865788090974092 ], [ 1999891.200899805175141, 843200.111419456428848 ], [ 1999015.948662802111357, 841179.543018865981139 ], [ 1997595.257403905969113, 841129.108674851711839 ], [ 1996872.050187390996143, 839462.087811544188298 ], [ 1998597.245281100040302, 838918.867471268982626 ], [ 1999434.480449556140229, 837883.157211869140156 ], [ 2001400.832036005100235, 837857.924204568029381 ], [ 2002199.977571674389765, 838944.176499536144547 ], [ 2002288.664980451809242, 840383.972707879263908 ], [ 2001629.029038958018646, 840623.886769251083024 ], [ 2001299.179604961536825, 841545.796489119180478 ], [ 2001565.513337730662897, 842328.792742477613501 ] ] ] } },
{ "type": "Feature", "properties": { "neighborhood_name": "Preston Avenue", "label_tier": 3 }, "geometry": { "type": "Polygon", "coordinates": [ [ [ 2021635.933165160473436, 834622.806890954496339 ], [ 2021631.373381542041898, 834488.589406167855486 ], [ 2021464.950076012639329, 834485.309228585567325 ], [ 2021450.998443830292672, 834044.855273140594363 ], [ 2021618.915896764257923, 834041.623072506859899 ], [ 2021605.079682123381644, 833716.530954648042098 ], [ 2021411.593459002673626, 833709.875642272876576 ], [ 2021397.449353549396619, 833395.833122228272259 ], [ 2021324.519402326783165, 833359.363145052455366 ], [ 2021337.31080737314187, 833217.25729000242427 ], [ 2021396.798015675041825, 833201.509983043535613 ], [ 2021376.330997923156247, 832993.847704910906032 ], [ 2021600.758982523577288, 832987.695727104670368 ], [ 2021591.933955399785191, 832721.910267835832201 ], [ 2021745.274404167896137, 832735.939180569374003 ], [ 2021763.857701108325273, 833208.09612200956326 ], [ 2022036.933760054176673, 833230.406741352635436 ], [ 2022183.905678312759846, 833666.433612334541976 ], [ 2021863.331404131371528, 833939.266529928776436 ], [ 2021856.760948981158435, 834376.548971848678775 ], [ 2021777.365201900945976, 834374.910951587953605 ], [ 2021773.91024614777416, 834622.810246943612583 ], [ 2021635.933165160473436, 834622.806890954496339 ] ] ] } },
{ "type": "Feature", "properties": { "neighborhood_name": "Preston Woods", "label_tier": 3 }, "geometry": { "type": "Polygon", "coordinates": [ [ [ 2020159.682456574169919, 808907.067930753226392 ], [ 2019990.859349422156811, 808272.468026806367561 ], [ 2020002.267394018126652, 808032.223588598542847 ], [ 2019715.886124791111797, 807944.665556910913438 ], [ 2019725.188731353264302, 807311.279983400483616 ], [ 2019790.763042907463387, 807048.867027900298126 ], [ 2019788.841192225925624, 806826.814740240806714 ], [ 2021791.339471234474331, 806828.231949112028815 ], [ 2021931.228360423818231, 806937.905475900508463 ], [ 2022084.69919247366488, 807086.53982572176028 ], [ 2022310.207450839923695, 807452.184471071115695 ], [ 2021926.189353827619925, 807742.017905674758367 ], [ 2021427.018456355901435, 808102.755823862971738 ], [ 2020159.682456574169919, 808907.067930753226392 ] ] ] } },
{ "type": "Feature", "properties": { "neighborhood_name": "Providence Ridge", "label_tier": 3 }, "geometry": { "type": "Polygon", "coordinates": [ [ [ 2027385.408664201153442, 792884.208276378572918 ], [ 2027387.980411060387269, 792348.384025074890815 ], [ 2027472.222957835765556, 791861.049939285032451 ], [ 2028059.445071053924039, 791744.756717479671352 ], [ 2028054.048104087356478, 792746.150056699174456 ], [ 2028083.077295174123719, 793040.300106270588003 ], [ 2027552.277857062872499, 793001.212343498598784 ], [ 2027385.408664201153442, 792884.208276378572918 ] ] ] } },
{ "type": "Feature", "properties": { "neighborhood_name": "Ravenstone", "label_tier": 3 }, "geometry": { "type": "Polygon", "coordinates": [ [ [ 2061210.004891016054899, 810466.598813449032605 ], [ 2060822.891404079971835, 809940.877869380055927 ], [ 2060330.031150142662227, 809174.692034080973826 ], [ 2060540.429414534242824, 808880.633146148640662 ], [ 2060523.6042739758268, 808286.154917328269221 ], [ 2060587.976377206854522, 807778.1169381684158 ], [ 2060591.844590003835037, 807050.451185656129383 ], [ 2061977.054637231165543, 805363.567405613372102 ], [ 2062688.923190278466791, 806130.244277476449497 ], [ 2062935.038080241763964, 807143.106330907088704 ], [ 2062723.51626095874235, 807807.716551767545752 ], [ 2062322.265129565494135, 808641.558614212903194 ], [ 2062435.138311826391146, 808717.878365993266925 ], [ 2062567.977122749667615, 808867.044973847456276 ], [ 2062842.160811812616885, 809336.85151855670847 ], [ 2062886.987092145951465, 809545.166731809149496 ], [ 2062895.08648479776457, 810046.439411235623993 ], [ 2062870.026917218230665, 810142.123014493728988 ], [ 2061210.004891016054899, 810466.598813449032605 ] ] ] } },
{ "type": "Feature", "properties": { "neighborhood_name": "Ridgefield", "label_tier": 3 }, "geometry": { "type": "Polygon", "coordinates": [ [ [ 2058460.879645224427804, 823084.170995058957487 ], [ 2057851.775180130498484, 823013.461701271357015 ], [ 2057445.947052615461871, 822842.066445031552576 ], [ 2057281.70710033364594, 822449.99735505040735 ], [ 2057129.786885859677568, 822247.506712192669511 ], [ 2056755.688593596220016, 822069.859738602652214 ], [ 2055956.200195357203484, 821979.864071374875493 ], [ 2055499.705813848646358, 821738.887576569453813 ], [ 2055259.21455072495155, 821378.26524874009192 ], [ 2055190.042947912355885, 821036.918632107786834 ], [ 2055197.102372516412288, 820657.797831464326009 ], [ 2055222.810402167961001, 820487.234255382907577 ], [ 2054759.609946454642341, 820423.176909640082158 ], [ 2054893.649633609689772, 820019.008986314176582 ], [ 2055712.055518302600831, 820203.803084334707819 ], [ 2056035.324693078640848, 820425.583764386712573 ], [ 2056346.271310322452337, 820451.454776838421822 ], [ 2056720.697873211698607, 820471.13263782847207 ], [ 2057012.713371234945953, 820440.103257137816399 ], [ 2057412.341644309926778, 820554.623524172464386 ], [ 2057393.066535292891786, 820674.645941673777997 ], [ 2057043.539115961641073, 820907.76466287591029 ], [ 2056916.261450556572527, 821084.446053190738894 ], [ 2057252.45156465144828, 821179.882293307920918 ], [ 2057435.961308851838112, 821458.267996496171691 ], [ 2057555.704739683307707, 821888.175912096630782 ], [ 2057625.206461952999234, 822046.278844880755059 ], [ 2058152.102696686051786, 821977.812479242216796 ], [ 2058507.544675981160253, 821959.562621800578199 ], [ 2058818.498233800753951, 821972.821235236246139 ], [ 2058792.631418151315302, 822212.877692828187719 ], [ 2058716.082265038508922, 822408.600861621671356 ], [ 2058582.152063616085798, 822736.8972038612701 ], [ 2058460.879645224427804, 823084.170995058957487 ] ] ] } },
{ "type": "Feature", "properties": { "neighborhood_name": "Rigsbee Hill", "label_tier": 3 }, "geometry": { "type": "Polygon", "coordinates": [ [ [ 2029604.901156354229897, 818221.621896588709205 ], [ 2029607.691892162431031, 817800.814775586593896 ], [ 2029865.052656788844615, 817795.615054373978637 ], [ 2030029.580564107513055, 818029.121203043730929 ], [ 2029952.581294902134687, 818116.407953116227873 ], [ 2029857.8607409640681, 818177.467268063453957 ], [ 2029708.729185034288093, 818221.726757330703549 ], [ 2029604.901156354229897, 818221.621896588709205 ] ] ] } },
{ "type": "Feature", "properties": { "neighborhood_name": "River Forest", "label_tier": 3 }, "geometry": { "type": "Polygon", "coordinates": [ [ [ 2028267.044510188046843, 847601.712465455988422 ], [ 2026894.6451697263401, 847142.7131654729601 ], [ 2026999.662031270330772, 846719.817105620051734 ], [ 2026939.438445073086768, 846700.821635377011262 ], [ 2026971.318375720409676, 846511.449209471000358 ], [ 2027098.136557799531147, 846517.879487721133046 ], [ 2027301.677731830393896, 845848.839230098878033 ], [ 2027584.040265645133331, 845770.77574879291933 ], [ 2027811.840287756174803, 845764.18400277546607 ], [ 2028116.475271563511342, 845607.423895326210186 ], [ 2028409.546188479987904, 845424.216544899274595 ], [ 2028718.716865393565968, 845398.276473337435164 ], [ 2029017.624727191636339, 846231.960535639314912 ], [ 2029073.920184194343165, 846315.077762639848515 ], [ 2029250.662047961493954, 846832.458891906309873 ], [ 2029510.394396002870053, 847085.251673896913417 ], [ 2029300.861410868121311, 847362.825074693770148 ], [ 2028923.816787245683372, 847113.077259654295631 ], [ 2028796.917907529976219, 847191.868353311438113 ], [ 2028850.72062559844926, 847289.776685383287258 ], [ 2028720.646017802646384, 847374.877741750795394 ], [ 2028387.672521230066195, 847447.155662896926515 ], [ 2028311.534843472298235, 847494.431134762358852 ], [ 2028267.044510188046843, 847601.712465455988422 ] ] ] } },
{ "type": "Feature", "properties": { "neighborhood_name": "River's Edge", "label_tier": 3 }, "geometry": { "type": "Polygon", "coordinates": [ [ [ 2013813.053572644479573, 840342.931683567352593 ], [ 2013744.697920750593767, 840713.097875099279918 ], [ 2013063.6915398449637, 841125.110389044391923 ], [ 2012778.766647072276101, 841157.051001736428589 ], [ 2012982.538750967243686, 839759.322914045769721 ], [ 2013816.495416299207136, 839768.287982438341714 ], [ 2014016.17151240631938, 840014.660613833577372 ], [ 2013813.053572644479573, 840342.931683567352593 ] ] ] } },
{ "type": "Feature", "properties": { "neighborhood_name": "Rockwood", "label_tier": 2 }, "geometry": { "type": "Polygon", "coordinates": [ [ [ 2020139.203096989309415, 809429.420982396113686 ], [ 2020168.771381326019764, 809029.384489349438809 ], [ 2020157.609156881459057, 808909.978658181848004 ], [ 2021424.649331607390195, 808105.302225229446776 ], [ 2021935.069973164470866, 807737.656315490719862 ], [ 2023864.413337805774063, 806285.27211712882854 ], [ 2024419.618206034880131, 806585.679114228696562 ], [ 2024649.675382021116093, 806790.085334778414108 ], [ 2024789.464708640938625, 807005.337633580551483 ], [ 2024841.068360166857019, 807220.879961441038176 ], [ 2024924.408925276482478, 807697.086450856062584 ], [ 2024808.895192116033286, 807824.759119379916228 ], [ 2024786.405949796782807, 807824.74013460543938 ], [ 2024729.8225775109604, 807901.136313454713672 ], [ 2024678.02909821155481, 807912.013309191795997 ], [ 2024643.96888566063717, 807948.386559676378965 ], [ 2024350.61420638137497, 808078.460531277582049 ], [ 2024287.243732746457681, 808134.102900380152278 ], [ 2024246.698632338317111, 808140.985757432179525 ], [ 2024142.790381948696449, 808195.138934448943473 ], [ 2024217.307716356124729, 808257.447447296697646 ], [ 2023959.723673101048917, 808435.241313503240235 ], [ 2023844.598628948908299, 808457.352772805374116 ], [ 2023720.253687344258651, 808537.70022297592368 ], [ 2023686.456946169491857, 808616.665006392286159 ], [ 2023738.095256211236119, 808795.803910441929474 ], [ 2023340.439193138619885, 809123.466213060426526 ], [ 2023119.180481396848336, 809406.497976265265606 ], [ 2023157.244771942263469, 809541.215001368080266 ], [ 2023195.262527628568932, 810109.114897400373593 ], [ 2023167.991439959034324, 810171.704692069557495 ], [ 2022863.687604413134977, 809960.335077974013984 ], [ 2022299.49287466565147, 809482.308250070083886 ], [ 2022177.353795319562778, 809787.627790233702399 ], [ 2020139.203096989309415, 809429.420982396113686 ] ] ] } },
{ "type": "Feature", "properties": { "neighborhood_name": "Rougemont", "label_tier": 3 }, "geometry": { "type": "Polygon", "coordinates": [ [ [ 2020896.116600373527035, 895851.966610260657035 ], [ 2023940.382754088845104, 896736.687766168965027 ], [ 2024072.781184502877295, 897392.269609231152572 ], [ 2024008.812613716581836, 898205.23590759455692 ], [ 2024375.781054168473929, 898413.517027643159963 ], [ 2025451.894383787643164, 898395.525503456476144 ], [ 2025355.694957967381924, 899838.643727155053057 ], [ 2025665.871066905558109, 899813.705787165905349 ], [ 2025702.864511906169355, 900935.480464113410562 ], [ 2024639.476706060580909, 900984.980743208550848 ], [ 2024329.235347638837993, 901104.455138130229898 ], [ 2024424.412886679405347, 900820.953519284841605 ], [ 2024101.745210574707016, 900656.838203823659569 ], [ 2024070.734890930121765, 899881.67352050554473 ], [ 2023791.809788187034428, 900398.207277877489105 ], [ 2023722.067286091390997, 900543.094429076882079 ], [ 2023627.124463038984686, 900543.017668584128842 ], [ 2023544.470787804340944, 901002.985188226681203 ], [ 2022297.517024991568178, 901077.630467047914863 ], [ 2021019.406732117058709, 900478.010769077343866 ], [ 2021184.412326920311898, 899873.141178896883503 ], [ 2020684.422100811265409, 899797.159304616041481 ], [ 2020704.484973584767431, 898278.341822137124836 ], [ 2020654.378282203804702, 897522.012598596513271 ], [ 2019876.211667159805074, 896866.003806549706496 ], [ 2019915.00358585966751, 895674.801708601997234 ], [ 2020896.116600373527035, 895851.966610260657035 ] ] ] } },
{ "type": "Feature", "properties": { "neighborhood_name": "Rustica Oaks", "label_tier": 3 }, "geometry": { "type": "Polygon", "coordinates": [ [ [ 2034848.88134489976801, 799561.261218350729905 ], [ 2035963.47731639794074, 799616.353362992987968 ], [ 2035785.150848750257865, 800017.669858527369797 ], [ 2035654.76989553286694, 800166.109255534829572 ], [ 2035660.875533735379577, 800368.461540399934165 ], [ 2035593.858820504276082, 800640.279031295096502 ], [ 2035631.555273283040151, 800978.61387242435012 ], [ 2035618.65005737869069, 801146.160580797819421 ], [ 2035161.373794100014493, 801148.771342281368561 ], [ 2034820.075470469659194, 799750.929286748403683 ], [ 2034848.88134489976801, 799561.261218350729905 ] ] ] } },
{ "type": "Feature", "properties": { "neighborhood_name": "Scarsdale Village", "label_tier": 3 }, "geometry": { "type": "Polygon", "coordinates": [ [ [ 2020899.95634471392259, 838085.973179359920323 ], [ 2020802.486139551270753, 833411.788046424044296 ], [ 2021397.449425500351936, 833395.734431560034864 ], [ 2021411.494262508582324, 833709.97425957233645 ], [ 2021604.980630298377946, 833716.432192079722881 ], [ 2021619.014947443734854, 834041.721834035939537 ], [ 2021450.899392596213147, 834044.756512195221148 ], [ 2021464.850954135414213, 834485.309156090836041 ], [ 2021631.373381542041898, 834488.589406167855486 ], [ 2021636.032286573201418, 834622.806964028975926 ], [ 2021774.009294343180954, 834622.909007067210041 ], [ 2021777.365128672448918, 834375.009638998308219 ], [ 2021856.661753241438419, 834376.647585428552702 ], [ 2021863.331404131371528, 833939.266529928776436 ], [ 2022183.905752908205613, 833666.33492257411126 ], [ 2022036.735507819335908, 833230.406592495623045 ], [ 2021763.956827302929014, 833208.096195514430292 ], [ 2021745.274404167896137, 832735.939180569374003 ], [ 2021438.341080437414348, 832707.828154840390198 ], [ 2021476.712750880047679, 832391.515726207871921 ], [ 2021943.832401461200789, 832430.448229826521128 ], [ 2023109.790244561154395, 832606.44066544319503 ], [ 2023673.401684445561841, 832873.35854503675364 ], [ 2023736.756857907399535, 832769.297620067838579 ], [ 2024349.86950143519789, 833229.56772092031315 ], [ 2024354.55497523304075, 833283.811853108811192 ], [ 2024304.790642879437655, 833397.711527446517721 ], [ 2024829.958979150978848, 833643.870429830043577 ], [ 2024617.588207488879561, 834107.46414616482798 ], [ 2024522.735309531679377, 834401.884113857056946 ], [ 2024497.642983948113397, 834711.287823746330105 ], [ 2024414.018362380098552, 835016.63859049056191 ], [ 2024084.260317339329049, 835526.007152074016631 ], [ 2023939.464927660068497, 835809.467636278481223 ], [ 2023889.87556422688067, 836078.809115384472534 ], [ 2023891.245232919696718, 836938.284614002914168 ], [ 2023805.315559156006202, 837185.391177710727789 ], [ 2023766.98895507492125, 837422.707760910270736 ], [ 2023783.927290046820417, 838772.546439038356766 ], [ 2023828.70171493338421, 838965.519077189383097 ], [ 2021611.721254311269149, 838963.802533181384206 ], [ 2021605.325321909273043, 838818.185515790479258 ], [ 2021831.089334924472496, 838519.847451275563799 ], [ 2021882.908703861990944, 838400.484013780369423 ], [ 2021934.81883335695602, 838160.262626847950742 ], [ 2021492.854217140935361, 838206.895524349063635 ], [ 2021443.205606854753569, 838189.02170880313497 ], [ 2021091.422587150940672, 838206.604251258540899 ], [ 2020899.95634471392259, 838085.973179359920323 ] ] ] } },
{ "type": "Feature", "properties": { "neighborhood_name": "Settler's Point", "label_tier": 3 }, "geometry": { "type": "Polygon", "coordinates": [ [ [ 2023397.466156204929575, 780506.336584087228402 ], [ 2023014.303283105604351, 779805.256776620284654 ], [ 2022945.269247164716944, 779698.423776461975649 ], [ 2022921.742652987129986, 779304.506062514265068 ], [ 2023184.728351593948901, 779282.565142537117936 ], [ 2023206.61883008456789, 779731.849075373145752 ], [ 2023600.668222835520282, 779732.162720884429291 ], [ 2023784.856241988716647, 779887.33819861873053 ], [ 2023397.466156204929575, 780506.336584087228402 ] ] ] } },
{ "type": "Feature", "properties": { "neighborhood_name": "Sheridan Drive", "label_tier": 3 }, "geometry": { "type": "Polygon", "coordinates": [ [ [ 2018908.118296239292249, 803703.32962302712258 ], [ 2018450.492603346239775, 802421.336479490972124 ], [ 2017918.080285768490285, 801401.761925948900171 ], [ 2018444.334141020663083, 801387.890950278844684 ], [ 2018782.649023110046983, 801828.564604070037603 ], [ 2018891.146510543068871, 802021.56269465002697 ], [ 2019024.146599113242701, 802309.22129941615276 ], [ 2019147.843704438302666, 802789.439200261374936 ], [ 2019305.589747352991253, 803242.378974712686613 ], [ 2019524.393208645284176, 803550.845678646117449 ], [ 2019249.079540668521076, 803667.149362930562347 ], [ 2018908.118296239292249, 803703.32962302712258 ] ] ] } },
{ "type": "Feature", "properties": { "neighborhood_name": "Southampton", "label_tier": 3 }, "geometry": { "type": "Polygon", "coordinates": [ [ [ 2020245.130686237476766, 776769.535871544154361 ], [ 2019987.448040379676968, 776722.038712928420864 ], [ 2020103.024723276495934, 776216.87621490075253 ], [ 2019538.119685407960787, 776209.579335510847159 ], [ 2019500.507748002652079, 774855.450759588507935 ], [ 2020352.811770548345521, 774838.191973544890061 ], [ 2020392.53735598246567, 776078.025045017013326 ], [ 2020258.841246695024893, 776647.239037595340051 ], [ 2020245.130686237476766, 776769.535871544154361 ] ] ] } },
{ "type": "Feature", "properties": { "neighborhood_name": "Southpoint Manor", "label_tier": 2 }, "geometry": { "type": "Polygon", "coordinates": [ [ [ 2005960.793872246984392, 781745.343236503424123 ], [ 2005972.106296189827845, 781460.690910559729673 ], [ 2005674.167796462075785, 779846.983896320918575 ], [ 2005565.829265256645158, 779487.323517668060958 ], [ 2006463.047949841944501, 779308.415269190329127 ], [ 2006569.486439984058961, 778846.149264388950542 ], [ 2006874.59340109070763, 778769.777448526700027 ], [ 2007079.98430862557143, 779494.565267106168903 ], [ 2006874.169414520496503, 780583.264065775903873 ], [ 2007079.717769517330453, 780601.51324589306023 ], [ 2007405.109000863973051, 781063.88379995082505 ], [ 2007167.470862172544003, 781479.1584368259646 ], [ 2006641.198234029114246, 781333.067485058680177 ], [ 2006462.495797260897234, 781820.43498995481059 ], [ 2005960.793872246984392, 781745.343236503424123 ] ] ] } },
{ "type": "Feature", "properties": { "neighborhood_name": "Southside / St. Teresa", "label_tier": 1 }, "geometry": { "type": "Polygon", "coordinates": [ [ [ 2028667.147281476994976, 815297.310861995443702 ], [ 2027810.710235953330994, 815673.220276502543129 ], [ 2027679.198750539217144, 815348.503615540685132 ], [ 2027596.993308182805777, 815010.301258335239254 ], [ 2026939.78880947898142, 813481.760403349180706 ], [ 2026908.233860332285985, 813277.896097571239807 ], [ 2026940.016207291744649, 813021.557665777858347 ], [ 2027091.572731567779556, 812617.634463575086556 ], [ 2027112.250039997510612, 812332.989719294011593 ], [ 2027004.711886393371969, 811196.784357143449597 ], [ 2027014.961787758395076, 810025.014980005798861 ], [ 2027132.375887906178832, 810083.36629036848899 ], [ 2027269.865953819826245, 810189.059220083872788 ], [ 2027565.4939256508369, 810465.625899928621948 ], [ 2027603.587420001393184, 810546.109978750813752 ], [ 2027634.771253858227283, 811051.762511602370068 ], [ 2027675.220184579491615, 811143.53356211585924 ], [ 2028166.861705163726583, 811872.768702666042373 ], [ 2028525.234443221939728, 812406.40404615260195 ], [ 2028642.200642904266715, 812607.821085844188929 ], [ 2028696.197019230574369, 812757.850171168916859 ], [ 2028723.258557445369661, 812919.13765955530107 ], [ 2028752.26322438986972, 813210.746447994257323 ], [ 2028785.961368337739259, 813542.766250307904556 ], [ 2028789.937771655851975, 814013.448995202197693 ], [ 2028787.339765924960375, 814249.331992752151564 ], [ 2028809.961742070736364, 814410.615469544427469 ], [ 2028877.246472174767405, 814581.40742182394024 ], [ 2028933.659602828789502, 814675.744410058599897 ], [ 2029028.495734966825694, 814806.521586159011349 ], [ 2029183.836303767282516, 815080.05548021197319 ], [ 2028667.147281476994976, 815297.310861995443702 ] ] ] } },
{ "type": "Feature", "properties": { "neighborhood_name": "South Terrace at Auburn", "label_tier": 3 }, "geometry": { "type": "Polygon", "coordinates": [ [ [ 2024906.372457437450066, 788821.813195430673659 ], [ 2025817.303606433328241, 788349.02065139869228 ], [ 2026140.444364774273708, 788250.659246822469868 ], [ 2026400.148637706879526, 788231.598761841538362 ], [ 2026309.571979380911216, 788526.002519317204133 ], [ 2026054.215796958189458, 788653.542988167027943 ], [ 2026097.053629485191777, 788763.148361828527413 ], [ 2026322.92064056918025, 788829.963817806798033 ], [ 2026385.885894776787609, 788946.503879090538248 ], [ 2026388.092617888236418, 789127.055478845257312 ], [ 2026130.305864519439638, 789329.579530854010954 ], [ 2025174.772122995229438, 789360.778619101969525 ], [ 2024906.372457437450066, 788821.813195430673659 ] ] ] } },
{ "type": "Feature", "properties": { "neighborhood_name": "Spring Valley", "label_tier": 3 }, "geometry": { "type": "Polygon", "coordinates": [ [ [ 2005419.825889689149335, 835505.704244656488299 ], [ 2005419.83254527579993, 835469.665346956462599 ], [ 2005149.331908300984651, 835451.415174570400268 ], [ 2005225.961149480193853, 835112.517537046340294 ], [ 2004822.435741930501536, 835002.875694977934472 ], [ 2004810.933874177979305, 834832.144183843629435 ], [ 2004852.001124068396166, 833204.578712364542298 ], [ 2005605.335092629306018, 833183.96330327691976 ], [ 2005582.946350710466504, 832757.681948660407215 ], [ 2005801.736922613810748, 832746.439508939627558 ], [ 2006507.801413124194369, 832618.813693994074129 ], [ 2007892.785826422041282, 832221.998871962307021 ], [ 2007849.394355145050213, 834166.26266788400244 ], [ 2007752.423324471106753, 834163.324663011939265 ], [ 2007691.180761718424037, 835458.887802519486286 ], [ 2005419.825889689149335, 835505.704244656488299 ] ] ] } },
{ "type": "Feature", "properties": { "neighborhood_name": "Solterra", "label_tier": 3 }, "geometry": { "type": "Polygon", "coordinates": [ [ [ 2001863.838100179098547, 813471.044109715265222 ], [ 2001581.349023762857541, 813245.070516042294912 ], [ 2001513.107316992012784, 813177.121464684489183 ], [ 2001406.779008392943069, 813020.683024853700772 ], [ 2001276.645744165405631, 812796.296770551241934 ], [ 2001190.956528925104067, 812417.054983119363897 ], [ 2001210.001328588463366, 812439.178122456069104 ], [ 2002168.637529104249552, 812401.309203369659372 ], [ 2002162.271970703732222, 812632.012666489928961 ], [ 2002493.972548668971285, 812747.390252547571436 ], [ 2002963.743452327791601, 812925.990495722624473 ], [ 2002954.21662936010398, 812967.073202129337005 ], [ 2002909.765571382595226, 813087.159154688706622 ], [ 2002746.257267354056239, 813475.853704611654393 ], [ 2002714.509280021302402, 813543.79552493034862 ], [ 2002512.912589145591483, 813979.884503384120762 ], [ 2002501.799951806664467, 814017.805592173011974 ], [ 2002320.887295398162678, 813869.262480893405154 ], [ 2002424.074632855597883, 813527.969021353055723 ], [ 2002203.474662398919463, 813467.907401225762442 ], [ 2002055.866281126393005, 813602.206015544128604 ], [ 2002046.34171804250218, 813632.22734994313214 ], [ 2001863.838100179098547, 813471.044109715265222 ] ] ] } },
{ "type": "Feature", "properties": { "neighborhood_name": "Stadium Heights", "label_tier": 3 }, "geometry": { "type": "Polygon", "coordinates": [ [ [ 2027067.564293444156647, 836081.567958325031213 ], [ 2026847.007081551011652, 835779.948847418650985 ], [ 2026470.798363229958341, 835310.37314863211941 ], [ 2025907.124514685710892, 834861.022079232847318 ], [ 2025179.438956424826756, 833964.877476663212292 ], [ 2025165.97619020845741, 833805.057307929149829 ], [ 2024827.889422194333747, 833643.868679026607424 ], [ 2024931.894228486111388, 833371.66345659957733 ], [ 2025108.044566047610715, 833095.516001286683604 ], [ 2025288.630908661521971, 832821.921705755405128 ], [ 2025530.119393107714131, 832557.118191134184599 ], [ 2025974.818867513444275, 832196.392456491943449 ], [ 2026347.245144319720566, 831992.504681324935518 ], [ 2027064.829186318442225, 831673.905100615229458 ], [ 2027320.170329092536122, 831483.755103133968078 ], [ 2027491.582043015863746, 831252.02947430475615 ], [ 2027758.106131945969537, 831124.506601224071346 ], [ 2028468.697300839005038, 831041.824879113584757 ], [ 2028709.938565754098818, 831074.094284983933903 ], [ 2029287.225153894396499, 831245.393608903512359 ], [ 2029508.428961724275723, 831207.028222058201209 ], [ 2029725.24097483465448, 831126.432843389338814 ], [ 2030528.96366139431484, 832477.073487731278874 ], [ 2029971.380410122452304, 833019.629099245765246 ], [ 2029340.390633661067113, 834554.828860423527658 ], [ 2028845.471134742489085, 835472.055994059308432 ], [ 2028617.07013550051488, 836255.224082433152944 ], [ 2027816.271495960419998, 836203.125926687032916 ], [ 2027299.828467393759638, 836187.35171315621119 ], [ 2027067.564293444156647, 836081.567958325031213 ] ] ] } },
{ "type": "Feature", "properties": { "neighborhood_name": "Stephen's Woods", "label_tier": 3 }, "geometry": { "type": "Polygon", "coordinates": [ [ [ 2028588.598519627703354, 849089.158950751880184 ], [ 2028593.748710968997329, 848655.96232648671139 ], [ 2028764.903047333238646, 848594.971797203994356 ], [ 2029055.994361300719902, 848571.596414745785296 ], [ 2029421.153529586503282, 848651.319988304632716 ], [ 2029527.557690930552781, 848040.212496836902574 ], [ 2029861.040893133729696, 848181.067455851007253 ], [ 2029847.534282618900761, 848386.369316130061634 ], [ 2030811.445566180162132, 849248.308692 ], [ 2030899.56972842849791, 851148.303086888510734 ], [ 2030623.331556903664023, 852250.679069496574812 ], [ 2030325.506924062501639, 852533.590029287151992 ], [ 2030137.963711088756099, 853036.131357222562656 ], [ 2029969.062396888853982, 852938.760477118659765 ], [ 2030055.18051891005598, 852513.653803541907109 ], [ 2029505.181712771067396, 852364.568475128267892 ], [ 2029440.561957454774529, 851689.580175773357041 ], [ 2029777.291330739157274, 850920.711951791541651 ], [ 2029814.247150356182829, 850027.769958735210821 ], [ 2029746.604863652028143, 850004.038977672928013 ], [ 2029372.382426757365465, 849845.306445736903697 ], [ 2029301.057205454912037, 849070.568100516567938 ], [ 2028588.598519627703354, 849089.158950751880184 ] ] ] } },
{ "type": "Feature", "properties": { "neighborhood_name": "Sterling Ridge", "label_tier": 3 }, "geometry": { "type": "Polygon", "coordinates": [ [ [ 2009977.624495243420824, 797960.961050958838314 ], [ 2009824.017830904107541, 797892.838579105446115 ], [ 2009774.31798879080452, 797802.546410346054472 ], [ 2009422.123767653713003, 797614.963933404302225 ], [ 2009241.468404924729839, 796949.852471380960196 ], [ 2009462.915515579050407, 796876.392090716282837 ], [ 2009785.871194888371974, 796887.418287621228956 ], [ 2010149.314771283185109, 797091.753517634118907 ], [ 2010300.818161451723427, 797258.52475882251747 ], [ 2009977.624495243420824, 797960.961050958838314 ] ] ] } },
{ "type": "Feature", "properties": { "neighborhood_name": "Stillwood", "label_tier": 3 }, "geometry": { "type": "Polygon", "coordinates": [ [ [ 2050964.479347804561257, 828131.286845936207101 ], [ 2051016.956797680584714, 827712.019200684502721 ], [ 2051003.605223055696115, 826376.019171766121872 ], [ 2051917.77347132912837, 826162.482244541402906 ], [ 2052153.214565951609984, 826971.037768391892314 ], [ 2051903.857029190054163, 827677.535316719789989 ], [ 2051663.923288054298609, 828076.813416434102692 ], [ 2051379.660860847681761, 828126.550198208540678 ], [ 2051185.655766729498282, 828138.588184972293675 ], [ 2050964.479347804561257, 828131.286845936207101 ] ] ] } },
{ "type": "Feature", "properties": { "neighborhood_name": "Stirrup Creek", "label_tier": 3 }, "geometry": { "type": "Polygon", "coordinates": [ [ [ 2051697.668672899948433, 792248.954169227974489 ], [ 2051630.366595648229122, 791965.633850357728079 ], [ 2051564.832158918725327, 790674.002182014402933 ], [ 2052233.714867386268452, 790492.085062818718143 ], [ 2052685.56379964784719, 790480.515104266814888 ], [ 2053130.776834674878046, 790372.840854760492221 ], [ 2053196.226811409695074, 790528.392483559786342 ], [ 2052917.382831495720893, 790983.268643516930752 ], [ 2053171.915604126639664, 791364.485140545177273 ], [ 2053214.695829354226589, 791447.921460056211799 ], [ 2053268.409998360322788, 791706.103771018446423 ], [ 2053259.052208073437214, 791968.540044596185908 ], [ 2052802.844358177157119, 791946.968164891935885 ], [ 2052560.934797007590532, 791957.454939382500015 ], [ 2051697.668672899948433, 792248.954169227974489 ] ] ] } },
{ "type": "Feature", "properties": { "neighborhood_name": "Stonehill Estates", "label_tier": 3 }, "geometry": { "type": "Polygon", "coordinates": [ [ [ 2051574.726029326207936, 817910.244621254620142 ], [ 2051519.024261335143819, 817098.076787119731307 ], [ 2051515.827540354570374, 816658.848917915485799 ], [ 2051445.510204156627879, 816487.300805642735213 ], [ 2051497.158610915997997, 816445.522439969237894 ], [ 2051479.655394714092836, 816019.689669308485463 ], [ 2051452.214604124194011, 815830.833132159546949 ], [ 2051458.995713762938976, 815583.575228283763863 ], [ 2051499.649125748313963, 815477.785952248843387 ], [ 2051543.892762661678717, 815134.999229600303806 ], [ 2051731.758318857289851, 815245.141379953362048 ], [ 2051786.640416014473885, 815170.976917860796675 ], [ 2051796.244586216518655, 815124.383013770915568 ], [ 2051706.648842648137361, 815084.724359567975625 ], [ 2051661.580595424864441, 814993.003054990665987 ], [ 2051642.001443741144612, 814846.024838001350872 ], [ 2051682.052100623259321, 814632.788505472592078 ], [ 2051684.84556809393689, 814398.154183082282543 ], [ 2051655.693845607573166, 814279.597522555850446 ], [ 2051418.945621863938868, 813985.286704766564071 ], [ 2051437.531641319859773, 813794.127691917819902 ], [ 2051873.674434385029599, 813516.005716353887692 ], [ 2051929.398359405109659, 813416.556745051522739 ], [ 2052046.194976751692593, 813334.597091119620018 ], [ 2052356.347715620417148, 813404.673783747130074 ], [ 2052533.605676962761208, 813682.300351929734461 ], [ 2052551.878694544080645, 814113.699059368227609 ], [ 2052895.469519949518144, 814117.476049494347535 ], [ 2053114.306771591771394, 814215.045994191430509 ], [ 2053358.182112611597404, 814507.011117323185317 ], [ 2053296.114478515926749, 814602.492071062442847 ], [ 2053333.091051449999213, 814777.945103591075167 ], [ 2053217.98951500817202, 814801.437021282734349 ], [ 2053212.065655075246468, 815005.251682544942014 ], [ 2053153.119207378244027, 815130.757562439423054 ], [ 2052816.723635796224698, 815544.905525368289091 ], [ 2052925.954300011042506, 815695.202514924574643 ], [ 2052898.825048176338896, 815778.893492466770113 ], [ 2052969.241047179792076, 815891.989849976846017 ], [ 2052957.193578705890104, 815972.547455156687647 ], [ 2052913.484117679065093, 816010.388276885962114 ], [ 2052764.231480619637296, 816054.359215538715944 ], [ 2052783.993050139630213, 816096.264178481767885 ], [ 2052839.544610448181629, 816091.624144573812373 ], [ 2052856.928478550864384, 816131.944850086933002 ], [ 2052802.082397119607776, 816185.565328226774 ], [ 2052847.062794809695333, 816323.103603942785412 ], [ 2052786.732417377177626, 816338.004771374398842 ], [ 2052766.809196457965299, 816386.157866838038899 ], [ 2052828.626915093511343, 816426.558028995408677 ], [ 2052650.677649928955361, 816987.909089238615707 ], [ 2052461.026691540377215, 816997.049255518941209 ], [ 2052429.35648795729503, 816959.074349830159917 ], [ 2052296.851982736960053, 816958.04811238066759 ], [ 2052259.483984596794471, 817000.639724626322277 ], [ 2051809.549101448617876, 817028.281192488502711 ], [ 2051777.763876295182854, 817055.083900016150437 ], [ 2051882.916041920892894, 817717.251440544379875 ], [ 2051574.726029326207936, 817910.244621254620142 ] ] ] } },
{ "type": "Feature", "properties": { "neighborhood_name": "Stratford Lakes", "label_tier": 3 }, "geometry": { "type": "Polygon", "coordinates": [ [ [ 2026073.159907368943095, 797473.264626131043769 ], [ 2026197.406768065411597, 797759.816424545948394 ], [ 2026296.786170934094116, 797850.180812365375459 ], [ 2027452.685596529161558, 798195.595866705174558 ], [ 2027667.306878955801949, 798179.416495895129628 ], [ 2027929.358941266313195, 798090.480787586071528 ], [ 2028201.78091379487887, 798918.510832843952812 ], [ 2028021.211052490863949, 798928.166489187162369 ], [ 2027971.435461670393124, 798977.98912678041961 ], [ 2027987.008364557754248, 799098.856964032165706 ], [ 2025365.091366245411336, 799047.698645424330607 ], [ 2025164.105211937334388, 799050.437955905101262 ], [ 2024913.650441337376833, 798747.364055498735979 ], [ 2024871.396111610811204, 798310.146412697038613 ], [ 2024926.070845231646672, 797714.300732332398184 ], [ 2025750.718748454237357, 797572.581066795042716 ], [ 2025911.140202244743705, 797528.455117075005546 ], [ 2026073.159907368943095, 797473.264626131043769 ] ] ] } },
{ "type": "Feature", "properties": { "neighborhood_name": "Summer Meadow", "label_tier": 3 }, "geometry": { "type": "Polygon", "coordinates": [ [ [ 2031227.049616108648479, 842176.301364675164223 ], [ 2031216.178716431139037, 841837.375855622929521 ], [ 2031739.43411306082271, 841746.201131884125061 ], [ 2032142.903055759845302, 841731.351006001234055 ], [ 2032081.313115693861619, 840481.562435121741146 ], [ 2033903.358176088659093, 840416.993346909061074 ], [ 2033959.981838024919853, 842315.485349723836407 ], [ 2033871.766030648024753, 842434.785988295450807 ], [ 2033943.529923643451184, 842740.292138046119362 ], [ 2034074.348149150144309, 842839.096586344530806 ], [ 2034137.158496714895591, 842962.576640158309601 ], [ 2034010.762335750507191, 843129.156794196576811 ], [ 2033737.947078690631315, 843144.131186723941937 ], [ 2033465.361718001775444, 842957.798335676314309 ], [ 2033402.349538781912997, 842749.499918081215583 ], [ 2033208.50221281289123, 842714.332754275994375 ], [ 2033190.296824265504256, 842870.118069557123818 ], [ 2033012.002000865526497, 842935.078746885177679 ], [ 2032809.358313971199095, 842837.654751841328107 ], [ 2032786.783375786617398, 842673.814895042683929 ], [ 2032825.391080364817753, 842508.587342818384059 ], [ 2032216.623918154975399, 842426.00530236819759 ], [ 2032070.120797692565247, 842338.113013332244009 ], [ 2031944.152226439677179, 842120.284303942928091 ], [ 2031856.135728002758697, 842063.035554080386646 ], [ 2031227.049616108648479, 842176.301364675164223 ] ] ] } },
{ "type": "Feature", "properties": { "neighborhood_name": "Sunningdale", "label_tier": 3 }, "geometry": { "type": "Polygon", "coordinates": [ [ [ 2012605.822034253040329, 794005.86891450418625 ], [ 2012612.888017528690398, 793407.434648898546584 ], [ 2012820.464621811406687, 793313.245143992826343 ], [ 2012895.036394404247403, 793392.268551344750449 ], [ 2013008.177333550993353, 793285.298642269452102 ], [ 2012924.499179562553763, 793043.921268878271803 ], [ 2013936.438218438765034, 793031.643255162867717 ], [ 2014153.12649477366358, 793704.078514434513636 ], [ 2014252.203385660191998, 793912.341831232071854 ], [ 2013642.586248126113787, 794014.704202196444385 ], [ 2012605.822034253040329, 794005.86891450418625 ] ] ] } },
{ "type": "Feature", "properties": { "neighborhood_name": "Surrey Green", "label_tier": 3 }, "geometry": { "type": "Polygon", "coordinates": [ [ [ 2018607.042077741352841, 801045.090635290485807 ], [ 2018397.386434097075835, 800735.545268925838172 ], [ 2018318.783495567273349, 800054.787155137397349 ], [ 2017460.998617809731513, 799071.059868115815334 ], [ 2017890.715714634628966, 798220.251659355242737 ], [ 2017888.786417085444555, 797499.501681723631918 ], [ 2018189.282069682376459, 797434.527571027982049 ], [ 2019295.295423503965139, 798637.57329799013678 ], [ 2018868.451875394210219, 798647.124511200119741 ], [ 2018782.492648887215182, 798831.989002241403796 ], [ 2018781.082372731994838, 801038.2850679383846 ], [ 2018607.042077741352841, 801045.090635290485807 ] ] ] } },
{ "type": "Feature", "properties": { "neighborhood_name": "Swallows Ridge", "label_tier": 3 }, "geometry": { "type": "Polygon", "coordinates": [ [ [ 2021540.782607335131615, 794595.664879197254777 ], [ 2021771.101063400041312, 794601.294798440183513 ], [ 2021818.389777211938053, 794706.893746694433503 ], [ 2021922.314254786586389, 794689.13442975434009 ], [ 2022173.228627860546112, 794469.822622099542059 ], [ 2022295.008874605409801, 794721.083971740095876 ], [ 2021987.520607363898307, 794982.213964952155948 ], [ 2021534.255358076887205, 794959.696505943313241 ], [ 2021540.782607335131615, 794595.664879197254777 ] ] ] } },
{ "type": "Feature", "properties": { "neighborhood_name": "Swann's Mill", "label_tier": 3 }, "geometry": { "type": "Polygon", "coordinates": [ [ [ 2036269.038284078938887, 842226.512649208307266 ], [ 2036526.433664235286415, 842022.609842391568236 ], [ 2036530.972314014332369, 841938.160017164074816 ], [ 2036427.269721350632608, 841904.540123648825102 ], [ 2036428.328186687780544, 841051.978462412720546 ], [ 2036257.376101948553696, 840661.524681610404514 ], [ 2036253.253186382586136, 840409.973737388150766 ], [ 2038593.998917381744832, 840393.665460412041284 ], [ 2038565.226206775289029, 841819.904584366246127 ], [ 2038474.985166877275333, 841890.408359655528329 ], [ 2037870.566612733993679, 841875.788786589633673 ], [ 2037475.641025947639719, 842143.209449048037641 ], [ 2037127.975354729685932, 842440.181890842504799 ], [ 2037131.459734030067921, 843190.093411787645891 ], [ 2036728.032856519334018, 843185.217228759080172 ], [ 2036531.958923876052722, 843044.819848098559305 ], [ 2036269.038284078938887, 842226.512649208307266 ] ] ] } },
{ "type": "Feature", "properties": { "neighborhood_name": "Taylor Estates", "label_tier": 3 }, "geometry": { "type": "Polygon", "coordinates": [ [ [ 2046611.017283795867115, 797781.101918021449819 ], [ 2046200.899132429389283, 797305.414935427135788 ], [ 2045517.208546254783869, 796851.877812025137246 ], [ 2045587.476796238915995, 796589.532299080165103 ], [ 2046678.363751478260383, 796567.583915909519419 ], [ 2046815.879698958015069, 796838.629456048714928 ], [ 2046623.579077969072387, 796953.352327364031225 ], [ 2046950.06358489417471, 797526.103244242607616 ], [ 2046611.017283795867115, 797781.101918021449819 ] ] ] } },
{ "type": "Feature", "properties": { "neighborhood_name": "Thaxton", "label_tier": 3 }, "geometry": { "type": "Polygon", "coordinates": [ [ [ 2020654.345790028804913, 798504.471549157751724 ], [ 2020508.278261760948226, 798477.493728837114759 ], [ 2020309.896176596404985, 798325.587885668734089 ], [ 2020263.921093176817521, 798218.053301766281947 ], [ 2020255.466566136339679, 797813.327391318045557 ], [ 2020370.654635646147653, 797722.502332819858566 ], [ 2020643.987989121116698, 797426.262829179409891 ], [ 2021157.015646626008675, 797261.415969395311549 ], [ 2021219.463282684795558, 797644.845708349137567 ], [ 2021235.225016063079238, 797807.695286537404172 ], [ 2021184.761785108596087, 798422.641638058237731 ], [ 2020654.345790028804913, 798504.471549157751724 ] ] ] } },
{ "type": "Feature", "properties": { "neighborhood_name": "The Commons", "label_tier": 3 }, "geometry": { "type": "Polygon", "coordinates": [ [ [ 2011770.688403285574168, 810839.177999653154984 ], [ 2011623.045571329304948, 810916.551529132877477 ], [ 2011488.910954138496891, 810952.844471469870768 ], [ 2011091.321461861953139, 810927.407673456706107 ], [ 2010963.579200970707461, 810849.137291580671445 ], [ 2010922.339497143402696, 810773.269684251979925 ], [ 2010861.327505200169981, 810512.503494183183648 ], [ 2011516.902960645733401, 810402.924190668389201 ], [ 2011759.777103714179248, 810341.389563514268957 ], [ 2011913.699151555774733, 810444.169623509049416 ], [ 2011941.439392111729831, 810534.256407692213543 ], [ 2011935.849360146559775, 810619.588585696415976 ], [ 2011888.983572016935796, 810723.866906060371548 ], [ 2011770.688403285574168, 810839.177999653154984 ] ] ] } },
{ "type": "Feature", "properties": { "neighborhood_name": "The Hills at Southpoint", "label_tier": 3 }, "geometry": { "type": "Polygon", "coordinates": [ [ [ 2016693.649344850564376, 778425.357456255238503 ], [ 2016474.905068033840507, 777623.690184592851438 ], [ 2016409.543658698676154, 777440.558094913256355 ], [ 2016064.087310839444399, 777021.031359417247586 ], [ 2015869.892004230525345, 776787.597547149867751 ], [ 2015750.060398419154808, 776527.996326809050515 ], [ 2015377.913914560573176, 774993.148381271050312 ], [ 2016716.054720127256587, 774964.75807147170417 ], [ 2016851.691258084028959, 775038.728728422778659 ], [ 2016946.397455116035417, 775196.761832401738502 ], [ 2016950.629767160164192, 775563.318588670808822 ], [ 2016697.652637338032946, 775548.249599301023409 ], [ 2016399.262377019273117, 775692.228202672675252 ], [ 2016437.66261728759855, 775889.541119995643385 ], [ 2016767.411628953646868, 775816.197987316991203 ], [ 2017054.384647324681282, 775949.589376477757469 ], [ 2017081.441156863467768, 776288.495168010471389 ], [ 2017173.880143792834133, 776769.037834892747924 ], [ 2017426.757437172345817, 776934.445697571500205 ], [ 2017754.282290562521666, 777585.850061712902971 ], [ 2017722.512839097296819, 777709.229301794897765 ], [ 2017546.159243576927111, 777886.759029787383042 ], [ 2016693.649344850564376, 778425.357456255238503 ] ] ] } },
{ "type": "Feature", "properties": { "neighborhood_name": "The Landing at Southpoint", "label_tier": 3 }, "geometry": { "type": "Polygon", "coordinates": [ [ [ 2009913.219653037609532, 787933.846462447312661 ], [ 2009913.384027944179252, 787446.436178877484053 ], [ 2010710.719551723683253, 787737.196406379458494 ], [ 2011289.055790250422433, 787667.886776234139688 ], [ 2011350.088050184072927, 787583.095787563128397 ], [ 2011542.264533121837303, 787588.630778728052974 ], [ 2011499.194155087228864, 787930.419984489213675 ], [ 2009913.219653037609532, 787933.846462447312661 ] ] ] } },
{ "type": "Feature", "properties": { "neighborhood_name": "Townes at Brier Creek Crossing", "label_tier": 3 }, "geometry": { "type": "Polygon", "coordinates": [ [ [ 2064317.786578934872523, 791512.720516396686435 ], [ 2064334.818430884974077, 790987.764423665474169 ], [ 2064626.711085673654452, 791149.698920116294175 ], [ 2064690.256680905353278, 791143.513469116063789 ], [ 2064696.790847804863006, 791061.299559918465093 ], [ 2064335.261474265251309, 790785.35582937230356 ], [ 2064332.756311425706372, 790478.570717186317779 ], [ 2063859.441396922338754, 790474.375867855502293 ], [ 2063870.043470621109009, 789981.014665871625766 ], [ 2065070.643748884089291, 790072.204811149043962 ], [ 2065120.777244694763795, 790385.425114740617573 ], [ 2065093.843984973384067, 791071.66411789751146 ], [ 2065066.316838874481618, 792026.702063368400559 ], [ 2064800.161134358961135, 791722.50979142182041 ], [ 2064609.820101851830259, 791608.23835901543498 ], [ 2064317.786578934872523, 791512.720516396686435 ] ] ] } },
{ "type": "Feature", "properties": { "neighborhood_name": "Treyburn", "label_tier": 2 }, "geometry": { "type": "Polygon", "coordinates": [ [ [ 2030023.458569773240015, 859255.968794973567128 ], [ 2030848.648832231527194, 858826.166746246512048 ], [ 2034585.203381535597146, 857014.145486355177127 ], [ 2036086.365749550750479, 856889.268880916875787 ], [ 2037830.69593779463321, 856973.739903000066988 ], [ 2038951.367327446583658, 856633.374837399460375 ], [ 2039619.258920916588977, 856016.496534696547315 ], [ 2039753.205951492767781, 855492.827021545032039 ], [ 2039955.750034746015444, 855582.291572177084163 ], [ 2040297.408870400395244, 856339.594377469038591 ], [ 2040339.368296495173126, 856977.083406390505843 ], [ 2040187.3910393465776, 857720.969957499648444 ], [ 2039767.180089738219976, 858477.234328850754537 ], [ 2040133.844163688831031, 858857.06282460631337 ], [ 2040583.755420149303973, 859482.373886860325001 ], [ 2041097.141361182555556, 859906.831203835550696 ], [ 2041781.50550522771664, 860354.839432510896586 ], [ 2042260.754506727214903, 860873.555414093192667 ], [ 2042591.38877629628405, 861409.901307941414416 ], [ 2042969.222175108268857, 861777.041475666803308 ], [ 2043198.396005389746279, 862199.665542095899582 ], [ 2043209.209161405684426, 862678.759419982670806 ], [ 2042998.846876125084236, 863126.94890811573714 ], [ 2043295.923761880025268, 863360.736589211854152 ], [ 2043635.331212337594479, 862534.866185751510784 ], [ 2044924.433475917670876, 860895.717472952208482 ], [ 2046945.748059135163203, 861049.960783094167709 ], [ 2047390.719686720054597, 863158.837574397679418 ], [ 2046382.099767555948347, 863895.864895748440176 ], [ 2044548.062195078935474, 865406.707375433761626 ], [ 2043601.823283317266032, 866794.107297527370974 ], [ 2042819.746009931899607, 868463.548966001486406 ], [ 2042209.81768222944811, 869580.643007176346146 ], [ 2040899.738205509027466, 868859.435086829937063 ], [ 2040584.85220599360764, 868504.782960818614811 ], [ 2040418.520781362662092, 868132.500697668176144 ], [ 2040387.444297445006669, 867968.63834550336469 ], [ 2040402.011385701131076, 867041.076491165556945 ], [ 2039965.788507647113875, 866422.3338807602413 ], [ 2038946.517768330173567, 865398.730951221776195 ], [ 2038477.993082909146324, 865271.789657865418121 ], [ 2037103.252109783235937, 865478.613770503201522 ], [ 2036272.96327761374414, 861034.815537314512767 ], [ 2031910.086277633905411, 860929.995969893992878 ], [ 2031936.588006275473163, 861547.801212749443948 ], [ 2030996.77368216169998, 861496.919101857463829 ], [ 2030743.931881606811658, 862064.556113228434697 ], [ 2030072.816550489747897, 861533.453071960364468 ], [ 2030073.503175548277795, 860863.98373873566743 ], [ 2029161.309485060395673, 860339.57285072770901 ], [ 2029288.035532881971449, 860036.818027282133698 ], [ 2029504.5424167169258, 859753.812195604434237 ], [ 2030023.458569773240015, 859255.968794973567128 ] ] ] } },
{ "type": "Feature", "properties": { "neighborhood_name": "Trinity Commons", "label_tier": 3 }, "geometry": { "type": "Polygon", "coordinates": [ [ [ 2016458.823858419200405, 822690.981378653435968 ], [ 2016513.273711830144748, 822112.213711961405352 ], [ 2016964.613551784772426, 822113.92712152202148 ], [ 2016939.465627361554652, 822639.927345291827805 ], [ 2016458.823858419200405, 822690.981378653435968 ] ] ] } },
{ "type": "Feature", "properties": { "neighborhood_name": "Trinity Heights", "label_tier": 2 }, "geometry": { "type": "Polygon", "coordinates": [ [ [ 2025709.885621570982039, 823099.143634791835211 ], [ 2023814.596852512098849, 823191.827461178298108 ], [ 2023779.060009536333382, 822518.353718963102438 ], [ 2025927.274213185999542, 822421.521602094755508 ], [ 2025940.756498181959614, 822560.590743173379451 ], [ 2025969.570438066963106, 823088.087427715305239 ], [ 2025709.885621570982039, 823099.143634791835211 ] ] ] } },
{ "type": "Feature", "properties": { "neighborhood_name": "Trinity Park", "label_tier": 1 }, "geometry": { "type": "Polygon", "coordinates": [ [ [ 2028702.537478946847841, 825034.888602380990051 ], [ 2027249.241084469249472, 825077.914795819204301 ], [ 2026066.896980248624459, 825061.552124378969893 ], [ 2025974.009052289649844, 823085.543183288071305 ], [ 2025940.759071186184883, 822557.67855188366957 ], [ 2025893.53294397261925, 822113.527455153525807 ], [ 2025963.935566052095965, 821767.766876141657121 ], [ 2025939.701865346636623, 821076.10034465289209 ], [ 2025894.742924003396183, 820741.523027980700135 ], [ 2025895.041807091096416, 820402.617501246742904 ], [ 2025857.286644249223173, 819947.191146380035207 ], [ 2025740.035208320245147, 819745.419321677763946 ], [ 2027131.243064147885889, 818674.98846486385446 ], [ 2027894.706343701807782, 820233.72216979356017 ], [ 2027920.709368486190215, 821194.40485832374543 ], [ 2028072.144102510297671, 821197.46144065388944 ], [ 2028074.116384067805484, 821300.118009170168079 ], [ 2028306.582463624421507, 821314.174103067838587 ], [ 2028489.035986345494166, 821660.173174743074924 ], [ 2028595.185414318926632, 821693.766558969975449 ], [ 2028612.855336049105972, 822075.644903789856471 ], [ 2028612.851433805655688, 822079.64916435489431 ], [ 2028612.791835905285552, 822140.80514607205987 ], [ 2028709.585882315644994, 822363.318361178506166 ], [ 2028725.182699218858033, 822443.782956649200059 ], [ 2028828.832094474462792, 822610.607636542757973 ], [ 2029015.271736159222201, 823397.812061235308647 ], [ 2029046.712512268451974, 823604.973150812205859 ], [ 2029096.200809122761711, 823804.871707273530774 ], [ 2029195.344787370180711, 824034.305738571332768 ], [ 2029217.80640430492349, 824049.617126209544949 ], [ 2029303.391914423322305, 824231.350832236930728 ], [ 2029506.273306976538152, 824526.050226143677719 ], [ 2028917.10694739758037, 824572.787257660413161 ], [ 2028916.795364739140496, 824889.124758652178571 ], [ 2028702.680194161599502, 824888.91464262502268 ], [ 2028702.537478946847841, 825034.888602380990051 ] ], [ [ 2027142.775387599365786, 822239.223901744117029 ], [ 2027913.212161873467267, 822235.870054369792342 ], [ 2027913.546126113971695, 821884.587194066727534 ], [ 2027139.923398031620309, 821891.696915745153092 ], [ 2027142.775387599365786, 822239.223901744117029 ] ] ] } },
{ "type": "Feature", "properties": { "neighborhood_name": "Trotter Ridge", "label_tier": 3 }, "geometry": { "type": "Polygon", "coordinates": [ [ [ 2009990.188862429466099, 794089.678431151085533 ], [ 2009649.218304487876594, 793850.771948713460006 ], [ 2009026.070048120804131, 792753.439417519723065 ], [ 2009003.657697772607207, 792464.770607567974366 ], [ 2010309.327966942219064, 792408.049638652475551 ], [ 2011101.893409526906908, 792419.622719750041142 ], [ 2011255.427453543059528, 792744.380291330860928 ], [ 2011689.174073671922088, 792708.512355973944068 ], [ 2011774.888357700081542, 793068.191064566606656 ], [ 2011221.501288545550779, 793202.65927491185721 ], [ 2011277.850223728455603, 793719.215086862212047 ], [ 2010977.333951734239236, 793778.799428815254942 ], [ 2010990.844824822619557, 794066.374770120019093 ], [ 2010441.948930834187195, 794121.868622824549675 ], [ 2009990.188862429466099, 794089.678431151085533 ] ] ] } },
{ "type": "Feature", "properties": { "neighborhood_name": "Tuscaloosa-Lakewood", "label_tier": 2 }, "geometry": { "type": "Polygon", "coordinates": [ [ [ 2018689.727014675969258, 809715.673964151297696 ], [ 2018863.417275236453861, 809713.236860403674655 ], [ 2019017.004343510372564, 809683.850349562708288 ], [ 2019362.380307802464813, 809578.510458444361575 ], [ 2019310.721248619258404, 809392.462741759722121 ], [ 2019586.271853252546862, 809284.531559191062115 ], [ 2019852.687582510290667, 809123.450041434611194 ], [ 2019949.632603955455124, 809284.776094377739355 ], [ 2020159.509075022535399, 809159.696881719632074 ], [ 2020141.274361419258639, 809429.422402577241883 ], [ 2022177.353795319562778, 809787.627790233702399 ], [ 2021797.299857723526657, 810759.274903514655307 ], [ 2021794.977209601085633, 811098.175410144496709 ], [ 2021935.965845042373985, 812481.192032885272056 ], [ 2021944.843885572860017, 812874.34054914303124 ], [ 2022003.017316092737019, 813417.502578752930276 ], [ 2021750.33067466202192, 813453.352393634500913 ], [ 2021592.304824960418046, 813507.110833557671867 ], [ 2021140.553845436079428, 813893.008097260841168 ], [ 2021030.195293957367539, 813488.865943919401616 ], [ 2020673.918989252764732, 813164.998761873226613 ], [ 2020360.493869572877884, 812473.141230293083936 ], [ 2020206.990909807151183, 812399.50314752117265 ], [ 2019652.023429776774719, 812286.644357284414582 ], [ 2019446.545414058025926, 812061.543201716383919 ], [ 2019304.712808885844424, 811781.154277867288329 ], [ 2018705.315407937392592, 809863.11162802844774 ], [ 2018689.727014675969258, 809715.673964151297696 ] ] ] } },
{ "type": "Feature", "properties": { "neighborhood_name": "Unity Village", "label_tier": 3 }, "geometry": { "type": "Polygon", "coordinates": [ [ [ 2033948.972759671509266, 807461.857872602529824 ], [ 2033476.147797802928835, 807265.340589571860619 ], [ 2033258.064234128221869, 806398.995851226849481 ], [ 2033220.272418703651056, 806127.107201486825943 ], [ 2033272.958289444912225, 805863.221049658372067 ], [ 2033187.353094147052616, 805757.229142463882454 ], [ 2033522.60828835866414, 805501.563419778365642 ], [ 2033232.38781367125921, 805240.443440313334577 ], [ 2033406.460084449732676, 805031.611879800446332 ], [ 2034071.777100202860311, 805598.607993699843064 ], [ 2034435.476456182776019, 805463.105748855741695 ], [ 2035195.907211502315477, 805456.104234086466022 ], [ 2035311.609898809110746, 805611.135853425832465 ], [ 2035205.057296388084069, 805769.060985523392446 ], [ 2034974.585395846050233, 806007.444150309660472 ], [ 2034840.972020520363003, 806230.136903619742952 ], [ 2035015.078302961308509, 806663.398108946508728 ], [ 2034952.846049087354913, 806933.584541816613637 ], [ 2034619.146753724198788, 807219.251954225590453 ], [ 2033948.972759671509266, 807461.857872602529824 ] ] ] } },
{ "type": "Feature", "properties": { "neighborhood_name": "Urban 900", "label_tier": 3 }, "geometry": { "type": "Polygon", "coordinates": [ [ [ 2027142.775387599365786, 822239.223901744117029 ], [ 2027139.923398031620309, 821891.696915745153092 ], [ 2027913.546126113971695, 821884.587194066727534 ], [ 2027913.212161873467267, 822235.870054369792342 ], [ 2027142.775387599365786, 822239.223901744117029 ] ] ] } },
{ "type": "Feature", "properties": { "neighborhood_name": "Valley Run", "label_tier": 3 }, "geometry": { "type": "Polygon", "coordinates": [ [ [ 2015493.977494408376515, 803761.02945145801641 ], [ 2015504.924741461174563, 804327.445492178783752 ], [ 2015524.84315063431859, 805277.176808623480611 ], [ 2015238.076855364954099, 805283.942994273267686 ], [ 2015106.989074177807197, 805260.214164460077882 ], [ 2014998.703667879104614, 805206.284114907961339 ], [ 2014910.864561105845496, 805099.218313852790743 ], [ 2014544.982878331793472, 805304.340654413448647 ], [ 2014138.22636371711269, 805594.627976973541081 ], [ 2013677.792572183068842, 805511.050000269897282 ], [ 2013653.330965732922778, 804657.054112602956593 ], [ 2013865.523465787759051, 804654.241356831742451 ], [ 2014141.068495403975248, 804608.50654238590505 ], [ 2014432.343761722324416, 804472.505807951907627 ], [ 2014626.565138226142153, 804308.794209026847966 ], [ 2014780.252206573961303, 804128.318722882540897 ], [ 2014942.81392697384581, 803959.133108604582958 ], [ 2015073.961063740076497, 803878.752386372420006 ], [ 2015209.536697356263176, 803820.579572386690415 ], [ 2015349.546442586230114, 803773.330206840531901 ], [ 2015493.977494408376515, 803761.02945145801641 ] ] ] } },
{ "type": "Feature", "properties": { "neighborhood_name": "Valleybrook", "label_tier": 3 }, "geometry": { "type": "Polygon", "coordinates": [ [ [ 2011320.206123599316925, 795203.677325592259876 ], [ 2011491.767548518022522, 794806.605254433699884 ], [ 2011634.318337927106768, 794416.439097374561243 ], [ 2011795.173746880143881, 793423.839683273690753 ], [ 2011804.129117515869439, 793240.380822247825563 ], [ 2011788.485934255411848, 793120.97836015606299 ], [ 2011637.449322671862319, 792490.448320074588992 ], [ 2011608.045048339525238, 791978.27124477585312 ], [ 2012631.61938022240065, 791844.008786210673861 ], [ 2012605.822658798424527, 794004.412862505530939 ], [ 2013642.586924037197605, 794013.248150206753053 ], [ 2014252.203385660191998, 793912.341831232071854 ], [ 2014552.379766013007611, 794549.875980309327133 ], [ 2014703.555216394364834, 794756.710793291334994 ], [ 2014364.809743840480223, 794905.06072493083775 ], [ 2011559.375511084450409, 795278.757213129894808 ], [ 2011320.206123599316925, 795203.677325592259876 ] ] ] } },
{ "type": "Feature", "properties": { "neighborhood_name": "Vantage Pointe", "label_tier": 3 }, "geometry": { "type": "Polygon", "coordinates": [ [ [ 2030855.681548645487055, 850174.825220634229481 ], [ 2031377.230134819401428, 849329.360215378226712 ], [ 2031508.501589760417119, 848711.733372942660935 ], [ 2032847.176890211179852, 849183.899174973834306 ], [ 2032365.435475735459477, 850599.825707132578827 ], [ 2032062.894436631817371, 851112.055952412891202 ], [ 2031735.915902503300458, 851280.977097987080924 ], [ 2031291.8594913801644, 851243.004293262260035 ], [ 2031070.774588129715994, 851309.387862203642726 ], [ 2030901.936593911377713, 851145.393292512511835 ], [ 2030855.681548645487055, 850174.825220634229481 ] ] ] } },
{ "type": "Feature", "properties": { "neighborhood_name": "Walden Pond", "label_tier": 3 }, "geometry": { "type": "Polygon", "coordinates": [ [ [ 2011645.769979359116405, 828233.874340928741731 ], [ 2011517.062394091160968, 828426.757551832473837 ], [ 2011343.444741795770824, 828529.345407967921346 ], [ 2011230.469947126926854, 828572.257093628984876 ], [ 2011210.115298389922827, 828444.47602338087745 ], [ 2010982.424656573915854, 828441.841769207618199 ], [ 2010978.452384307282045, 827203.059159365016967 ], [ 2010985.414455797057599, 826773.875281607732177 ], [ 2011804.273635347839445, 826749.439376314985566 ], [ 2011817.677767434623092, 827243.79188913363032 ], [ 2011849.194425200112164, 827553.226713392534293 ], [ 2011645.769979359116405, 828233.874340928741731 ] ] ] } },
{ "type": "Feature", "properties": { "neighborhood_name": "Walltown", "label_tier": 1 }, "geometry": { "type": "Polygon", "coordinates": [ [ [ 2024631.805806888733059, 828086.095324412104674 ], [ 2024005.141461207997054, 827437.245410493458621 ], [ 2023807.800066562136635, 823184.905484819086269 ], [ 2025969.570438066963106, 823088.087427715305239 ], [ 2026066.896980248624459, 825061.552124378969893 ], [ 2026064.5592148846481, 825362.962960697826929 ], [ 2025971.82720277318731, 825551.809935151366517 ], [ 2025125.054492641473189, 826347.924937279312871 ], [ 2025857.478934968123212, 827116.655496330116875 ], [ 2025747.110817641485482, 827191.547850899165496 ], [ 2025345.311634208541363, 827442.376198173966259 ], [ 2024631.805806888733059, 828086.095324412104674 ] ] ] } },
{ "type": "Feature", "properties": { "neighborhood_name": "Warehouse District", "label_tier": 3 }, "geometry": { "type": "Polygon", "coordinates": [ [ [ 2027920.706599227851257, 821197.317045089090243 ], [ 2027894.710493580438197, 820229.353894230211154 ], [ 2027140.097939996048808, 818695.745940012042411 ], [ 2026962.092907718848437, 818299.88939526095055 ], [ 2026958.110982073703781, 817804.087202947353944 ], [ 2028429.462080959463492, 817816.395479647675529 ], [ 2028589.89294548612088, 820142.656961923814379 ], [ 2028992.879810253391042, 820915.145786436041817 ], [ 2028663.670788224553689, 820921.739009993849322 ], [ 2028825.577870846260339, 821406.413021273328923 ], [ 2028899.951750169042498, 821570.296842862153426 ], [ 2028978.802320202812552, 821692.686577189946547 ], [ 2028595.185414318926632, 821693.766558969975449 ], [ 2028489.035986345494166, 821660.173174743074924 ], [ 2028306.582463624421507, 821314.174103067838587 ], [ 2028074.120212733279914, 821296.113751930650324 ], [ 2028072.144102510297671, 821197.46144065388944 ], [ 2027920.706599227851257, 821197.317045089090243 ] ] ] } },
{ "type": "Feature", "properties": { "neighborhood_name": "Waterford", "label_tier": 3 }, "geometry": { "type": "Polygon", "coordinates": [ [ [ 2010416.879108016612008, 833060.050881544826552 ], [ 2010317.507557502714917, 833147.746607125620358 ], [ 2010018.001975837163627, 833188.018429813557304 ], [ 2010022.200605074642226, 832125.453282242757268 ], [ 2010554.672158616827801, 832190.800932610174641 ], [ 2011734.274686669465154, 832449.708716206485406 ], [ 2011978.204226695699617, 831706.82627656601835 ], [ 2012267.065030363854021, 831729.151275660726242 ], [ 2012397.674413382075727, 831911.220059631858021 ], [ 2012679.756579828215763, 831877.850002916180529 ], [ 2012731.470194458030164, 831943.397402146831155 ], [ 2012914.17051066737622, 831994.805150450556539 ], [ 2013290.749167444417253, 832219.942520919372328 ], [ 2013092.220189398154616, 832528.185044606914744 ], [ 2013119.413792489562184, 832544.578452188288793 ], [ 2012934.183032943401486, 832876.489937782171182 ], [ 2012825.777066711103544, 833322.37707551731728 ], [ 2012712.748218703549355, 833527.639955081627704 ], [ 2012509.987002816284075, 833395.774519034428522 ], [ 2011501.341031421208754, 833834.016313550295308 ], [ 2011643.439056834205985, 834109.278028523898683 ], [ 2011467.488824956119061, 834213.320977687137201 ], [ 2011361.415169233456254, 834050.558872372377664 ], [ 2011020.76569579471834, 834221.522490597795695 ], [ 2011140.424609631765634, 834425.42381019028835 ], [ 2010970.982182211242616, 834529.472242539748549 ], [ 2010768.110013101249933, 834697.578477844945155 ], [ 2010607.932399097597227, 834476.317495273891836 ], [ 2010678.312534464523196, 833672.804687682189979 ], [ 2010466.032863524975255, 833679.644763128017075 ], [ 2010450.438559078378603, 833468.502666334505193 ], [ 2010551.950848568230867, 833180.956538587692194 ], [ 2010416.879108016612008, 833060.050881544826552 ] ] ] } },
{ "type": "Feature", "properties": { "neighborhood_name": "Watts Hospital-Hillandale", "label_tier": 2 }, "geometry": { "type": "Polygon", "coordinates": [ [ [ 2024633.87575574987568, 828086.097061386564746 ], [ 2024200.588593990774825, 828537.1294928555144 ], [ 2023439.527412437833846, 829180.839169469312765 ], [ 2022830.306259535718709, 829292.84331149305217 ], [ 2022227.923247862840071, 829361.910111713921651 ], [ 2019293.161791199352592, 829355.466158626019023 ], [ 2018629.972387935034931, 829272.039638873655349 ], [ 2018047.441062680445611, 828815.459477273514494 ], [ 2018523.803333947435021, 828046.629322111373767 ], [ 2018685.612765635829419, 828035.676516834064387 ], [ 2018679.331889564404264, 827934.594772118958645 ], [ 2018546.098314709495753, 827909.24080399738159 ], [ 2018324.224559486610815, 827574.278681117808446 ], [ 2018171.945323373423889, 827561.549124206183478 ], [ 2017581.677585524972528, 827820.20395404077135 ], [ 2017473.669353652978316, 828053.882122070528567 ], [ 2017448.093334743287414, 828382.366987104644068 ], [ 2017397.276219693245366, 828477.095786687219515 ], [ 2017170.573571428889409, 828505.965648923069239 ], [ 2015799.468226075870916, 827828.83468933578115 ], [ 2015197.416892806999385, 827231.514032928273082 ], [ 2014942.62364679411985, 826427.250215312582441 ], [ 2016357.773662860272452, 825695.94933750864584 ], [ 2018883.115427790675312, 824631.235340589657426 ], [ 2018856.137927756877616, 824732.416944950353354 ], [ 2019104.233632970135659, 824779.900590781238861 ], [ 2019327.514911506325006, 824784.05101077852305 ], [ 2023163.424518918385729, 824585.52108823414892 ], [ 2023163.461569183738902, 824538.561896786093712 ], [ 2023869.730388967087492, 824495.808660374954343 ], [ 2024005.140270496252924, 827438.701514035114087 ], [ 2024633.87575574987568, 828086.097061386564746 ] ] ] } },
{ "type": "Feature", "properties": { "neighborhood_name": "Welcome Circle", "label_tier": 3 }, "geometry": { "type": "Polygon", "coordinates": [ [ [ 2010116.342458762926981, 814610.451005057315342 ], [ 2010436.828357641585171, 814362.300900339963846 ], [ 2011191.143684114562348, 813822.371869225753471 ], [ 2011421.108253110665828, 814355.3867644892307 ], [ 2011684.798330412013456, 814868.031989137409255 ], [ 2011533.257042435929179, 815802.414585152524523 ], [ 2010404.951703519094735, 815821.650301335263066 ], [ 2010459.308310009306297, 815205.017535477643833 ], [ 2010116.342458762926981, 814610.451005057315342 ] ] ] } },
{ "type": "Feature", "properties": { "neighborhood_name": "Wellington Forest", "label_tier": 3 }, "geometry": { "type": "Polygon", "coordinates": [ [ [ 2021383.434480882715434, 785069.732902284595184 ], [ 2021385.243428761605173, 784766.85088158515282 ], [ 2021174.129032615805045, 784524.705504687153734 ], [ 2021072.579017067560926, 784352.231404681107961 ], [ 2021023.45273860427551, 784181.375772059429437 ], [ 2021002.220401475438848, 783880.840732108103111 ], [ 2020896.713404182344675, 783683.053452301537618 ], [ 2021417.785412099445239, 783407.68856829055585 ], [ 2021811.07359954318963, 783419.261997835594229 ], [ 2022208.453506781021133, 783502.553599777049385 ], [ 2022608.451215023873374, 783644.822100795339793 ], [ 2022639.072584689361975, 785030.630068676429801 ], [ 2021383.434480882715434, 785069.732902284595184 ] ] ] } },
{ "type": "Feature", "properties": { "neighborhood_name": "Wellons Village", "label_tier": 3 }, "geometry": { "type": "Polygon", "coordinates": [ [ [ 2037721.50801445543766, 817557.485002535162494 ], [ 2037155.523005507187918, 817163.983375857351348 ], [ 2037042.571878948481753, 817123.434216384659521 ], [ 2036961.481253473088145, 817152.453814520849846 ], [ 2036864.876854067901149, 816814.883868328877725 ], [ 2037302.839189624181017, 816698.949876626953483 ], [ 2037071.380696681560948, 815861.042487233411521 ], [ 2039004.192215390270576, 815302.588661009096541 ], [ 2039705.871304380940273, 815335.562861268874258 ], [ 2039709.083694136934355, 816460.394401685916819 ], [ 2039758.20983512327075, 816664.677217363147065 ], [ 2039406.17623862833716, 816668.206961444346234 ], [ 2039112.62821037042886, 816737.342733197263442 ], [ 2038918.449792406754568, 816827.362226733472198 ], [ 2038751.447608250193298, 816947.996720250230283 ], [ 2038613.391484425636008, 817103.252333163400181 ], [ 2038529.746912466129288, 817273.86889560543932 ], [ 2038526.806320304982364, 817711.419907832751051 ], [ 2038026.00641914550215, 817703.850709424586967 ], [ 2037721.50801445543766, 817557.485002535162494 ] ] ] } },
{ "type": "Feature", "properties": { "neighborhood_name": "West End", "label_tier": 2 }, "geometry": { "type": "Polygon", "coordinates": [ [ [ 2020622.661095835734159, 818326.422898886958137 ], [ 2020620.710347195388749, 818155.695007755304687 ], [ 2020584.7601980403997, 817958.369665341684595 ], [ 2020485.583211618941277, 817650.337478231173009 ], [ 2020059.544833521591499, 816884.869021036894992 ], [ 2019933.429669519886374, 816590.289479578845203 ], [ 2019877.080773499794304, 816363.829767287592404 ], [ 2019850.312756415456533, 816138.846285544452257 ], [ 2022186.207098121521994, 816085.186834268504754 ], [ 2023222.269980656681582, 815992.798312317929231 ], [ 2024957.975482119712979, 815902.488699040142819 ], [ 2025179.328361023683101, 815893.723731052945368 ], [ 2025179.838328379904851, 816108.70009909349028 ], [ 2025164.812812545336783, 816165.566212857840583 ], [ 2025169.421044700779021, 816227.880183790577576 ], [ 2025218.487132982583717, 816262.582788064493798 ], [ 2025251.407146090641618, 816734.325726462062448 ], [ 2025254.769810926169157, 816860.723564483225346 ], [ 2025218.072776348795742, 816860.593282220652327 ], [ 2025216.255833238828927, 817128.487978836987168 ], [ 2025264.555462055141106, 817130.01066734152846 ], [ 2025261.355745017295703, 817275.458860078710131 ], [ 2025247.966105026192963, 817275.842322748736478 ], [ 2025254.828266946598887, 817600.024505448411219 ], [ 2025342.698733002413064, 817602.470048327697441 ], [ 2025342.755459785694256, 817766.581123713986017 ], [ 2025130.12199025740847, 817760.671302339294925 ], [ 2024416.881093721836805, 817707.218442366574891 ], [ 2023942.999920619884506, 817695.90757159772329 ], [ 2023171.218711267923936, 817706.209108331124298 ], [ 2022686.011567226843908, 817804.480287370388396 ], [ 2022390.137453221715987, 817887.614305903320201 ], [ 2021857.541503994725645, 818073.228460959508084 ], [ 2021313.444923819508404, 818218.80149042524863 ], [ 2020864.335831138771027, 818324.045463263406418 ], [ 2020622.661095835734159, 818326.422898886958137 ] ] ] } },
{ "type": "Feature", "properties": { "neighborhood_name": "West Hills", "label_tier": 3 }, "geometry": { "type": "Polygon", "coordinates": [ [ [ 2003758.133869614917785, 832753.02322567277588 ], [ 2003828.183612789725885, 830652.228209152002819 ], [ 2006844.35107812169008, 830977.488976175896823 ], [ 2006843.998721855925396, 832488.568108067149296 ], [ 2006509.871607549255714, 832616.265956292161718 ], [ 2005803.80654285219498, 832746.439918119460344 ], [ 2005585.015970156295225, 832757.682342411018908 ], [ 2003758.133869614917785, 832753.02322567277588 ] ] ] } },
{ "type": "Feature", "properties": { "neighborhood_name": "West Murray / Broad", "label_tier": 3 }, "geometry": { "type": "Polygon", "coordinates": [ [ [ 2026006.630832047667354, 829662.060764258960262 ], [ 2025864.562506891787052, 829481.377841748530045 ], [ 2026063.156047401251271, 829274.78620549896732 ], [ 2026381.352662598714232, 829243.03609105932992 ], [ 2026381.320273250108585, 829279.074723810539581 ], [ 2026695.057592856930569, 829273.897965168231167 ], [ 2026940.778812734642997, 829275.578566917218268 ], [ 2026945.400363783119246, 829072.81984873872716 ], [ 2027087.627952462993562, 829075.86296565446537 ], [ 2027087.474436124321073, 829242.223096257308498 ], [ 2027279.379353966098279, 829243.856920070713386 ], [ 2027274.117863342398778, 829814.646375634940341 ], [ 2026717.019827260170132, 829834.883568253484555 ], [ 2026613.312071888940409, 829747.422852358547971 ], [ 2026374.089831904508173, 829757.035665858304128 ], [ 2026281.619646930601448, 829666.674013327574357 ], [ 2026006.630832047667354, 829662.060764258960262 ] ] ] } },
{ "type": "Feature", "properties": { "neighborhood_name": "Westgate Townes", "label_tier": 3 }, "geometry": { "type": "Polygon", "coordinates": [ [ [ 2010234.664590330794454, 805312.351275730412453 ], [ 2010230.300968022318557, 805095.759464442962781 ], [ 2010237.133178235031664, 805022.230361777939834 ], [ 2010268.535317793954164, 804929.052915525739081 ], [ 2010334.263761390233412, 804844.623978519113734 ], [ 2010410.933276017894968, 804786.044287526165135 ], [ 2010503.499904857715592, 804962.625564847723581 ], [ 2010487.795726444805041, 805016.858519425848499 ], [ 2010559.960575117496774, 805140.286218260996975 ], [ 2010672.714984391117468, 805134.86670550936833 ], [ 2010763.017871712334454, 805020.962251197430305 ], [ 2010977.532397134462371, 805132.066886256798171 ], [ 2010833.035086260642856, 805347.511496864492074 ], [ 2010769.68702570348978, 805395.902514774585143 ], [ 2010390.297649445012212, 805395.76588206354063 ], [ 2010383.816531700780615, 805312.403616309049539 ], [ 2010234.664590330794454, 805312.351275730412453 ] ] ] } },
{ "type": "Feature", "properties": { "neighborhood_name": "Westwood Estates", "label_tier": 3 }, "geometry": { "type": "Polygon", "coordinates": [ [ [ 2007746.131467967992648, 834297.884050601976924 ], [ 2007752.423324471106753, 834163.324663011939265 ], [ 2007849.394355145050213, 834166.26266788400244 ], [ 2007895.151148955803365, 832221.99950812314637 ], [ 2008926.238730411278084, 831884.841118326527067 ], [ 2009812.814175058156252, 831404.607529642060399 ], [ 2010022.26275594253093, 831943.43935896223411 ], [ 2010017.337083417689428, 833380.984818927012384 ], [ 2009866.154055162565783, 833690.357832093257457 ], [ 2009759.768439795821905, 834433.304865557700396 ], [ 2008715.562509031035006, 834415.138780070934445 ], [ 2008185.506797462468967, 834298.132903708843514 ], [ 2007746.131467967992648, 834297.884050601976924 ] ] ] } },
{ "type": "Feature", "properties": { "neighborhood_name": "Whitney Park", "label_tier": 3 }, "geometry": { "type": "Polygon", "coordinates": [ [ [ 2015267.58273994596675, 787219.766781493090093 ], [ 2015238.626272765919566, 786526.675887629739009 ], [ 2015315.603005830431357, 786557.292758242809214 ], [ 2015466.930322747444734, 786543.539597588358447 ], [ 2015582.070836954284459, 786642.247204870334826 ], [ 2015656.683151374803856, 786663.03543954459019 ], [ 2015787.650616479106247, 786513.133227979764342 ], [ 2015859.929262954043224, 786468.762878361623734 ], [ 2015955.002372920513153, 786438.237461750279181 ], [ 2016020.481049987254664, 786374.571276318398304 ], [ 2016144.79588206554763, 786481.294299214030616 ], [ 2016047.585251136217266, 786630.121293396223336 ], [ 2016024.7026974465698, 786778.62504488567356 ], [ 2016033.806867216248065, 786917.317983463057317 ], [ 2015489.149112567072734, 787087.746867764741182 ], [ 2015267.58273994596675, 787219.766781493090093 ] ] ] } },
{ "type": "Feature", "properties": { "neighborhood_name": "Willow Hill", "label_tier": 3 }, "geometry": { "type": "Polygon", "coordinates": [ [ [ 2018947.02743627410382, 855252.85412021225784 ], [ 2017443.507077975198627, 855353.123773835832253 ], [ 2017387.479641853133217, 854678.16499955416657 ], [ 2016366.580024837516248, 854430.396203938871622 ], [ 2016328.61180597380735, 853641.506721529876813 ], [ 2016022.320712229702622, 853476.429100794484839 ], [ 2016579.225707534700632, 852990.385552480001934 ], [ 2017145.060536515666172, 852928.460596621735021 ], [ 2017167.40806945739314, 853111.58409805840347 ], [ 2017753.600694671273232, 853095.187380172777921 ], [ 2017771.785798041615635, 852827.26744209555909 ], [ 2019369.928517331369221, 852810.441540450556204 ], [ 2019612.58445311919786, 854009.012017858796753 ], [ 2018924.968273886246607, 854184.754222970805131 ], [ 2019039.577684197342023, 854675.186578913824633 ], [ 2019323.788451489526778, 854677.92072379309684 ], [ 2019332.455572071950883, 854975.345009985845536 ], [ 2018947.02743627410382, 855252.85412021225784 ] ] ] } },
{ "type": "Feature", "properties": { "neighborhood_name": "Willowhaven", "label_tier": 3 }, "geometry": { "type": "Polygon", "coordinates": [ [ [ 2007601.101119024446234, 844246.574714297195897 ], [ 2008086.026345715625212, 843402.148423970793374 ], [ 2008733.440503551391885, 842885.7719503067201 ], [ 2010726.62862661271356, 843034.958161534857936 ], [ 2011154.962559226201847, 843621.21026810084004 ], [ 2010976.669209684012458, 843825.365365827805363 ], [ 2010674.442822452867404, 844308.689462510170415 ], [ 2010608.739349820883945, 844565.308891828171909 ], [ 2010890.494633734691888, 845079.426943853963166 ], [ 2011045.762526553589851, 845568.017768923542462 ], [ 2011399.536497233668342, 846268.18974429985974 ], [ 2011828.022554886527359, 846326.604777162778191 ], [ 2011987.76436374662444, 846660.124632383463904 ], [ 2012833.578707119682804, 846577.118685868452303 ], [ 2013044.575902464333922, 848581.220678346580826 ], [ 2013513.535229173023254, 848581.432966336491518 ], [ 2013817.775928037473932, 848846.592033917549998 ], [ 2013889.512490104651079, 849617.288047209614888 ], [ 2014159.652550328988582, 850100.856061327969655 ], [ 2014229.473807823378593, 850531.179782685125247 ], [ 2014474.609905214747414, 851359.117007006891072 ], [ 2014071.145286966580898, 851660.342470989213325 ], [ 2013854.780735230538994, 851205.922610933776014 ], [ 2013361.22246590279974, 850812.899042298202403 ], [ 2012392.034644279628992, 850859.434178529074416 ], [ 2012049.322830217890441, 850756.633334227954037 ], [ 2011841.889498796779662, 850774.750639247591607 ], [ 2011799.10941225476563, 850614.921760500990786 ], [ 2011700.180085810134187, 850473.272299647331238 ], [ 2011564.885744823375717, 850381.481696771224961 ], [ 2011458.793488929281011, 850417.47957417613361 ], [ 2011100.398452007211745, 850352.179403542890213 ], [ 2010575.182482584845275, 849929.704300894285552 ], [ 2010404.170305303763598, 849718.866735792602412 ], [ 2010137.979827728122473, 849588.084900121204555 ], [ 2010555.280751636717469, 849397.841729380190372 ], [ 2010505.721096029970795, 849165.933628459461033 ], [ 2010436.578585476381704, 846664.992286672350019 ], [ 2008671.559275841107592, 846256.335540644009598 ], [ 2008360.405865952838212, 846139.390393401612528 ], [ 2008103.358035359764472, 845925.630513123702258 ], [ 2007977.220451236702502, 845732.294119965867139 ], [ 2007896.042210351210088, 845389.352646110928617 ], [ 2007801.635352985234931, 844774.111192027106881 ], [ 2007601.101119024446234, 844246.574714297195897 ] ] ] } },
{ "type": "Feature", "properties": { "neighborhood_name": "Windsor Oaks", "label_tier": 3 }, "geometry": { "type": "Polygon", "coordinates": [ [ [ 2018225.249457457102835, 794329.512097298633307 ], [ 2018417.315820353804156, 793965.982690981007181 ], [ 2018589.396834102924913, 793378.574084009043872 ], [ 2018754.218831349164248, 793506.447325038025156 ], [ 2018934.783963671186939, 793550.972680611303076 ], [ 2019049.947420498123392, 793553.959206373663619 ], [ 2019253.384312158916146, 793482.017216814099811 ], [ 2019388.97607967723161, 793484.65444772306364 ], [ 2019425.046255015302449, 793558.20887809980195 ], [ 2019488.091202848823741, 793580.455405383021571 ], [ 2019732.069987221620977, 793536.208620917634107 ], [ 2019754.709383380133659, 793769.556150992400944 ], [ 2019645.970631065312773, 793846.048256461974233 ], [ 2019560.851711143506691, 795269.001413805875927 ], [ 2019044.607602288480848, 794941.210045143845491 ], [ 2018225.249457457102835, 794329.512097298633307 ] ] ] } },
{ "type": "Feature", "properties": { "neighborhood_name": "Woodcroft", "label_tier": 2 }, "geometry": { "type": "Polygon", "coordinates": [ [ [ 2015608.533264433732256, 792016.160727796144783 ], [ 2015588.142830806784332, 791943.711453025229275 ], [ 2015588.183180659078062, 791867.63290373980999 ], [ 2015626.705806791316718, 791805.043249073787592 ], [ 2015674.09079467272386, 791779.951635123230517 ], [ 2015694.544886456569657, 791733.004970621783286 ], [ 2015656.082906526979059, 791681.294721423764713 ], [ 2015617.893073754152283, 791674.358171270810999 ], [ 2015579.421041641617194, 791641.212642352562398 ], [ 2015543.344083840027452, 791557.834750693640672 ], [ 2015486.920359104406089, 791317.556963123381138 ], [ 2015550.296323040965945, 791288.469459198298864 ], [ 2015448.547010577050969, 791095.489424856845289 ], [ 2015389.957556767156348, 791029.93653093080502 ], [ 2015132.448498679790646, 790872.913677144795656 ], [ 2014913.383023308590055, 790803.639447385794483 ], [ 2014723.610157724237069, 790771.510725216008723 ], [ 2014321.520928821759298, 790789.148636332363822 ], [ 2014217.611927232006565, 790755.97310949373059 ], [ 2014125.232098805485293, 790759.932699166703969 ], [ 2014075.506020248169079, 790726.783764856867492 ], [ 2014016.652966116787866, 790585.155039641540498 ], [ 2013944.44990748888813, 790497.393856410053559 ], [ 2013940.067148113856092, 790373.991796331945807 ], [ 2013693.927902325987816, 789933.786019988823682 ], [ 2013400.80527975782752, 789267.145988143398426 ], [ 2014153.128940718481317, 788780.087579595739953 ], [ 2014363.447577393148094, 788605.10025973059237 ], [ 2015056.450967380078509, 789530.39963286544662 ], [ 2016477.488343489123508, 789396.113664248492569 ], [ 2016403.290221432456747, 788646.573030604282394 ], [ 2016256.396531229373068, 788693.448857116745785 ], [ 2016172.830968610942364, 788810.250334271695465 ], [ 2015352.607865791069344, 788845.847591227036901 ], [ 2015332.601836281595752, 788598.673599966452457 ], [ 2015097.487553788581863, 788612.3843214137014 ], [ 2014589.503733537858352, 788346.763764790259302 ], [ 2015154.726442009909078, 787287.778360227239318 ], [ 2015489.149112567072734, 787087.746867764741182 ], [ 2016031.440077338367701, 786913.312577596399933 ], [ 2016745.476665761554614, 786760.826275528757833 ], [ 2017529.434126182924956, 786561.441614005365409 ], [ 2017556.271329111885279, 787241.793181636487134 ], [ 2017650.919938017847016, 787423.855172186624259 ], [ 2017678.05999472620897, 787594.59249295736663 ], [ 2017571.54564606025815, 787944.342989883385599 ], [ 2017573.672972965985537, 788348.396382879232988 ], [ 2017650.227055878844112, 788577.769204334472306 ], [ 2017658.977461369941011, 789291.600446408148855 ], [ 2017753.544285610085353, 789597.062977408408187 ], [ 2017764.953595597995445, 789826.033104379544966 ], [ 2017839.170718666864559, 789994.251401552697644 ], [ 2017839.080580967012793, 790142.768093059654348 ], [ 2018695.203614896861836, 790405.752606093301438 ], [ 2018830.732198192039505, 790529.239118051016703 ], [ 2018780.896595967467874, 790675.175979324383661 ], [ 2018489.449572009034455, 790834.792418054188602 ], [ 2018457.240493719466031, 791676.004086593282409 ], [ 2018342.038270023884252, 791723.253558776690625 ], [ 2018779.979942803969607, 792109.747203867766075 ], [ 2018809.020814761286601, 792531.656235576607287 ], [ 2019057.480598028982058, 792437.53704491769895 ], [ 2019247.361702761147171, 792280.771396184805781 ], [ 2019355.830345149850473, 792117.037034046836197 ], [ 2019430.560137679800391, 791935.080157464835793 ], [ 2019451.104921388439834, 791760.003827741136774 ], [ 2019439.979107224149629, 791571.074115183320828 ], [ 2019363.157690394902602, 791331.139392575714737 ], [ 2019173.763539965962991, 791002.871973452041857 ], [ 2019474.744382743025199, 791006.034817728679627 ], [ 2019803.551034491509199, 790963.756742825382389 ], [ 2019781.386066716862842, 791082.797652221983299 ], [ 2019792.393930189078674, 791443.905057506985031 ], [ 2019981.908708793343976, 791841.170635962043889 ], [ 2020067.599116542376578, 792090.941494111903012 ], [ 2020688.947568751405925, 791815.086930638644844 ], [ 2021072.432045349851251, 791204.800135197700001 ], [ 2021183.36951224366203, 791541.695086507243104 ], [ 2021411.742127771023661, 791703.124808589695022 ], [ 2021364.13725871196948, 792023.785027483594604 ], [ 2021289.345355249475688, 792275.263348441454582 ], [ 2021334.435234481701627, 792562.501933862920851 ], [ 2020812.390195279615, 792678.975665011210367 ], [ 2020656.512324131093919, 792889.993040899862535 ], [ 2020487.152695835568011, 792907.711118790088221 ], [ 2020398.832932005636394, 793042.334397272323258 ], [ 2020484.624364132527262, 793137.037390359560959 ], [ 2020611.046424433821812, 793130.209534975350834 ], [ 2020665.097520998911932, 793311.889891749015078 ], [ 2020829.918608529958874, 793428.854382664547302 ], [ 2020886.522754079196602, 793348.083693434251472 ], [ 2020999.278563327388838, 793406.770117840846069 ], [ 2020933.6424308528658, 793698.297669271356426 ], [ 2020930.026177041232586, 793791.594013824593276 ], [ 2019998.636965329293162, 793798.842168156872503 ], [ 2019754.709383380133659, 793769.556150992400944 ], [ 2019732.071698009734973, 793533.660531500470825 ], [ 2019488.091202848823741, 793580.455405383021571 ], [ 2019427.118638598127291, 793558.210247922223061 ], [ 2019391.05014966847375, 793482.107725698384456 ], [ 2019255.752756676869467, 793482.018768503447063 ], [ 2019047.876924011856318, 793551.045760868582875 ], [ 2018934.783963671186939, 793550.972680611303076 ], [ 2018754.220457355258986, 793503.899235644261353 ], [ 2018571.346121845301241, 793364.730183226754889 ], [ 2018178.441233859397471, 792946.597856483189389 ], [ 2018086.148841000860557, 792818.772465199232101 ], [ 2017916.598373899701983, 792665.783312487415969 ], [ 2017704.358134142821655, 792603.40854302525986 ], [ 2017331.623766378266737, 792584.985747983912006 ], [ 2017209.632148433942348, 792607.118828858016059 ], [ 2017047.048465989995748, 792683.466719967662357 ], [ 2016922.644949548644945, 792782.042245504329912 ], [ 2016837.072635134682059, 792799.829717453802004 ], [ 2016760.098684861324728, 792795.781582273775712 ], [ 2016644.961098128464073, 792741.478267568163574 ], [ 2016561.508041908964515, 792676.272866557934321 ], [ 2016428.373389012180269, 792508.024343104334548 ], [ 2015874.884884802158922, 792223.062417655833997 ], [ 2015608.533264433732256, 792016.160727796144783 ] ] ] } },
{ "type": "Feature", "properties": { "neighborhood_name": "Woodlake", "label_tier": 3 }, "geometry": { "type": "Polygon", "coordinates": [ [ [ 2021658.566406660713255, 791036.799417255679145 ], [ 2021918.388080783188343, 790823.316989579703659 ], [ 2022072.202977184206247, 790626.137639627209865 ], [ 2022128.844975016545504, 790506.784341900260188 ], [ 2022149.064648795872927, 790392.863875370589085 ], [ 2022142.449351402232423, 790134.410555403679609 ], [ 2022059.14913947484456, 789871.895526374457404 ], [ 2022025.588051738450304, 789613.786172010237351 ], [ 2022079.962023854488507, 789362.659064597915858 ], [ 2022231.647002706537023, 788861.165807446232066 ], [ 2022369.506513037951663, 788635.219454350648448 ], [ 2022548.228068077471107, 788412.945225053816102 ], [ 2022758.556214577052742, 788293.711697023129091 ], [ 2022975.355797417461872, 788231.634469314245507 ], [ 2023445.285718983970582, 788224.725309833884239 ], [ 2023693.630105824908242, 788337.403844375279732 ], [ 2023896.92241676710546, 788501.737406371510588 ], [ 2024260.230808969819918, 788876.966524834977463 ], [ 2024603.651183329289779, 788946.414110956829973 ], [ 2024917.628981426358223, 788816.362567034782842 ], [ 2025517.637030450394377, 790061.068518935935572 ], [ 2025672.827472645556554, 790694.220208362326957 ], [ 2025794.609162383712828, 790927.658510214532726 ], [ 2025920.85963326995261, 791127.612200998235494 ], [ 2026193.942595620406792, 791350.265722446609288 ], [ 2026338.519086275715381, 791579.358616720302962 ], [ 2026396.919898691354319, 791826.575372907333076 ], [ 2026371.81695006066002, 792086.093687268905342 ], [ 2022725.942190166097134, 792177.691686253529042 ], [ 2022195.426642733858898, 791732.82715887541417 ], [ 2021658.566406660713255, 791036.799417255679145 ] ] ] } },
{ "type": "Feature", "properties": { "neighborhood_name": "Woodstone at Croasdaile Farm", "label_tier": 3 }, "geometry": { "type": "Polygon", "coordinates": [ [ [ 2016984.784681570483372, 835432.913168351748027 ], [ 2016742.884662837721407, 835521.194819118129089 ], [ 2016566.775549538666382, 835653.725359752075747 ], [ 2016149.864976681536064, 835330.599867290700786 ], [ 2016031.287416443461552, 834661.842830095789395 ], [ 2016905.175192851573229, 834602.331755010760389 ], [ 2016984.784681570483372, 835432.913168351748027 ] ] ] } },
{ "type": "Feature", "properties": { "neighborhood_name": "Woodwinds", "label_tier": 3 }, "geometry": { "type": "Polygon", "coordinates": [ [ [ 2018806.652293655322865, 792531.654719889746048 ], [ 2018777.609759743092582, 792112.293776275822893 ], [ 2018339.669683770742267, 791723.252080720500089 ], [ 2019361.085149770835415, 791331.138027263688855 ], [ 2019437.61050870642066, 791571.072548646945506 ], [ 2019451.104921388439834, 791760.003827741136774 ], [ 2019432.927744143875316, 791936.537772158160806 ], [ 2019360.570331611437723, 792112.672007164102979 ], [ 2019242.918066149810329, 792284.772623610217124 ], [ 2019057.480598028982058, 792437.53704491769895 ], [ 2018806.652293655322865, 792531.654719889746048 ] ] ] } },
{ "type": "Feature", "properties": { "neighborhood_name": "Wyndcross", "label_tier": 3 }, "geometry": { "type": "Polygon", "coordinates": [ [ [ 2019810.734895982081071, 785017.228062320151366 ], [ 2019818.888066241052002, 784705.650647982722148 ], [ 2019634.783285898389295, 784439.80915068462491 ], [ 2019832.032508684787899, 784060.340336767723784 ], [ 2019590.773146570660174, 783731.1869298965903 ], [ 2019787.979706670157611, 783421.304303890210576 ], [ 2020677.65700474428013, 783421.916581436060369 ], [ 2020896.712279924890026, 783684.635153499431908 ], [ 2021001.426059157121927, 783880.840164653374813 ], [ 2021022.658404402667657, 784181.375204032869078 ], [ 2021073.373346649110317, 784352.23197405913379 ], [ 2021174.129032615805045, 784524.705504687153734 ], [ 2021385.242278220597655, 784768.432524990756065 ], [ 2021382.640170687809587, 785069.732324532582425 ], [ 2019915.511169427307323, 785124.849557505571283 ], [ 2019810.734895982081071, 785017.228062320151366 ] ] ] } },
{ "type": "Feature", "properties": { "neighborhood_name": "Wynstead", "label_tier": 3 }, "geometry": { "type": "Polygon", "coordinates": [ [ [ 2023508.735448237974197, 797327.232803737046197 ], [ 2022491.64711206452921, 797328.017701544333249 ], [ 2022490.902744287392125, 797263.197100036893971 ], [ 2022141.555981816258281, 797256.607884375494905 ], [ 2022151.341171954059973, 796915.121950327418745 ], [ 2022138.78264168347232, 796722.23026851657778 ], [ 2022107.165553152328357, 796532.485028044437058 ], [ 2023507.797557895537466, 796514.599879363086075 ], [ 2023508.735448237974197, 797327.232803737046197 ] ] ] } },
{ "type": "Feature", "properties": { "neighborhood_name": "Wynterfield", "label_tier": 3 }, "geometry": { "type": "Polygon", "coordinates": [ [ [ 2033203.85111390077509, 798965.235122316866182 ], [ 2032867.32031671074219, 798945.563969252514653 ], [ 2032625.942725364351645, 798802.237041929503903 ], [ 2032118.497918719192967, 798078.380366322118789 ], [ 2032100.744763709837571, 797800.617733947816305 ], [ 2032320.403047512285411, 797246.828339556232095 ], [ 2032311.762272398918867, 797028.774197887978517 ], [ 2032029.799749114317819, 796624.409639326389879 ], [ 2031976.068615212338045, 796218.839362132013775 ], [ 2032057.67922990093939, 796032.917103146319278 ], [ 2032172.94284802977927, 795934.39527780842036 ], [ 2032486.735558750573546, 795934.740493649616838 ], [ 2032651.462965140584856, 796080.528658846742474 ], [ 2032691.641979036619887, 796419.470450095017441 ], [ 2032906.212711363099515, 796462.66360880038701 ], [ 2033041.659388074651361, 796581.120205715647899 ], [ 2033335.295304194325581, 796599.288530392688699 ], [ 2033336.193853173404932, 797633.818555593839847 ], [ 2033203.85111390077509, 798965.235122316866182 ] ] ] } }
]
}
