{
"type": "FeatureCollection",
"name": "durham_neighborhoods_web",
"crs": { "type": "name", "properties": { "name": "urn:ogc:def:crs:OGC:1.3:CRS84" } },
"features": [
{ "type": "Feature", "properties": { "neighborhood_name": "Abercromby", "label_tier": 3 }, "geometry": { "type": "Polygon", "coordinates": [ [ [ -78.896248, 35.9333 ], [ -78.896492, 35.932499 ], [ -78.896942, 35.930019 ], [ -78.896393, 35.929871 ], [ -78.895912, 35.929661 ], [ -78.894768, 35.928692 ], [ -78.894699, 35.928654 ], [ -78.894241, 35.929081 ], [ -78.894112, 35.93243 ], [ -78.894897, 35.93264 ], [ -78.896248, 35.9333 ] ] ] } },
{ "type": "Feature", "properties": { "neighborhood_name": "Abron Drive", "label_tier": 3 }, "geometry": { "type": "Polygon", "coordinates": [ [ [ -78.949837, 35.900627 ], [ -78.949921, 35.89537 ], [ -78.948334, 35.895393 ], [ -78.94809, 35.900654 ], [ -78.949837, 35.900627 ] ] ] } },
{ "type": "Feature", "properties": { "neighborhood_name": "Albright", "label_tier": 3 }, "geometry": { "type": "Polygon", "coordinates": [ [ [ -78.888489, 35.997349 ], [ -78.885971, 35.997211 ], [ -78.885971, 35.994011 ], [ -78.888123, 35.994041 ], [ -78.8881, 35.993961 ], [ -78.889923, 35.993992 ], [ -78.89035, 35.992882 ], [ -78.882454, 35.992607 ], [ -78.882332, 35.99403 ], [ -78.881882, 35.994167 ], [ -78.881805, 35.994469 ], [ -78.88163, 36.00182 ], [ -78.882912, 36.001411 ], [ -78.882942, 36.001202 ], [ -78.883469, 36.000591 ], [ -78.883781, 36.000351 ], [ -78.885841, 35.999161 ], [ -78.886711, 35.998871 ], [ -78.887413, 35.998501 ], [ -78.888191, 35.99786 ], [ -78.888489, 35.997349 ] ] ] } },
{ "type": "Feature", "properties": { "neighborhood_name": "Amberlynn Valley", "label_tier": 3 }, "geometry": { "type": "Polygon", "coordinates": [ [ [ -78.847969, 35.972416 ], [ -78.848053, 35.971123 ], [ -78.847588, 35.970673 ], [ -78.847649, 35.969898 ], [ -78.845802, 35.969456 ], [ -78.8433, 35.969212 ], [ -78.842834, 35.969742 ], [ -78.842957, 35.970333 ], [ -78.843742, 35.970394 ], [ -78.84404, 35.970646 ], [ -78.84417, 35.971062 ], [ -78.845406, 35.971169 ], [ -78.845551, 35.972034 ], [ -78.846024, 35.972313 ], [ -78.847229, 35.972496 ], [ -78.847969, 35.972416 ] ] ] } },
{ "type": "Feature", "properties": { "neighborhood_name": "American Tobacco Campus", "label_tier": 1 }, "geometry": { "type": "Polygon", "coordinates": [ [ [ -78.905138969421387, 35.996091365505031 ], [ -78.905847072601318, 35.995130022968397 ], [ -78.905074596405015, 35.994745916692352 ], [ -78.905039727687836, 35.994587499434836 ], [ -78.905997276306152, 35.992996798924587 ], [ -78.90617161989212, 35.992866590095467 ], [ -78.906954824924469, 35.991540617946896 ], [ -78.905991911888123, 35.991104409471035 ], [ -78.903092443943024, 35.990069218508552 ], [ -78.901402652263641, 35.994014590532537 ], [ -78.902775943279266, 35.994741576497766 ], [ -78.905138969421387, 35.996091365505031 ] ] ] } },
{ "type": "Feature", "properties": { "neighborhood_name": "American Village", "label_tier": 3 }, "geometry": { "type": "Polygon", "coordinates": [ [ [ -78.965591, 36.015781 ], [ -78.965141, 36.01553 ], [ -78.965279, 36.014999 ], [ -78.964897, 36.013882 ], [ -78.964172, 36.013828 ], [ -78.963181, 36.01556 ], [ -78.962418, 36.01873 ], [ -78.962814, 36.019684 ], [ -78.962883, 36.022812 ], [ -78.96402, 36.02285 ], [ -78.965027, 36.022572 ], [ -78.965469, 36.022018 ], [ -78.96553, 36.021439 ], [ -78.967018, 36.021191 ], [ -78.967262, 36.02021 ], [ -78.969803, 36.021259 ], [ -78.96991, 36.025951 ], [ -78.969658, 36.027382 ], [ -78.970123, 36.0275 ], [ -78.971741, 36.0271 ], [ -78.973061, 36.026932 ], [ -78.974403, 36.026901 ], [ -78.97541, 36.026981 ], [ -78.97834, 36.027531 ], [ -78.97847, 36.023201 ], [ -78.975502, 36.02309 ], [ -78.97554, 36.021301 ], [ -78.974831, 36.021252 ], [ -78.975052, 36.01564 ], [ -78.971359, 36.015179 ], [ -78.970039, 36.015659 ], [ -78.967308, 36.01656 ], [ -78.966331, 36.016521 ], [ -78.965408, 36.016281 ], [ -78.965591, 36.015781 ] ] ] } },
{ "type": "Feature", "properties": { "neighborhood_name": "Anderson St. / Wrightwood Park", "label_tier": 3 }, "geometry": { "type": "Polygon", "coordinates": [ [ [ -78.930283, 35.998402 ], [ -78.930832, 35.998341 ], [ -78.932831, 35.997662 ], [ -78.93515, 35.996689 ], [ -78.935677, 35.996342 ], [ -78.9375, 35.994141 ], [ -78.937866, 35.9939 ], [ -78.939308, 35.993328 ], [ -78.940292, 35.991901 ], [ -78.940308, 35.991299 ], [ -78.940041, 35.990841 ], [ -78.939812, 35.990059 ], [ -78.939812, 35.98925 ], [ -78.940048, 35.988522 ], [ -78.941559, 35.985592 ], [ -78.941719, 35.985081 ], [ -78.941711, 35.984581 ], [ -78.940758, 35.984039 ], [ -78.940269, 35.983688 ], [ -78.93766, 35.98053 ], [ -78.936859, 35.979939 ], [ -78.93602, 35.979561 ], [ -78.935181, 35.97929 ], [ -78.934753, 35.980431 ], [ -78.93428, 35.981201 ], [ -78.933578, 35.981819 ], [ -78.931702, 35.982128 ], [ -78.931183, 35.982342 ], [ -78.930122, 35.98423 ], [ -78.928917, 35.98513 ], [ -78.928543, 35.986229 ], [ -78.928421, 35.992321 ], [ -78.93290251493454, 35.992397836530984 ], [ -78.932808, 35.993023 ], [ -78.932625, 35.993641 ], [ -78.932198, 35.99445 ], [ -78.930748, 35.99654 ], [ -78.930412, 35.997398 ], [ -78.930298, 35.997952 ], [ -78.930283, 35.998402 ] ], [ [ -78.939194, 35.989712 ], [ -78.938103, 35.989899 ], [ -78.938293, 35.99054 ], [ -78.936478, 35.991741 ], [ -78.935219, 35.992161 ], [ -78.933998, 35.99271 ], [ -78.933792, 35.992119 ], [ -78.93293, 35.992298 ], [ -78.932999, 35.991699 ], [ -78.933807, 35.991589 ], [ -78.934128, 35.99107 ], [ -78.934669, 35.990871 ], [ -78.93512, 35.989441 ], [ -78.935921, 35.989552 ], [ -78.937073, 35.98962 ], [ -78.938293, 35.989429 ], [ -78.939087, 35.989101 ], [ -78.939194, 35.989712 ] ] ] } },
{ "type": "Feature", "properties": { "neighborhood_name": "Archer Woods", "label_tier": 3 }, "geometry": { "type": "Polygon", "coordinates": [ [ [ -78.970284126698957, 36.048477381389709 ], [ -78.970863148570061, 36.048217960035792 ], [ -78.970711268484592, 36.047935496105644 ], [ -78.971396572887897, 36.04764896496058 ], [ -78.971961513161645, 36.046928430755329 ], [ -78.973099440336213, 36.04645186613395 ], [ -78.973983563482761, 36.045490324523499 ], [ -78.973799161612988, 36.042300915088795 ], [ -78.972312547266483, 36.042300643990274 ], [ -78.970519490540028, 36.042621623979393 ], [ -78.96699070930481, 36.042670963692743 ], [ -78.965309299528599, 36.043521933334667 ], [ -78.96623969078064, 36.044150598532859 ], [ -78.966080099344254, 36.044520909534477 ], [ -78.967293128371239, 36.044841609382551 ], [ -78.967132866382599, 36.045361015663673 ], [ -78.96774273365736, 36.0456806277422 ], [ -78.968009948730469, 36.045890719792737 ], [ -78.968429714441299, 36.045502252374057 ], [ -78.969336971640587, 36.046329335969837 ], [ -78.969421461224542, 36.046760901541468 ], [ -78.969177044928074, 36.047180266071102 ], [ -78.970284126698957, 36.048477381389709 ] ] ] } },
{ "type": "Feature", "properties": { "neighborhood_name": "Arrowhead", "label_tier": 3 }, "geometry": { "type": "Polygon", "coordinates": [ [ [ -78.990159630775437, 36.013556246022461 ], [ -78.990969657897949, 36.009290737124431 ], [ -78.991130590438843, 36.008231917877524 ], [ -78.991270065307617, 36.007607034272183 ], [ -78.991463184356689, 36.006478759662272 ], [ -78.992214202880845, 36.002885531395457 ], [ -78.992396593093858, 36.002460235086836 ], [ -78.992933034896851, 36.00155755776975 ], [ -78.993673324584961, 36.000602791670531 ], [ -78.994359970092773, 35.999613294606178 ], [ -78.994660377502441, 35.998771344345144 ], [ -78.994821310043335, 35.997903344975327 ], [ -78.994681835174561, 35.997148177752543 ], [ -78.994370698928819, 35.996505845918236 ], [ -78.994081020355225, 35.996175997808258 ], [ -78.993791341781616, 35.995429494360472 ], [ -78.993834257125854, 35.994544097390957 ], [ -78.993995189666748, 35.993623968440609 ], [ -78.994081020355225, 35.992608341948518 ], [ -78.994016647338867, 35.99154929868812 ], [ -78.993834257125854, 35.990143006154661 ], [ -78.992396593093858, 35.989899940706714 ], [ -78.989338874816895, 35.98963083165863 ], [ -78.988394737243652, 35.989448531459345 ], [ -78.985980749130249, 35.990941644496459 ], [ -78.983507752418518, 35.992317540502093 ], [ -78.983228802680969, 35.992421708307603 ], [ -78.982627987861633, 35.992504174389438 ], [ -78.981297612190232, 35.992439069595171 ], [ -78.979184031486511, 35.992291498529198 ], [ -78.977687358856201, 35.992486813116216 ], [ -78.973841071128845, 35.99470902503068 ], [ -78.974559903144836, 35.995212486218769 ], [ -78.974431157112122, 35.995425154203495 ], [ -78.974559903144836, 35.995733304755788 ], [ -78.974994421005249, 35.995776706145293 ], [ -78.975573778152466, 35.998224505855596 ], [ -78.975144624710083, 35.998341685851123 ], [ -78.974940776824951, 35.998975322810743 ], [ -78.974854946136475, 35.999799911230561 ], [ -78.975005149841309, 36.000338059023321 ], [ -78.974849581718445, 36.001010738600058 ], [ -78.974130749702454, 36.002091353777928 ], [ -78.976888060569763, 36.003137236293497 ], [ -78.978078961372375, 36.001427363073262 ], [ -78.978669047355652, 36.001006398750192 ], [ -78.97946834564209, 36.001600955954125 ], [ -78.980192542076111, 36.002777037657118 ], [ -78.981286883354187, 36.004265558721166 ], [ -78.98196816444397, 36.004734241752473 ], [ -78.980868458747864, 36.005163865417131 ], [ -78.978486657142639, 36.005801787146027 ], [ -78.978663682937622, 36.013716794749229 ], [ -78.990159630775437, 36.013556246022461 ] ] ] } },
{ "type": "Feature", "properties": { "neighborhood_name": "Artisan at Brightleaf", "label_tier": 1 }, "geometry": { "type": "Polygon", "coordinates": [ [ [ -78.820766061544418, 35.947211900615095 ], [ -78.821432590484619, 35.946683161903124 ], [ -78.822076320648193, 35.946952417377204 ], [ -78.821958303451538, 35.947386698466524 ], [ -78.823536783456802, 35.947456183219309 ], [ -78.823835849761949, 35.946727675976248 ], [ -78.824438005685806, 35.946292305550031 ], [ -78.824763894081102, 35.946186991146469 ], [ -78.824189901351929, 35.94584064691189 ], [ -78.824361562728868, 35.945640873998478 ], [ -78.820499181747437, 35.94375603512767 ], [ -78.820134401321411, 35.944068730401135 ], [ -78.820134401321411, 35.947152186974748 ], [ -78.820766061544418, 35.947211900615095 ] ] ] } },
{ "type": "Feature", "properties": { "neighborhood_name": "Ashley Forest", "label_tier": 3 }, "geometry": { "type": "Polygon", "coordinates": [ [ [ -78.822472, 35.925861 ], [ -78.82164, 35.925831 ], [ -78.820107, 35.925869 ], [ -78.817963, 35.925945 ], [ -78.817841, 35.927319 ], [ -78.817886, 35.929699 ], [ -78.81855, 35.930321 ], [ -78.820969, 35.930302 ], [ -78.821091, 35.930161 ], [ -78.824532, 35.930309 ], [ -78.825203, 35.93 ], [ -78.825371, 35.926651 ], [ -78.822472, 35.925861 ] ] ] } },
{ "type": "Feature", "properties": { "neighborhood_name": "Ashton Hall", "label_tier": 3 }, "geometry": { "type": "Polygon", "coordinates": [ [ [ -78.82598027586937, 35.959822410171057 ], [ -78.825949430465698, 35.960952437607453 ], [ -78.825273513793945, 35.9610132263292 ], [ -78.825434446334839, 35.961369273617009 ], [ -78.82616400718689, 35.961360589555895 ], [ -78.826196193695068, 35.961734003320537 ], [ -78.82590651512146, 35.961881631531178 ], [ -78.825219869613647, 35.961872947526423 ], [ -78.825209140777588, 35.962385302172862 ], [ -78.824576139450073, 35.962420037960761 ], [ -78.824104070663452, 35.96237661822348 ], [ -78.824071884155273, 35.961994523506043 ], [ -78.823546171188354, 35.961938077538797 ], [ -78.823213577270494, 35.962029259465844 ], [ -78.822891712188721, 35.962228990938179 ], [ -78.822762966156006, 35.962637136289054 ], [ -78.822644948959351, 35.962784762811353 ], [ -78.822644948959351, 35.962958440719582 ], [ -78.822880983352661, 35.963084356964195 ], [ -78.825531005859375, 35.963123434378595 ], [ -78.825724124908447, 35.963245008433056 ], [ -78.830702304840088, 35.96345342066239 ], [ -78.830991983413696, 35.963253692286926 ], [ -78.830959796905518, 35.96273265936442 ], [ -78.83028388023375, 35.962168203152252 ], [ -78.827676773071289, 35.962011891487862 ], [ -78.827698230743408, 35.961126119545476 ], [ -78.827000856399536, 35.961134803632362 ], [ -78.826979398727403, 35.960570335999286 ], [ -78.827612400054932, 35.960535599397772 ], [ -78.827590942382812, 35.960257706035684 ], [ -78.828588724136353, 35.960275074399483 ], [ -78.828588724136353, 35.960023232750842 ], [ -78.82915735244751, 35.959892969514037 ], [ -78.829307556152344, 35.959719284864079 ], [ -78.829318284988403, 35.959510862779908 ], [ -78.829500675201416, 35.959232965812113 ], [ -78.829243183135986, 35.959033226762529 ], [ -78.829232454299927, 35.958876908893103 ], [ -78.829436302185044, 35.958868224557953 ], [ -78.829672336578369, 35.958572956594672 ], [ -78.829607963562012, 35.958468744108806 ], [ -78.829725980758667, 35.957782675144365 ], [ -78.82965087890625, 35.957244237099765 ], [ -78.829951286315918, 35.956818694758041 ], [ -78.830734491348267, 35.956853432994329 ], [ -78.830755949020386, 35.957044493020803 ], [ -78.830455541610718, 35.957443980673624 ], [ -78.830412626266479, 35.957956364053196 ], [ -78.830316066741943, 35.958190843474192 ], [ -78.830326795578003, 35.958399269041806 ], [ -78.830455541610718, 35.958651115868868 ], [ -78.830273151397705, 35.958963752192098 ], [ -78.830573558807373, 35.959128754197081 ], [ -78.830541372299194, 35.959337177289619 ], [ -78.830251693725586, 35.959397967254674 ], [ -78.830262422561631, 35.959727969105643 ], [ -78.830530643463135, 35.960057969577718 ], [ -78.830680847167969, 35.960813491782005 ], [ -78.831303119659424, 35.960882964725293 ], [ -78.831281661987305, 35.961221644448564 ], [ -78.831624984741211, 35.961230328524941 ], [ -78.831689357757568, 35.96079612353666 ], [ -78.832257986068726, 35.960778755287464 ], [ -78.832322359085083, 35.960292442759432 ], [ -78.831775188446045, 35.960222969296673 ], [ -78.831743001937866, 35.959754021824629 ], [ -78.831989765167236, 35.959719284864079 ], [ -78.831989765167236, 35.959432704356551 ], [ -78.831614255905151, 35.959198228622377 ], [ -78.830959796905518, 35.959206912921246 ], [ -78.831110000610352, 35.957522141065006 ], [ -78.83413553237915, 35.957539510030379 ], [ -78.834210634231553, 35.956957647611524 ], [ -78.833051919937134, 35.956896855768207 ], [ -78.833191394805908, 35.956479996153618 ], [ -78.833620548248291, 35.956488680751377 ], [ -78.83414626121521, 35.956288934761695 ], [ -78.834339380264282, 35.955737459515618 ], [ -78.833523988723755, 35.955220719373614 ], [ -78.833051919937134, 35.955264143045071 ], [ -78.832982182502732, 35.954847274813801 ], [ -78.831802010536194, 35.954730030227388 ], [ -78.830181956291185, 35.954816878085893 ], [ -78.829944580793381, 35.954557419825107 ], [ -78.82884755730629, 35.954867901158224 ], [ -78.82864773273468, 35.956571184382305 ], [ -78.827384412288666, 35.956569013235224 ], [ -78.82727712392807, 35.957420098316369 ], [ -78.826172053813934, 35.957426611687254 ], [ -78.82598027586937, 35.959822410171057 ] ] ] } },
{ "type": "Feature", "properties": { "neighborhood_name": "Auburn Hills", "label_tier": 3 }, "geometry": { "type": "Polygon", "coordinates": [ [ [ -78.91407, 35.913841 ], [ -78.91465, 35.913872 ], [ -78.915672, 35.914101 ], [ -78.916031, 35.914089 ], [ -78.916061, 35.913212 ], [ -78.915756, 35.912498 ], [ -78.909752, 35.910412 ], [ -78.906509, 35.910412 ], [ -78.905739, 35.911701 ], [ -78.907967, 35.913651 ], [ -78.90963, 35.915821 ], [ -78.910683, 35.91571 ], [ -78.911713, 35.915771 ], [ -78.911888, 35.915119 ], [ -78.912247, 35.914581 ], [ -78.912933, 35.914089 ], [ -78.913498, 35.913898 ], [ -78.91407, 35.913841 ] ] ] } },
{ "type": "Feature", "properties": { "neighborhood_name": "Auburn Square", "label_tier": 3 }, "geometry": { "type": "Polygon", "coordinates": [ [ [ -78.915894, 35.917351 ], [ -78.916733, 35.9165 ], [ -78.917191, 35.915981 ], [ -78.917458, 35.915375 ], [ -78.917465, 35.914867 ], [ -78.917366, 35.914062 ], [ -78.915672, 35.914101 ], [ -78.91526, 35.914005 ], [ -78.915176, 35.914299 ], [ -78.914665, 35.91515 ], [ -78.914627, 35.915398 ], [ -78.914764, 35.915951 ], [ -78.914772, 35.916237 ], [ -78.914658, 35.916527 ], [ -78.914482, 35.916759 ], [ -78.915894, 35.917351 ] ] ] } },
{ "type": "Feature", "properties": { "neighborhood_name": "Auburn Park", "label_tier": 3 }, "geometry": { "type": "Polygon", "coordinates": [ [ [ -78.91526, 35.914005 ], [ -78.91465, 35.913872 ], [ -78.91407, 35.913841 ], [ -78.913506, 35.913898 ], [ -78.912933, 35.914089 ], [ -78.912254, 35.914577 ], [ -78.911888, 35.915119 ], [ -78.911713, 35.915771 ], [ -78.912811, 35.916046 ], [ -78.91449, 35.916759 ], [ -78.914658, 35.916519 ], [ -78.914764, 35.916237 ], [ -78.914764, 35.915951 ], [ -78.914627, 35.915405 ], [ -78.914665, 35.91515 ], [ -78.915169, 35.914299 ], [ -78.91526, 35.914005 ] ] ] } },
{ "type": "Feature", "properties": { "neighborhood_name": "Audubon Park", "label_tier": 3 }, "geometry": { "type": "Polygon", "coordinates": [ [ [ -78.90731, 35.878227 ], [ -78.906616, 35.877312 ], [ -78.906441, 35.87669 ], [ -78.899651, 35.877941 ], [ -78.899231, 35.878922 ], [ -78.900574, 35.88345 ], [ -78.901772, 35.88419 ], [ -78.90419, 35.884369 ], [ -78.904182, 35.882931 ], [ -78.907242, 35.88274 ], [ -78.907242, 35.879829 ], [ -78.90731, 35.878227 ] ] ] } },
{ "type": "Feature", "properties": { "neighborhood_name": "Autumn Ridge", "label_tier": 3 }, "geometry": { "type": "Polygon", "coordinates": [ [ [ -78.943357765674591, 36.086071421713825 ], [ -78.942869603633881, 36.085733278215123 ], [ -78.942617475986481, 36.085505680810506 ], [ -78.94238144159317, 36.08528025035065 ], [ -78.941096663475037, 36.08479470562623 ], [ -78.938966989517212, 36.084864069341883 ], [ -78.937110900878906, 36.084898751176759 ], [ -78.936923146247864, 36.084564937880948 ], [ -78.936789035797119, 36.083710889620107 ], [ -78.935088515281663, 36.083715224913895 ], [ -78.935002684593201, 36.084846728418718 ], [ -78.93666028976439, 36.08479470562623 ], [ -78.937121629714952, 36.085497010420163 ], [ -78.936826586723328, 36.085869836341608 ], [ -78.936799764633165, 36.086364044721414 ], [ -78.937395215034485, 36.086559126121337 ], [ -78.936880230903611, 36.087153037625079 ], [ -78.936848044395447, 36.087456494325586 ], [ -78.937062621116624, 36.087920347303886 ], [ -78.9377760887146, 36.087742609570249 ], [ -78.938966989517212, 36.086918941655703 ], [ -78.940206170082092, 36.086359709573706 ], [ -78.940431475639343, 36.086472423336701 ], [ -78.940275907516479, 36.086988303497094 ], [ -78.940318822860718, 36.087430483797156 ], [ -78.940796256065369, 36.088713659605233 ], [ -78.942330479621887, 36.088678979453398 ], [ -78.943027853965759, 36.088236806176333 ], [ -78.943548202514634, 36.08798537320358 ], [ -78.943961262702942, 36.086383552883191 ], [ -78.943357765674591, 36.086071421713825 ] ] ] } },
{ "type": "Feature", "properties": { "neighborhood_name": "Bahama", "label_tier": 3 }, "geometry": { "type": "Polygon", "coordinates": [ [ [ -78.871428966522217, 36.167259571915551 ], [ -78.872029781341553, 36.169130404285482 ], [ -78.875033855438232, 36.169130404285482 ], [ -78.875463008880615, 36.170654753198484 ], [ -78.876256942749023, 36.171486203745076 ], [ -78.878509998321533, 36.171295663773968 ], [ -78.880548477172852, 36.170083125830615 ], [ -78.878810405731201, 36.168108381025021 ], [ -78.879089355468736, 36.165475310552345 ], [ -78.879604339599609, 36.16580444919876 ], [ -78.880956172943115, 36.164591826299201 ], [ -78.880140781402588, 36.163050035810237 ], [ -78.875312805175781, 36.163500449650321 ], [ -78.874776363372803, 36.166618628333488 ], [ -78.871428966522217, 36.167259571915551 ] ] ] } },
{ "type": "Feature", "properties": { "neighborhood_name": "Barclay to Sandlewood", "label_tier": 3 }, "geometry": { "type": "Polygon", "coordinates": [ [ [ -78.909737, 36.104439 ], [ -78.910172, 36.102901 ], [ -78.91024, 36.102451 ], [ -78.91024, 36.101978 ], [ -78.909889, 36.097569 ], [ -78.908272, 36.097569 ], [ -78.906822, 36.097439 ], [ -78.904053, 36.097519 ], [ -78.902039, 36.097694 ], [ -78.901871, 36.095596 ], [ -78.900169, 36.095718 ], [ -78.900146, 36.097797 ], [ -78.898941, 36.098289 ], [ -78.898903, 36.099171 ], [ -78.895851, 36.100052 ], [ -78.895309, 36.100521 ], [ -78.89563, 36.10252 ], [ -78.896339, 36.102928 ], [ -78.898468, 36.103062 ], [ -78.900742, 36.10442 ], [ -78.909737, 36.104439 ] ] ] } },
{ "type": "Feature", "properties": { "neighborhood_name": "Bennet Place", "label_tier": 3 }, "geometry": { "type": "Polygon", "coordinates": [ [ [ -78.987053, 36.032288 ], [ -78.986931, 36.029381 ], [ -78.978279, 36.027748 ], [ -78.977531, 36.03072 ], [ -78.984138, 36.032539 ], [ -78.987053, 36.032288 ] ] ] } },
{ "type": "Feature", "properties": { "neighborhood_name": "Belcrest", "label_tier": 3 }, "geometry": { "type": "Polygon", "coordinates": [ [ [ -78.915939, 35.932285 ], [ -78.917313, 35.9314 ], [ -78.916527, 35.930882 ], [ -78.916237, 35.930485 ], [ -78.914398, 35.930447 ], [ -78.914429, 35.930813 ], [ -78.913605, 35.930805 ], [ -78.913597, 35.930588 ], [ -78.912476, 35.930458 ], [ -78.912132, 35.931664 ], [ -78.912674, 35.932018 ], [ -78.913551, 35.932194 ], [ -78.915939, 35.932285 ] ] ] } },
{ "type": "Feature", "properties": { "neighborhood_name": "Bent Creek / Woodberry Forest", "label_tier": 3 }, "geometry": { "type": "Polygon", "coordinates": [ [ [ -78.966972, 35.943691 ], [ -78.970154, 35.94231 ], [ -78.97303, 35.942081 ], [ -78.972977, 35.936729 ], [ -78.97361, 35.934601 ], [ -78.974762, 35.934429 ], [ -78.974709, 35.932018 ], [ -78.970169, 35.932079 ], [ -78.970161, 35.936989 ], [ -78.963089, 35.937012 ], [ -78.963722, 35.937908 ], [ -78.96521, 35.940556 ], [ -78.965714, 35.94009 ], [ -78.966949, 35.939533 ], [ -78.968033, 35.939507 ], [ -78.968781, 35.939701 ], [ -78.96817, 35.941532 ], [ -78.96698, 35.942043 ], [ -78.96682, 35.942299 ], [ -78.966293, 35.94249 ], [ -78.966972, 35.943691 ] ] ] } },
{ "type": "Feature", "properties": { "neighborhood_name": "Bluffs of the Eno", "label_tier": 3 }, "geometry": { "type": "Polygon", "coordinates": [ [ [ -78.893738, 36.079861 ], [ -78.894432, 36.081551 ], [ -78.896942, 36.080898 ], [ -78.89724, 36.080109 ], [ -78.896133, 36.079739 ], [ -78.89444, 36.079659 ], [ -78.893738, 36.079861 ] ] ] } },
{ "type": "Feature", "properties": { "neighborhood_name": "Bon Air Avenue", "label_tier": 3 }, "geometry": { "type": "Polygon", "coordinates": [ [ [ -78.889137, 36.029362 ], [ -78.888967931270599, 36.028511908575481 ], [ -78.888046, 36.028797 ], [ -78.888161, 36.02911 ], [ -78.887901, 36.029209 ], [ -78.887787, 36.028858 ], [ -78.884117, 36.029343 ], [ -78.88427, 36.030197 ], [ -78.88475, 36.030422 ], [ -78.88842, 36.029762 ], [ -78.888662159442902, 36.029796045486464 ], [ -78.88858437538147, 36.029490197209114 ], [ -78.889137, 36.029362 ] ] ] } },
{ "type": "Feature", "properties": { "neighborhood_name": "Bradbury Glen", "label_tier": 3 }, "geometry": { "type": "Polygon", "coordinates": [ [ [ -78.838432, 35.93005 ], [ -78.838348, 35.925339 ], [ -78.837318, 35.925201 ], [ -78.834267, 35.925877 ], [ -78.833344, 35.928345 ], [ -78.835106, 35.929234 ], [ -78.838432, 35.93005 ] ] ] } },
{ "type": "Feature", "properties": { "neighborhood_name": "Bradbury Trace", "label_tier": 3 }, "geometry": { "type": "Polygon", "coordinates": [ [ [ -78.833344, 35.928345 ], [ -78.834267, 35.92588 ], [ -78.829529, 35.924454 ], [ -78.828156, 35.927319 ], [ -78.831947, 35.927998 ], [ -78.833344, 35.928345 ] ] ] } },
{ "type": "Feature", "properties": { "neighborhood_name": "Bradford", "label_tier": 3 }, "geometry": { "type": "Polygon", "coordinates": [ [ [ -78.843469619750977, 35.792292488930045 ], [ -78.842455744743347, 35.792479594930434 ], [ -78.843040466308594, 35.793641382792998 ], [ -78.843480348587036, 35.793563060549701 ], [ -78.844006061553955, 35.796443527817267 ], [ -78.846420049667358, 35.796661081526693 ], [ -78.846607804298401, 35.796700241131099 ], [ -78.846736550331116, 35.796634975113015 ], [ -78.846758008003235, 35.796478336450811 ], [ -78.847782611846924, 35.796391314838367 ], [ -78.848174214363098, 35.79626513333104 ], [ -78.847154974937439, 35.793197555726927 ], [ -78.847063779830933, 35.792592728577404 ], [ -78.847192525863647, 35.791457033506582 ], [ -78.845760226249695, 35.792014004764837 ], [ -78.843469619750977, 35.792292488930045 ] ] ] } },
{ "type": "Feature", "properties": { "neighborhood_name": "Bragtown", "label_tier": 3 }, "geometry": { "type": "Polygon", "coordinates": [ [ [ -78.891220986843095, 36.030425091402101 ], [ -78.890824019908905, 36.030474981035503 ], [ -78.890748918056403, 36.030214686948 ], [ -78.891127109527503, 36.030143105923102 ], [ -78.891092240810295, 36.029817736808504 ], [ -78.891478478908496, 36.0297613393586 ], [ -78.891387283802004, 36.029199531788301 ], [ -78.890810608863802, 36.0292580987877 ], [ -78.890539705753298, 36.028080242987201 ], [ -78.890660405158897, 36.028052043645403 ], [ -78.890566527843404, 36.0276659285649 ], [ -78.890574574470506, 36.027273303986398 ], [ -78.890416324138599, 36.027255950368797 ], [ -78.890341222286196, 36.026576987076403 ], [ -78.890469968318897, 36.026546617974503 ], [ -78.890491425991002, 36.0258394484352 ], [ -78.890695273876105, 36.025822094501699 ], [ -78.890706002712193, 36.025383906413502 ], [ -78.890472650527897, 36.025362213870601 ], [ -78.890480697154899, 36.024713604078102 ], [ -78.890507519245105, 36.023472770466803 ], [ -78.890571892261406, 36.021535555848999 ], [ -78.890625536441803, 36.020290333401697 ], [ -78.890526294708195, 36.020253453691303 ], [ -78.890518248081193, 36.019656867741602 ], [ -78.890966176986595, 36.019669884210501 ], [ -78.890982270240698, 36.019077632698199 ], [ -78.890722095966296, 36.0190602772754 ], [ -78.890751600265503, 36.0185331044866 ], [ -78.890443146228705, 36.018537443371599 ], [ -78.890469968318897, 36.0180471478456 ], [ -78.890673816204, 36.018053656213297 ], [ -78.890684545040102, 36.017428850466302 ], [ -78.890706002712193, 36.016784514351599 ], [ -78.890593349933596, 36.016764988932501 ], [ -78.890622854232703, 36.016333258986599 ], [ -78.891001045703803, 36.014868830750103 ], [ -78.8901051878929, 36.014593298248002 ], [ -78.889136910438495, 36.014402377524199 ], [ -78.888423442840505, 36.014337290808001 ], [ -78.8877046108245, 36.014270034478201 ], [ -78.887302279472294, 36.014239660633102 ], [ -78.8882088661193, 36.015417723336398 ], [ -78.887726068496704, 36.015652032050902 ], [ -78.888080120086599, 36.016129325425901 ], [ -78.887237906455894, 36.016537192019598 ], [ -78.887970149517002, 36.017500443042699 ], [ -78.888316154479895, 36.018090536953203 ], [ -78.888262510299597, 36.018472360070298 ], [ -78.887809216976095, 36.018500562840799 ], [ -78.887865543365393, 36.019609140670497 ], [ -78.889276385307298, 36.019606971257502 ], [ -78.889262974262195, 36.021503015443102 ], [ -78.889177143573704, 36.023451077397702 ], [ -78.889399766921898, 36.023464093239902 ], [ -78.889332711696596, 36.024689742077598 ], [ -78.889099359512301, 36.0246962498966 ], [ -78.889069855213094, 36.0256463857095 ], [ -78.889177143573704, 36.025652893449497 ], [ -78.889161050319601, 36.0270975984308 ], [ -78.8895365595817, 36.0287548550019 ], [ -78.889598250389099, 36.028843790560046 ], [ -78.889898657798767, 36.030364356153484 ], [ -78.890467286109924, 36.030294944383414 ], [ -78.890617489814758, 36.030937000922734 ], [ -78.888503909111023, 36.031205968998684 ], [ -78.887801170349107, 36.0322818321184 ], [ -78.889319300651493, 36.032576824277797 ], [ -78.888852596282902, 36.0328457867544 ], [ -78.888922333717304, 36.033457456064099 ], [ -78.890022039413395, 36.0334184134841 ], [ -78.890140056610093, 36.034138529067903 ], [ -78.889608979225102, 36.034207937451001 ], [ -78.889372944831806, 36.034433514273701 ], [ -78.889405131339998, 36.035396546518797 ], [ -78.888772130012498, 36.035387870605199 ], [ -78.889002799987693, 36.0359951822497 ], [ -78.888804316520606, 36.0360732648357 ], [ -78.889201283454796, 36.036949519657803 ], [ -78.8902956247329, 36.036576461865998 ], [ -78.889920115470801, 36.035721892589201 ], [ -78.891491889953599, 36.035192662296403 ], [ -78.892248272895799, 36.035977830553399 ], [ -78.894281387329102, 36.0371186964462 ], [ -78.894420862197805, 36.036884451565598 ], [ -78.895128965377793, 36.037144723612101 ], [ -78.894978761672903, 36.039487133323398 ], [ -78.895998001098604, 36.0395218351658 ], [ -78.896362781524601, 36.037170750769498 ], [ -78.896743655204702, 36.037248832189903 ], [ -78.8988840579986, 36.034329401974297 ], [ -78.897596597671495, 36.0338392047152 ], [ -78.896920680999699, 36.0349714256281 ], [ -78.897226452827397, 36.0351406066656 ], [ -78.8963574171066, 36.036368242795099 ], [ -78.896089196205097, 36.036259795144304 ], [ -78.895831704139695, 36.036585137648601 ], [ -78.894871473312307, 36.036177374829798 ], [ -78.895161151885901, 36.035565726643199 ], [ -78.894892930984398, 36.0354095603874 ], [ -78.894367218017507, 36.034975763608003 ], [ -78.892650604248004, 36.033769796007199 ], [ -78.892468214035006, 36.032711305630897 ], [ -78.8916850090026, 36.032728658046899 ], [ -78.891220986843095, 36.030425091402101 ] ] ] } },
{ "type": "Feature", "properties": { "neighborhood_name": "Brandon Ridge", "label_tier": 3 }, "geometry": { "type": "Polygon", "coordinates": [ [ [ -78.9459, 35.910641 ], [ -78.946121, 35.910812 ], [ -78.946434, 35.9109 ], [ -78.946686, 35.911018 ], [ -78.947128, 35.911434 ], [ -78.94738, 35.911377 ], [ -78.947769, 35.91111 ], [ -78.94828, 35.911144 ], [ -78.949203, 35.910843 ], [ -78.948807, 35.909939 ], [ -78.948685, 35.908775 ], [ -78.946838, 35.909981 ], [ -78.9459, 35.910641 ] ] ] } },
{ "type": "Feature", "properties": { "neighborhood_name": "Briarcliff", "label_tier": 3 }, "geometry": { "type": "Polygon", "coordinates": [ [ [ -79.016586, 35.932499 ], [ -79.018242, 35.931873 ], [ -79.020409, 35.931419 ], [ -79.020599, 35.931072 ], [ -79.020859, 35.929718 ], [ -79.020386, 35.929371 ], [ -79.019676, 35.92746 ], [ -79.020325, 35.9268 ], [ -79.020477, 35.92638 ], [ -79.020065, 35.925201 ], [ -79.019447, 35.924644 ], [ -79.018845, 35.923897 ], [ -79.017899, 35.923794 ], [ -79.017426, 35.923775 ], [ -79.017365, 35.923447 ], [ -79.017876, 35.922089 ], [ -79.017662, 35.92115 ], [ -79.016479, 35.920925 ], [ -79.014893, 35.921658 ], [ -79.014465, 35.922073 ], [ -79.013718, 35.92181 ], [ -79.012833, 35.921898 ], [ -79.012001, 35.923252 ], [ -79.01133, 35.923481 ], [ -79.010841, 35.924072 ], [ -79.010475, 35.932671 ], [ -79.014999, 35.932411 ], [ -79.016586, 35.932499 ] ] ] } },
{ "type": "Feature", "properties": { "neighborhood_name": "Brightleaf at the Park", "label_tier": 1 }, "geometry": { "type": "Polygon", "coordinates": [ [ [ -78.828363418579102, 35.949071686495444 ], [ -78.827548027038574, 35.949262765343548 ], [ -78.826518058776855, 35.948863236315908 ], [ -78.826582431793213, 35.948307366481806 ], [ -78.825724124908447, 35.947178243841542 ], [ -78.825187683105469, 35.946049105065683 ], [ -78.824436664581299, 35.946292305550031 ], [ -78.823835849761949, 35.946726590267446 ], [ -78.823535442352281, 35.947456183219309 ], [ -78.821955621242523, 35.947386698466524 ], [ -78.822076320648193, 35.946953503082902 ], [ -78.821432590484619, 35.946683161903124 ], [ -78.820767402648926, 35.947209729210769 ], [ -78.820133060216904, 35.947152186974748 ], [ -78.81991982460022, 35.948307366481806 ], [ -78.811690807342515, 35.94799468798152 ], [ -78.811497688293457, 35.949488585204648 ], [ -78.811218738555908, 35.951434083427195 ], [ -78.810553550720215, 35.954821220476312 ], [ -78.811690807342515, 35.955446522204447 ], [ -78.812613487243652, 35.95496017684367 ], [ -78.814737796783447, 35.954195913798216 ], [ -78.817205429077148, 35.954456458848966 ], [ -78.817827701568604, 35.956558157498939 ], [ -78.818814754486084, 35.957635039271572 ], [ -78.820445537567139, 35.957183445477021 ], [ -78.820767402648926, 35.956176034631049 ], [ -78.822677135467529, 35.955637585634058 ], [ -78.824136257171631, 35.953136355071841 ], [ -78.824994564056396, 35.952771585664458 ], [ -78.826003074645996, 35.951677267336478 ], [ -78.826496601104722, 35.954717003040358 ], [ -78.828848898410797, 35.954870072352072 ], [ -78.829945921897888, 35.954557419825107 ], [ -78.832526206970215, 35.952754215650671 ], [ -78.832011222839355, 35.951086676544001 ], [ -78.830509185791016, 35.950565563354779 ], [ -78.828363418579102, 35.949071686495444 ] ] ] } },
{ "type": "Feature", "properties": { "neighborhood_name": "Brightwood Trails", "label_tier": 3 }, "geometry": { "type": "Polygon", "coordinates": [ [ [ -78.805596828460693, 35.966058527118427 ], [ -78.8065731525421, 35.964825454108656 ], [ -78.806594610214219, 35.964182859133466 ], [ -78.806616067886353, 35.963739986579618 ], [ -78.806401491165161, 35.963505523633792 ], [ -78.805854320526123, 35.963470788323335 ], [ -78.805629014968872, 35.963323163083516 ], [ -78.805714845657349, 35.963210273008023 ], [ -78.805639743804932, 35.963053963406288 ], [ -78.805274963378906, 35.962906337387224 ], [ -78.805500268936157, 35.962611084521178 ], [ -78.805071115493774, 35.962116099298491 ], [ -78.804899454116821, 35.962072679394112 ], [ -78.8044273853302, 35.961395325794541 ], [ -78.804073333740234, 35.961638479037198 ], [ -78.803772926330566, 35.96093506939264 ], [ -78.803343772888184, 35.960761387034459 ], [ -78.802796602249146, 35.960136127382313 ], [ -78.802281618118286, 35.960570335999286 ], [ -78.800640106201172, 35.961021910428506 ], [ -78.799717426300049, 35.961985839513709 ], [ -78.799384832382202, 35.962159519179004 ], [ -78.799556493759155, 35.962333198462353 ], [ -78.800028562545762, 35.962298462636234 ], [ -78.800039291381836, 35.962637136289054 ], [ -78.799792528152466, 35.962802130619366 ], [ -78.800339698791504, 35.963844192109867 ], [ -78.800232410430908, 35.96403523522482 ], [ -78.800961971282959, 35.964287064079279 ], [ -78.801798820495605, 35.964842821467826 ], [ -78.802753686904907, 35.964790719378811 ], [ -78.80368709564209, 35.964999127528586 ], [ -78.805596828460693, 35.966058527118427 ] ] ] } },
{ "type": "Feature", "properties": { "neighborhood_name": "Brookstown", "label_tier": 3 }, "geometry": { "type": "Polygon", "coordinates": [ [ [ -78.915497660636902, 36.000663549857599 ], [ -78.916999697685227, 36.000594111925686 ], [ -78.91754686832428, 36.000207862313466 ], [ -78.917493224143982, 35.999491776566849 ], [ -78.916865587234497, 35.999465736962634 ], [ -78.91680121421814, 35.999865009949133 ], [ -78.915084600448608, 35.999882369598332 ], [ -78.915084600448608, 36.000394477530854 ], [ -78.915497660636902, 36.000663549857599 ] ] ] } },
{ "type": "Feature", "properties": { "neighborhood_name": "Buck Crossing", "label_tier": 3 }, "geometry": { "type": "Polygon", "coordinates": [ [ [ -78.958847, 35.896767 ], [ -78.958588, 35.895466 ], [ -78.954239, 35.896046 ], [ -78.952766, 35.896793 ], [ -78.953056, 35.897663 ], [ -78.958847, 35.896767 ] ] ] } },
{ "type": "Feature", "properties": { "neighborhood_name": "Burch Avenue", "label_tier": 2 }, "geometry": { "type": "Polygon", "coordinates": [ [ [ -78.917908, 36.002251 ], [ -78.918556, 36.001289 ], [ -78.919449, 36.000381 ], [ -78.920181, 35.999882 ], [ -78.920563, 35.999741 ], [ -78.921097, 35.99966 ], [ -78.921661, 35.99968 ], [ -78.92337, 36.000011 ], [ -78.924316, 35.997204 ], [ -78.923309, 35.996971 ], [ -78.922279, 35.996792 ], [ -78.921669, 35.996708 ], [ -78.92112, 35.996693 ], [ -78.91906, 35.996677 ], [ -78.91745, 35.996708 ], [ -78.915047, 35.996845 ], [ -78.914328217506409, 35.99686119061159 ], [ -78.913263380527496, 35.996905133889932 ], [ -78.912200890481472, 35.996940939506018 ], [ -78.912216, 35.997608 ], [ -78.912422, 35.998379 ], [ -78.912659, 35.998779 ], [ -78.913193, 35.999352 ], [ -78.913612, 35.999722 ], [ -78.914688, 36.000469 ], [ -78.917908, 36.002251 ] ], [ [ -78.915497660636902, 36.000663549857599 ], [ -78.915084600448608, 36.000394477530854 ], [ -78.915084600448608, 35.999882369598332 ], [ -78.91680121421814, 35.999865009949133 ], [ -78.916865587234497, 35.999465736962634 ], [ -78.917493224143982, 35.999491776566849 ], [ -78.91754686832428, 36.000207862313466 ], [ -78.916999697685227, 36.000594111925686 ], [ -78.915497660636902, 36.000663549857599 ] ] ] } },
{ "type": "Feature", "properties": { "neighborhood_name": "Cameron Woods", "label_tier": 3 }, "geometry": { "type": "Polygon", "coordinates": [ [ [ -78.956062, 35.977291 ], [ -78.956467, 35.976952 ], [ -78.956657, 35.976601 ], [ -78.956459, 35.976231 ], [ -78.956459, 35.975788 ], [ -78.956718, 35.975632 ], [ -78.956734, 35.97353 ], [ -78.955261, 35.973518 ], [ -78.954903, 35.97361 ], [ -78.954384, 35.973824 ], [ -78.953239, 35.97448 ], [ -78.952751, 35.974651 ], [ -78.953102, 35.976639 ], [ -78.953972, 35.977139 ], [ -78.954971, 35.97747 ], [ -78.955566, 35.977489 ], [ -78.956062, 35.977291 ] ] ] } },
{ "type": "Feature", "properties": { "neighborhood_name": "Cardinal Lake", "label_tier": 3 }, "geometry": { "type": "Polygon", "coordinates": [ [ [ -78.816933, 36.016014 ], [ -78.819504, 36.014606 ], [ -78.819481, 36.013634 ], [ -78.815407, 36.010944 ], [ -78.813866, 36.011047 ], [ -78.813087, 36.011848 ], [ -78.812019, 36.011551 ], [ -78.811073, 36.011585 ], [ -78.809273, 36.013184 ], [ -78.808907, 36.012577 ], [ -78.808258, 36.012802 ], [ -78.80912, 36.014626 ], [ -78.809227, 36.016533 ], [ -78.807037, 36.017403 ], [ -78.806503, 36.017246 ], [ -78.80526, 36.017799 ], [ -78.806244, 36.019569 ], [ -78.807381, 36.019138 ], [ -78.80912, 36.019207 ], [ -78.810211, 36.017799 ], [ -78.812035, 36.017281 ], [ -78.815903, 36.0149 ], [ -78.816933, 36.016014 ] ] ] } },
{ "type": "Feature", "properties": { "neighborhood_name": "Carillon Forest", "label_tier": 3 }, "geometry": { "type": "Polygon", "coordinates": [ [ [ -78.989975, 35.9828 ], [ -78.990097, 35.977859 ], [ -78.982384, 35.977798 ], [ -78.982323, 35.983009 ], [ -78.986832, 35.982983 ], [ -78.986763, 35.982059 ], [ -78.987106, 35.981949 ], [ -78.989975, 35.9828 ] ] ] } },
{ "type": "Feature", "properties": { "neighborhood_name": "Carolina Arbors", "label_tier": 3 }, "geometry": { "type": "Polygon", "coordinates": [ [ [ -78.781564235687256, 35.926538513944998 ], [ -78.780684471130371, 35.929092712084568 ], [ -78.780920505523682, 35.931195085378349 ], [ -78.783431053161621, 35.931281959105071 ], [ -78.783817291259766, 35.935069560775219 ], [ -78.78695011138916, 35.934565715971729 ], [ -78.786091804504395, 35.929944093129144 ], [ -78.790040016174316, 35.92881470812533 ], [ -78.789975643157945, 35.926208373470267 ], [ -78.781564235687256, 35.926538513944998 ] ] ] } },
{ "type": "Feature", "properties": { "neighborhood_name": "Central Park", "label_tier": 2 }, "geometry": { "type": "Polygon", "coordinates": [ [ [ -78.899918, 35.999119 ], [ -78.900002, 36.00198 ], [ -78.901405, 36.001984 ], [ -78.901428, 36.003796 ], [ -78.903091, 36.003777 ], [ -78.903343, 36.003368 ], [ -78.903893, 35.99699 ], [ -78.900673, 35.99506 ], [ -78.89904, 35.996941 ], [ -78.899902, 35.996941 ], [ -78.89991, 35.9981 ], [ -78.899567, 35.9981 ], [ -78.899063, 35.997978 ], [ -78.898727, 35.99781 ], [ -78.898491, 35.997581 ], [ -78.897949, 35.998219 ], [ -78.899918, 35.999119 ] ] ] } },
{ "type": "Feature", "properties": { "neighborhood_name": "Chancellor's Ridge", "label_tier": 3 }, "geometry": { "type": "Polygon", "coordinates": [ [ [ -78.951698, 35.892746 ], [ -78.954491, 35.891449 ], [ -78.956779, 35.885742 ], [ -78.956512, 35.884457 ], [ -78.956039, 35.883198 ], [ -78.95549, 35.882278 ], [ -78.954697, 35.881264 ], [ -78.95063, 35.881302 ], [ -78.949898, 35.884739 ], [ -78.947578, 35.885681 ], [ -78.945778, 35.884949 ], [ -78.944618, 35.886101 ], [ -78.944382, 35.8866 ], [ -78.943649, 35.888809 ], [ -78.951698, 35.892746 ] ] ] } },
{ "type": "Feature", "properties": { "neighborhood_name": "Chapel Hill Road", "label_tier": 3 }, "geometry": { "type": "Polygon", "coordinates": [ [ [ -78.936836, 35.974758 ], [ -78.938057, 35.97448 ], [ -78.938889, 35.974072 ], [ -78.938438, 35.973629 ], [ -78.938889, 35.973438 ], [ -78.939613, 35.970669 ], [ -78.939079, 35.97052 ], [ -78.939171, 35.970268 ], [ -78.939392, 35.970261 ], [ -78.940071, 35.969318 ], [ -78.940849, 35.969429 ], [ -78.941376, 35.967873 ], [ -78.939972, 35.968159 ], [ -78.939278, 35.968319 ], [ -78.939362, 35.968689 ], [ -78.938332, 35.969151 ], [ -78.936409, 35.97229 ], [ -78.935669, 35.973919 ], [ -78.935463, 35.974602 ], [ -78.936249, 35.974751 ], [ -78.936836, 35.974758 ] ] ] } },
{ "type": "Feature", "properties": { "neighborhood_name": "Chelsea Meadows", "label_tier": 3 }, "geometry": { "type": "Polygon", "coordinates": [ [ [ -78.95125150680542, 35.895273311157091 ], [ -78.951272964477539, 35.894352025566455 ], [ -78.952624797821045, 35.893656708587542 ], [ -78.9516980946064, 35.892748441585447 ], [ -78.947674781084061, 35.890777596729791 ], [ -78.945799916982651, 35.893240601912233 ], [ -78.942861557006836, 35.893326430883306 ], [ -78.942153453826904, 35.895464520030494 ], [ -78.948333263397217, 35.895392816757081 ], [ -78.949921131134033, 35.895368915651524 ], [ -78.95125150680542, 35.895273311157091 ] ] ] } },
{ "type": "Feature", "properties": { "neighborhood_name": "Cleveland-Holloway", "label_tier": 2 }, "geometry": { "type": "Polygon", "coordinates": [ [ [ -78.888893, 35.997372 ], [ -78.888878, 35.998371 ], [ -78.887917, 35.998341 ], [ -78.887848, 35.99844 ], [ -78.88784, 35.99921 ], [ -78.890533, 35.999271 ], [ -78.890457, 36.000359 ], [ -78.893852, 36.00034 ], [ -78.894844, 36.000874 ], [ -78.894852, 36.000919 ], [ -78.895309, 36.000931 ], [ -78.895409, 36.001217 ], [ -78.898491, 35.997581 ], [ -78.898285, 35.997337 ], [ -78.898132, 35.997044 ], [ -78.898064, 35.996578 ], [ -78.897835, 35.996086 ], [ -78.897346, 35.995392 ], [ -78.897346, 35.995171 ], [ -78.897453, 35.99498 ], [ -78.89724, 35.99474 ], [ -78.894524, 35.993011 ], [ -78.89415, 35.99287 ], [ -78.893768, 35.992821 ], [ -78.892952, 35.992901 ], [ -78.89299, 35.993851 ], [ -78.891609, 35.993938 ], [ -78.891602, 35.993752 ], [ -78.890961, 35.993771 ], [ -78.890877, 35.994011 ], [ -78.888107, 35.993961 ], [ -78.888123, 35.994041 ], [ -78.885979, 35.994011 ], [ -78.885971, 35.997219 ], [ -78.888893, 35.997372 ] ] ] } },
{ "type": "Feature", "properties": { "neighborhood_name": "Colchester", "label_tier": 3 }, "geometry": { "type": "Polygon", "coordinates": [ [ [ -78.943764, 35.955292 ], [ -78.944, 35.95425 ], [ -78.942421, 35.954109 ], [ -78.942589, 35.956337 ], [ -78.943298, 35.956364 ], [ -78.943764, 35.955292 ] ] ] } },
{ "type": "Feature", "properties": { "neighborhood_name": "Cole Mill Road", "label_tier": 3 }, "geometry": { "type": "Polygon", "coordinates": [ [ [ -78.954842, 36.036442 ], [ -78.95462, 36.036541 ], [ -78.955109, 36.037251 ], [ -78.95475, 36.037441 ], [ -78.954483, 36.03867 ], [ -78.953499, 36.039082 ], [ -78.953362, 36.04047 ], [ -78.956711, 36.04092 ], [ -78.95726, 36.040642 ], [ -78.95771, 36.040901 ], [ -78.958611, 36.04121 ], [ -78.95858, 36.041801 ], [ -78.958969, 36.04184 ], [ -78.96106, 36.04287 ], [ -78.960831, 36.043251 ], [ -78.961472, 36.043491 ], [ -78.96225, 36.042721 ], [ -78.962799, 36.043041 ], [ -78.964081, 36.043941 ], [ -78.96505, 36.044731 ], [ -78.9655, 36.044922 ], [ -78.965271, 36.04549 ], [ -78.965752, 36.04562 ], [ -78.966019, 36.045109 ], [ -78.966751, 36.045349 ], [ -78.96656, 36.045761 ], [ -78.967209, 36.045952 ], [ -78.967368900775909, 36.045600114898129 ], [ -78.967941, 36.045971 ], [ -78.967651, 36.046539 ], [ -78.967979, 36.046661 ], [ -78.967812, 36.047058 ], [ -78.96846, 36.047272 ], [ -78.968651, 36.04686 ], [ -78.969168998301029, 36.047390625200649 ], [ -78.968712, 36.047741 ], [ -78.969551, 36.048779 ], [ -78.968948, 36.04924 ], [ -78.969254, 36.04953 ], [ -78.969841, 36.049179 ], [ -78.971039, 36.05077 ], [ -78.971573, 36.050541 ], [ -78.971817, 36.050892 ], [ -78.971207, 36.05117 ], [ -78.971977, 36.05212 ], [ -78.972504, 36.051922 ], [ -78.972771, 36.05233 ], [ -78.972298, 36.052582 ], [ -78.972572, 36.052898 ], [ -78.97303, 36.0527 ], [ -78.973663, 36.053631 ], [ -78.972931, 36.054031 ], [ -78.973412, 36.054562 ], [ -78.973061, 36.05479 ], [ -78.9739, 36.05566 ], [ -78.974777, 36.055328 ], [ -78.975662, 36.057011 ], [ -78.976273, 36.057812 ], [ -78.976982, 36.058552 ], [ -78.979248, 36.060558 ], [ -78.979736, 36.06139 ], [ -78.979912, 36.062038 ], [ -78.978622, 36.062511 ], [ -78.979462, 36.063499 ], [ -78.980179, 36.063091 ], [ -78.980614, 36.064381 ], [ -78.980011, 36.06625 ], [ -78.980652, 36.066391 ], [ -78.981529, 36.06562 ], [ -78.981911, 36.06609 ], [ -78.98246, 36.06646 ], [ -78.986252, 36.067471 ], [ -78.989609, 36.06736 ], [ -78.98967, 36.068169 ], [ -78.989792, 36.068501 ], [ -78.990479, 36.069271 ], [ -78.993652, 36.067871 ], [ -78.996437, 36.068729 ], [ -78.996681, 36.068329 ], [ -78.997101, 36.06881 ], [ -78.996727, 36.06937 ], [ -78.998413, 36.07074 ], [ -78.997498, 36.07119 ], [ -78.997849, 36.07233 ], [ -78.99865, 36.072781 ], [ -78.99794, 36.073391 ], [ -78.998352, 36.073898 ], [ -78.999847, 36.073601 ], [ -79.000519, 36.075062 ], [ -79.000603, 36.078651 ], [ -79.001259, 36.078789 ], [ -79.001701, 36.07832 ], [ -79.000717, 36.075001 ], [ -79.002602, 36.074612 ], [ -79.00235, 36.073639 ], [ -79.000381, 36.074242 ], [ -79.000092, 36.073551 ], [ -78.99942, 36.07259 ], [ -78.999298, 36.07225 ], [ -79.000542, 36.07214 ], [ -79.000252, 36.070709 ], [ -79.000526, 36.069859 ], [ -78.99897, 36.069901 ], [ -78.99913, 36.069092 ], [ -78.998001, 36.068581 ], [ -78.996964, 36.067692 ], [ -78.996803, 36.0681 ], [ -78.99633, 36.067551 ], [ -78.995148, 36.066921 ], [ -78.993652, 36.066551 ], [ -78.992882, 36.066601 ], [ -78.991241, 36.067032 ], [ -78.986252, 36.067299 ], [ -78.984779, 36.066879 ], [ -78.986481, 36.063862 ], [ -78.980904, 36.06427 ], [ -78.9804, 36.06295 ], [ -78.980164, 36.061901 ], [ -78.979958, 36.061329 ], [ -78.979408, 36.060471 ], [ -78.97644, 36.05772 ], [ -78.97718, 36.057571 ], [ -78.977272, 36.056061 ], [ -78.975311, 36.056091 ], [ -78.974998, 36.05537 ], [ -78.97644, 36.055019 ], [ -78.97599, 36.054111 ], [ -78.974472, 36.054501 ], [ -78.973701, 36.053379 ], [ -78.974258, 36.053108 ], [ -78.971893, 36.04958 ], [ -78.971451, 36.049431 ], [ -78.971062, 36.04958 ], [ -78.970283791422844, 36.048476568157952 ], [ -78.969177, 36.04718 ], [ -78.969421, 36.046761 ], [ -78.969337, 36.046329 ], [ -78.96843, 36.045502 ], [ -78.96801, 36.045891 ], [ -78.967743, 36.045681 ], [ -78.967133, 36.045361 ], [ -78.967293, 36.044842 ], [ -78.96608, 36.044521 ], [ -78.96624, 36.044151 ], [ -78.965309, 36.043522 ], [ -78.964203, 36.04385 ], [ -78.963576592504978, 36.043395332189483 ], [ -78.962891, 36.042931 ], [ -78.962334, 36.042629 ], [ -78.962723, 36.04208 ], [ -78.961571, 36.041611 ], [ -78.961212, 36.042061 ], [ -78.960609, 36.041771 ], [ -78.96109, 36.041012 ], [ -78.95768, 36.03981 ], [ -78.956993, 36.04018 ], [ -78.956612, 36.039612 ], [ -78.956253, 36.038391 ], [ -78.95562, 36.037472 ], [ -78.955711, 36.03743 ], [ -78.95504, 36.036572 ], [ -78.956322, 36.035961 ], [ -78.95694, 36.035831 ], [ -78.957291, 36.03545 ], [ -78.95739, 36.0341 ], [ -78.957191, 36.033852 ], [ -78.95475, 36.033192 ], [ -78.953972, 36.033451 ], [ -78.95356, 36.033421 ], [ -78.95343, 36.032742 ], [ -78.95314, 36.032211 ], [ -78.953041, 36.031422 ], [ -78.954681, 36.026741 ], [ -78.953812, 36.026451 ], [ -78.953506238758564, 36.02769087425937 ], [ -78.952179, 36.031502 ], [ -78.952202, 36.032261 ], [ -78.952652, 36.033451 ], [ -78.954842, 36.036442 ] ] ] } },
{ "type": "Feature", "properties": { "neighborhood_name": "Coles Pond", "label_tier": 3 }, "geometry": { "type": "Polygon", "coordinates": [ [ [ -78.964202553033829, 36.043850227861277 ], [ -78.965309299528599, 36.043521933334667 ], [ -78.966986685991287, 36.042669879303773 ], [ -78.966628611087799, 36.040630659420607 ], [ -78.966117650270462, 36.039779658531138 ], [ -78.966115638613701, 36.039249913288543 ], [ -78.965103439986706, 36.039139300730838 ], [ -78.964767158031464, 36.038898012994721 ], [ -78.964309506118298, 36.039230122327623 ], [ -78.964653499424443, 36.040020401353104 ], [ -78.964600190520287, 36.040600024632582 ], [ -78.963882364332676, 36.040581318428714 ], [ -78.964119404554367, 36.042788348710751 ], [ -78.963576592504978, 36.043395603284218 ], [ -78.964202553033829, 36.043850227861277 ] ] ] } },
{ "type": "Feature", "properties": { "neighborhood_name": "College View", "label_tier": 3 }, "geometry": { "type": "Polygon", "coordinates": [ [ [ -78.897703886032104, 35.970356764866644 ], [ -78.897628784179688, 35.970712770024903 ], [ -78.896931409835815, 35.970773551232952 ], [ -78.896877765655518, 35.971216384336195 ], [ -78.896920680999756, 35.971615800298622 ], [ -78.900386095046997, 35.971719995434739 ], [ -78.9004611968994, 35.97119033539888 ], [ -78.901190757751465, 35.971207701358047 ], [ -78.900868892669678, 35.972258334780477 ], [ -78.900879621505737, 35.972892181239644 ], [ -78.901040554046631, 35.973491291707205 ], [ -78.901984691619873, 35.973517339885255 ], [ -78.902006149291992, 35.973934109565107 ], [ -78.901094198226929, 35.973942792243363 ], [ -78.901190757751465, 35.974550577348566 ], [ -78.902735710144043, 35.97453321212479 ], [ -78.902735710144043, 35.974811055246761 ], [ -78.905385732650757, 35.974915246165359 ], [ -78.905321359634399, 35.976408634218913 ], [ -78.906855583190918, 35.976808023909577 ], [ -78.907853364944458, 35.976043972301575 ], [ -78.90830397605896, 35.97575745104178 ], [ -78.908690214157104, 35.975583801287179 ], [ -78.909698724746704, 35.97518440540189 ], [ -78.911533355712891, 35.973908061524583 ], [ -78.912252187728882, 35.973630215224169 ], [ -78.912477493286133, 35.973569436215584 ], [ -78.912209272384644, 35.97300505747247 ], [ -78.912928104400635, 35.972623014186944 ], [ -78.912659883499146, 35.971372677779542 ], [ -78.910878896713257, 35.968585398262114 ], [ -78.911844491958618, 35.967803900360721 ], [ -78.910932540893555, 35.966978977517236 ], [ -78.91155481338501, 35.966510070164276 ], [ -78.911415338516235, 35.964764668321415 ], [ -78.910750150680542, 35.964139440365436 ], [ -78.910245895385742, 35.963809456948383 ], [ -78.910567760467529, 35.963201589149371 ], [ -78.909881114959717, 35.962897653495141 ], [ -78.909773826599121, 35.962246358868427 ], [ -78.909130096435547, 35.961794791440703 ], [ -78.908325433731079, 35.961551638679325 ], [ -78.90655517578125, 35.963357898458881 ], [ -78.905643224716187, 35.963679199956815 ], [ -78.906716108322144, 35.964287064079279 ], [ -78.905847072601318, 35.965311738721923 ], [ -78.902639150619507, 35.963557626570797 ], [ -78.902188539505005, 35.963896294823414 ], [ -78.901727199554443, 35.964469422403553 ], [ -78.900943994522095, 35.965963008066289 ], [ -78.900450468063354, 35.966327716552769 ], [ -78.899602890014648, 35.966536120645834 ], [ -78.898186683654771, 35.966284298964112 ], [ -78.897403478622437, 35.966371134117509 ], [ -78.89582633972168, 35.967222113566876 ], [ -78.895407915115356, 35.967300264280951 ], [ -78.895268440246582, 35.969245323799164 ], [ -78.896845579147339, 35.969245323799164 ], [ -78.896909952163696, 35.970322032570131 ], [ -78.897703886032104, 35.970356764866644 ] ] ] } },
{ "type": "Feature", "properties": { "neighborhood_name": "Colonial Village", "label_tier": 3 }, "geometry": { "type": "Polygon", "coordinates": [ [ [ -78.889179825782776, 36.025652893449568 ], [ -78.88907253742218, 36.025644216462752 ], [ -78.889099359512329, 36.024694080623711 ], [ -78.88933002948761, 36.024689742077619 ], [ -78.889399766921997, 36.023466262546734 ], [ -78.889179825782776, 36.023448908090494 ], [ -78.889260292053223, 36.021505184803985 ], [ -78.889276385307312, 36.019609140670546 ], [ -78.887863, 36.019611 ], [ -78.887062, 36.019741 ], [ -78.886864, 36.019218 ], [ -78.886093, 36.01944 ], [ -78.886017, 36.01931 ], [ -78.882393, 36.020401 ], [ -78.882942, 36.021309 ], [ -78.880981, 36.02211 ], [ -78.880722, 36.021702 ], [ -78.878593, 36.022518 ], [ -78.87886, 36.022968 ], [ -78.878563, 36.023109 ], [ -78.878761, 36.023579 ], [ -78.877937, 36.023991 ], [ -78.877769, 36.02475 ], [ -78.879288, 36.025349 ], [ -78.879807, 36.026451 ], [ -78.880501, 36.02631 ], [ -78.880928, 36.02858 ], [ -78.881897, 36.02964 ], [ -78.883011, 36.02964 ], [ -78.883568, 36.030602 ], [ -78.88427, 36.030201 ], [ -78.884117, 36.029339 ], [ -78.887787, 36.028858 ], [ -78.887901, 36.029209 ], [ -78.888161, 36.02911 ], [ -78.888046, 36.028801 ], [ -78.888969, 36.028511 ], [ -78.889136910438538, 36.029364386934759 ], [ -78.88858437538147, 36.029492366350027 ], [ -78.888664841651917, 36.029793876353928 ], [ -78.888782858848572, 36.030336157629257 ], [ -78.888224959373474, 36.030548730870677 ], [ -78.888501226902008, 36.031205968998684 ], [ -78.890617489814758, 36.030937000922734 ], [ -78.890467286109924, 36.030297113502144 ], [ -78.889898657798767, 36.030364356153484 ], [ -78.889595568180084, 36.028845959718751 ], [ -78.889533877372742, 36.028754855001985 ], [ -78.889158368110657, 36.027093260017118 ], [ -78.889179825782776, 36.025652893449568 ] ] ] } },
{ "type": "Feature", "properties": { "neighborhood_name": "Colony Hill", "label_tier": 3 }, "geometry": { "type": "Polygon", "coordinates": [ [ [ -78.958643674850464, 35.979390984520606 ], [ -78.95849883556366, 35.980784445812724 ], [ -78.959212303161621, 35.981010175544327 ], [ -78.961594104766846, 35.98096242507804 ], [ -78.962436318397522, 35.980897310759239 ], [ -78.964281678199768, 35.979091452245001 ], [ -78.965134620666504, 35.977832536048474 ], [ -78.965156078338623, 35.976447705038694 ], [ -78.965123891830444, 35.975935441643713 ], [ -78.964324593544006, 35.976187232541463 ], [ -78.963831067085266, 35.976430340232284 ], [ -78.963291943073273, 35.976959965109025 ], [ -78.963082730770111, 35.977678425962075 ], [ -78.962937891483307, 35.977888970652714 ], [ -78.962511420249939, 35.978101685336789 ], [ -78.961175680160522, 35.978166801962182 ], [ -78.960714340209961, 35.978062615335752 ], [ -78.960220813751221, 35.977854241670265 ], [ -78.959813117980957, 35.977537338999426 ], [ -78.959373235702515, 35.977737031241659 ], [ -78.959190845489502, 35.978145096426346 ], [ -78.958643674850464, 35.979390984520606 ] ] ] } },
{ "type": "Feature", "properties": { "neighborhood_name": "Colony Park", "label_tier": 3 }, "geometry": { "type": "Polygon", "coordinates": [ [ [ -78.962173, 35.986038 ], [ -78.968353, 35.989731 ], [ -78.968422, 35.98959 ], [ -78.968361, 35.989182 ], [ -78.968102, 35.98827 ], [ -78.968018, 35.987789 ], [ -78.968033, 35.987411 ], [ -78.968178, 35.987148 ], [ -78.968849, 35.986542 ], [ -78.969078, 35.98621 ], [ -78.96917, 35.985909 ], [ -78.967758, 35.985779 ], [ -78.967659, 35.98098 ], [ -78.963867, 35.98027 ], [ -78.963402, 35.982159 ], [ -78.962967, 35.984428 ], [ -78.961342, 35.984219 ], [ -78.960884, 35.985283 ], [ -78.962173, 35.986038 ] ] ] } },
{ "type": "Feature", "properties": { "neighborhood_name": "Colony Woods", "label_tier": 3 }, "geometry": { "type": "Polygon", "coordinates": [ [ [ -79.012794, 35.937397 ], [ -79.012703, 35.93322 ], [ -79.013451, 35.933132 ], [ -79.013466, 35.932499 ], [ -79.010475, 35.932671 ], [ -79.007629, 35.932724 ], [ -79.006119, 35.93243 ], [ -79.00264, 35.930534 ], [ -79.002151, 35.930397 ], [ -79.001411, 35.93037 ], [ -79.001312, 35.935001 ], [ -78.99823, 35.934914 ], [ -78.997902, 35.935867 ], [ -78.99688, 35.937634 ], [ -78.999939, 35.937649 ], [ -78.999985, 35.938457 ], [ -79.004189, 35.938511 ], [ -79.004295, 35.936996 ], [ -79.012794, 35.937397 ] ] ] } },
{ "type": "Feature", "properties": { "neighborhood_name": "Colvard Farms", "label_tier": 3 }, "geometry": { "type": "Polygon", "coordinates": [ [ [ -78.951347, 35.876671 ], [ -78.955223, 35.870865 ], [ -78.958519, 35.87051 ], [ -78.959938, 35.868671 ], [ -78.964104, 35.866901 ], [ -78.969078, 35.863869 ], [ -78.975166, 35.863731 ], [ -78.974533, 35.86018 ], [ -78.973763, 35.85886 ], [ -78.973709, 35.856178 ], [ -78.971649, 35.854031 ], [ -78.968048, 35.854721 ], [ -78.966293, 35.856812 ], [ -78.964058, 35.858299 ], [ -78.962433, 35.85907 ], [ -78.960068, 35.85862 ], [ -78.958481, 35.860359 ], [ -78.955002, 35.860668 ], [ -78.951874, 35.862934 ], [ -78.950974, 35.868813 ], [ -78.948441, 35.870029 ], [ -78.947021, 35.871803 ], [ -78.951347, 35.876671 ] ] ] } },
{ "type": "Feature", "properties": { "neighborhood_name": "Copper Creek", "label_tier": 3 }, "geometry": { "type": "Polygon", "coordinates": [ [ [ -78.90963, 35.915821 ], [ -78.907974, 35.913651 ], [ -78.906044, 35.911964 ], [ -78.905594, 35.912212 ], [ -78.906235, 35.913734 ], [ -78.905647, 35.914536 ], [ -78.905701, 35.915306 ], [ -78.906586, 35.915802 ], [ -78.906555, 35.91608 ], [ -78.908394, 35.916107 ], [ -78.90963, 35.915821 ] ] ] } },
{ "type": "Feature", "properties": { "neighborhood_name": "Country Club Heights", "label_tier": 3 }, "geometry": { "type": "Polygon", "coordinates": [ [ [ -78.978928, 36.075432 ], [ -78.978683, 36.070801 ], [ -78.97657, 36.070019 ], [ -78.974281, 36.06963 ], [ -78.973602, 36.071091 ], [ -78.973282, 36.072769 ], [ -78.973007, 36.073719 ], [ -78.97258, 36.074242 ], [ -78.971718, 36.074829 ], [ -78.970657, 36.07515 ], [ -78.969299, 36.075401 ], [ -78.969711, 36.076099 ], [ -78.970879, 36.076241 ], [ -78.971382, 36.07642 ], [ -78.971687, 36.077049 ], [ -78.971802, 36.077412 ], [ -78.97702, 36.076672 ], [ -78.977768, 36.075901 ], [ -78.978928, 36.075432 ] ] ] } },
{ "type": "Feature", "properties": { "neighborhood_name": "Cranford Road", "label_tier": 3 }, "geometry": { "type": "Polygon", "coordinates": [ [ [ -78.939194, 35.989712 ], [ -78.939087, 35.989101 ], [ -78.938293, 35.989429 ], [ -78.937073, 35.98962 ], [ -78.935921, 35.989552 ], [ -78.93512, 35.989441 ], [ -78.934669, 35.990871 ], [ -78.934128, 35.99107 ], [ -78.933807, 35.991589 ], [ -78.932999, 35.991699 ], [ -78.93293, 35.992298 ], [ -78.933792, 35.992119 ], [ -78.933998, 35.99271 ], [ -78.935219, 35.992161 ], [ -78.936478, 35.991741 ], [ -78.938293, 35.99054 ], [ -78.938103, 35.989899 ], [ -78.939194, 35.989712 ] ] ] } },
{ "type": "Feature", "properties": { "neighborhood_name": "Crest Street", "label_tier": 3 }, "geometry": { "type": "Polygon", "coordinates": [ [ [ -78.940666, 36.011799 ], [ -78.940857, 36.010773 ], [ -78.937263, 36.010551 ], [ -78.93705, 36.011391 ], [ -78.936363, 36.013592 ], [ -78.938522, 36.014462 ], [ -78.940872, 36.015091 ], [ -78.940842, 36.013302 ], [ -78.943161, 36.013229 ], [ -78.943253, 36.01181 ], [ -78.94268, 36.011845 ], [ -78.940666, 36.011799 ] ] ] } },
{ "type": "Feature", "properties": { "neighborhood_name": "Croasdaile", "label_tier": 3 }, "geometry": { "type": "Polygon", "coordinates": [ [ [ -78.951569, 36.039558 ], [ -78.952003, 36.03928 ], [ -78.952301, 36.038921 ], [ -78.952438, 36.038479 ], [ -78.95327, 36.038528 ], [ -78.95356, 36.037151 ], [ -78.954842, 36.036442 ], [ -78.95266, 36.03347 ], [ -78.952209, 36.032269 ], [ -78.952187, 36.031502 ], [ -78.953506, 36.027691 ], [ -78.95266, 36.027592 ], [ -78.948669, 36.026821 ], [ -78.941788, 36.029221 ], [ -78.940598, 36.03093 ], [ -78.939819, 36.032162 ], [ -78.938728, 36.031799 ], [ -78.938553, 36.03344 ], [ -78.937889, 36.033451 ], [ -78.938316, 36.034981 ], [ -78.938538, 36.035439 ], [ -78.939201, 36.036419 ], [ -78.93943, 36.036949 ], [ -78.940613, 36.036732 ], [ -78.941681, 36.03672 ], [ -78.942291, 36.036819 ], [ -78.947197, 36.038559 ], [ -78.94989, 36.03878 ], [ -78.950844, 36.03907 ], [ -78.951569, 36.039558 ] ] ] } },
{ "type": "Feature", "properties": { "neighborhood_name": "Croasdaile Farm", "label_tier": 3 }, "geometry": { "type": "Polygon", "coordinates": [ [ [ -78.946058750152588, 36.05687951439355 ], [ -78.94765734672545, 36.055873376626998 ], [ -78.949685096740723, 36.055431018882871 ], [ -78.949921131134033, 36.054719771807015 ], [ -78.950693607330322, 36.054667729085679 ], [ -78.95250678062439, 36.053262562601439 ], [ -78.955360651016235, 36.053279910488776 ], [ -78.955510854721069, 36.051978808329075 ], [ -78.955510854721069, 36.049758210966964 ], [ -78.956422805786133, 36.047181892561369 ], [ -78.957517147064209, 36.04531682831071 ], [ -78.957613706588745, 36.044501390989282 ], [ -78.957270383834839, 36.043659920218218 ], [ -78.957206010818467, 36.042749039659533 ], [ -78.954845666885376, 36.04260156276839 ], [ -78.953826427459717, 36.042341308757223 ], [ -78.952614068984985, 36.041109428098878 ], [ -78.952093720436096, 36.040183336111106 ], [ -78.951562643051147, 36.039560874720159 ], [ -78.950841128826127, 36.039070710022635 ], [ -78.949888944625854, 36.03877574218555 ], [ -78.948539793491364, 36.038667297850012 ], [ -78.947190642356873, 36.038556684473953 ], [ -78.942284882068634, 36.03682155235866 ], [ -78.941681385040283, 36.036719612157903 ], [ -78.940611183643341, 36.036728287924788 ], [ -78.939428329467773, 36.036951688593398 ], [ -78.935555219650269, 36.037543805746303 ], [ -78.935399651527405, 36.041400049568701 ], [ -78.93826961517334, 36.041881524568559 ], [ -78.942990303039551, 36.041395711942705 ], [ -78.942818641662598, 36.043126405740935 ], [ -78.945779800415039, 36.04328689421591 ], [ -78.945372104644775, 36.045125982035046 ], [ -78.943955898284912, 36.046010810867834 ], [ -78.943365812301636, 36.045650808179936 ], [ -78.942550420761108, 36.0454079138701 ], [ -78.942078351974473, 36.046531293771167 ], [ -78.940393924713135, 36.049428585706444 ], [ -78.939573168754578, 36.050404445958847 ], [ -78.938996493816362, 36.050827314977795 ], [ -78.939932584762573, 36.051857371030138 ], [ -78.940415382385254, 36.052117593584192 ], [ -78.940984010696411, 36.052239030481665 ], [ -78.941574096679673, 36.052499251773909 ], [ -78.941348791122437, 36.05386973638258 ], [ -78.942335844039917, 36.056281037444542 ], [ -78.943644762039185, 36.056792778885843 ], [ -78.944631814956665, 36.056784105329818 ], [ -78.946058750152588, 36.05687951439355 ] ] ] } },
{ "type": "Feature", "properties": { "neighborhood_name": "Croasdaile Village", "label_tier": 3 }, "geometry": { "type": "Polygon", "coordinates": [ [ [ -78.935364782810211, 36.051510406286461 ], [ -78.936542272567749, 36.05154510282965 ], [ -78.93801212310791, 36.051297889625687 ], [ -78.93900454044342, 36.050829483531018 ], [ -78.939567804336548, 36.050413120217947 ], [ -78.940399289131165, 36.049419911338852 ], [ -78.942075669765472, 36.046526956427854 ], [ -78.942547738552094, 36.0454079138701 ], [ -78.942815959453583, 36.043128574506291 ], [ -78.942988961935043, 36.041395711942705 ], [ -78.93826961517334, 36.041881524568559 ], [ -78.935399651527405, 36.041401133975157 ], [ -78.935303092002869, 36.043751007694517 ], [ -78.936119824647903, 36.046469486606448 ], [ -78.936247229576111, 36.047992964856853 ], [ -78.935364782810211, 36.051510406286461 ] ] ] } },
{ "type": "Feature", "properties": { "neighborhood_name": "Crooked Creek", "label_tier": 3 }, "geometry": { "type": "Polygon", "coordinates": [ [ [ -78.917961, 35.913342 ], [ -78.920311, 35.914059 ], [ -78.927048, 35.91399 ], [ -78.926857, 35.914669 ], [ -78.92601, 35.914989 ], [ -78.925591, 35.915951 ], [ -78.930847, 35.918011 ], [ -78.935677, 35.908875 ], [ -78.930298, 35.909393 ], [ -78.926857, 35.909527 ], [ -78.923325, 35.909473 ], [ -78.916451, 35.908875 ], [ -78.916878, 35.91103 ], [ -78.917213, 35.912994 ], [ -78.917938, 35.912945 ], [ -78.917961, 35.913342 ] ] ] } },
{ "type": "Feature", "properties": { "neighborhood_name": "Cross Timbers", "label_tier": 3 }, "geometry": { "type": "Polygon", "coordinates": [ [ [ -78.937668, 35.925209 ], [ -78.937553, 35.92289 ], [ -78.936584, 35.922459 ], [ -78.936005, 35.922264 ], [ -78.934608, 35.924252 ], [ -78.937668, 35.925209 ] ] ] } },
{ "type": "Feature", "properties": { "neighborhood_name": "Crown Point", "label_tier": 3 }, "geometry": { "type": "Polygon", "coordinates": [ [ [ -78.871483, 36.038506 ], [ -78.871498, 36.037781 ], [ -78.86985, 36.037533 ], [ -78.869339, 36.037186 ], [ -78.868332, 36.036545 ], [ -78.867485, 36.035919 ], [ -78.867249, 36.035503 ], [ -78.8657, 36.035408 ], [ -78.863861, 36.035442 ], [ -78.862389, 36.036514 ], [ -78.861984, 36.037453 ], [ -78.861794, 36.038429 ], [ -78.861984, 36.038952 ], [ -78.862465, 36.03933 ], [ -78.864655, 36.039291 ], [ -78.867104, 36.039265 ], [ -78.868393, 36.038845 ], [ -78.869438, 36.038357 ], [ -78.871483, 36.038506 ] ] ] } },
{ "type": "Feature", "properties": { "neighborhood_name": "Darby Glen", "label_tier": 3 }, "geometry": { "type": "Polygon", "coordinates": [ [ [ -78.94352, 35.90979 ], [ -78.943581, 35.910797 ], [ -78.944901, 35.910683 ], [ -78.94548, 35.910934 ], [ -78.946838, 35.909981 ], [ -78.945816, 35.909161 ], [ -78.944199, 35.90871 ], [ -78.943542, 35.909393 ], [ -78.94352, 35.90979 ] ] ] } },
{ "type": "Feature", "properties": { "neighborhood_name": "Deer Forest", "label_tier": 3 }, "geometry": { "type": "Polygon", "coordinates": [ [ [ -78.966636657714844, 36.097409224720742 ], [ -78.962849378585815, 36.097426562872478 ], [ -78.962441682815552, 36.098943636338348 ], [ -78.961127400398254, 36.099047663160071 ], [ -78.959630727767944, 36.099732502965239 ], [ -78.95725429058075, 36.100113930142079 ], [ -78.956176042556763, 36.100920122400204 ], [ -78.955913186073303, 36.102372114471912 ], [ -78.95399808883667, 36.102437128414628 ], [ -78.953955173492432, 36.105054978475003 ], [ -78.953638672828674, 36.105861120031655 ], [ -78.955821990966797, 36.106576238681768 ], [ -78.958949446678162, 36.10668025539762 ], [ -78.962398767471313, 36.105991142088627 ], [ -78.964887857437134, 36.101414236147114 ], [ -78.966443538665771, 36.101197519974022 ], [ -78.967216014862046, 36.100191949109231 ], [ -78.966207504272461, 36.098527527674243 ], [ -78.966636657714844, 36.097409224720742 ] ] ] } },
{ "type": "Feature", "properties": { "neighborhood_name": "Dixon Road Area", "label_tier": 3 }, "geometry": { "type": "Polygon", "coordinates": [ [ [ -78.939972, 35.968151 ], [ -78.939941, 35.967171 ], [ -78.940552, 35.967072 ], [ -78.940712, 35.960911 ], [ -78.94104, 35.96093 ], [ -78.940773, 35.958881 ], [ -78.939751, 35.95887 ], [ -78.93766, 35.959301 ], [ -78.93605, 35.95932 ], [ -78.936111, 35.95826 ], [ -78.934959, 35.958141 ], [ -78.934052, 35.957821 ], [ -78.93322, 35.9589 ], [ -78.93364, 35.959141 ], [ -78.93351, 35.95937 ], [ -78.932999, 35.95932 ], [ -78.932831, 35.959942 ], [ -78.9328, 35.960411 ], [ -78.933479, 35.960442 ], [ -78.93364, 35.961891 ], [ -78.933296, 35.963634 ], [ -78.933121, 35.96743 ], [ -78.933342, 35.968151 ], [ -78.933372, 35.969891 ], [ -78.932411, 35.970131 ], [ -78.932442, 35.970791 ], [ -78.934311, 35.97023 ], [ -78.93438, 35.969631 ], [ -78.93541, 35.969372 ], [ -78.9356, 35.96981 ], [ -78.93782, 35.969372 ], [ -78.939362, 35.968681 ], [ -78.93927, 35.968319 ], [ -78.939972, 35.968151 ] ] ] } },
{ "type": "Feature", "properties": { "neighborhood_name": "Downing Creek", "label_tier": 3 }, "geometry": { "type": "Polygon", "coordinates": [ [ [ -79.000572, 35.903271 ], [ -79.000664, 35.89883 ], [ -78.999832, 35.89822 ], [ -78.999893, 35.896938 ], [ -79.001068, 35.896141 ], [ -79.002747, 35.89315 ], [ -78.999397, 35.89151 ], [ -78.996758, 35.892639 ], [ -78.9963, 35.893372 ], [ -78.995483, 35.893265 ], [ -78.994598, 35.89378 ], [ -78.994392, 35.894451 ], [ -78.995064, 35.895641 ], [ -78.994904, 35.896221 ], [ -78.996017, 35.89814 ], [ -78.99691, 35.897949 ], [ -78.997551, 35.897598 ], [ -78.997803, 35.897732 ], [ -78.99604, 35.899689 ], [ -78.996323, 35.900871 ], [ -78.996857, 35.90107 ], [ -78.997459, 35.90107 ], [ -78.998817, 35.904308 ], [ -79.000572, 35.903271 ] ] ] } },
{ "type": "Feature", "properties": { "neighborhood_name": "Downtown", "label_tier": 1 }, "geometry": { "type": "Polygon", "coordinates": [ [ [ -78.913002, 35.999149 ], [ -78.912659, 35.998779 ], [ -78.912422, 35.998379 ], [ -78.912214636802673, 35.99760822301338 ], [ -78.912200555205345, 35.996940668251398 ], [ -78.910276740789413, 35.996956129762459 ], [ -78.910256288945661, 35.996499607027637 ], [ -78.910319991409779, 35.995490527792747 ], [ -78.908786773681641, 35.995485916379515 ], [ -78.908840417861938, 35.992560598501022 ], [ -78.906954824924469, 35.991540617946896 ], [ -78.906168937683105, 35.992866590095467 ], [ -78.905999958515167, 35.992996798924587 ], [ -78.905039727687836, 35.994587499434836 ], [ -78.905074596405015, 35.994743746595084 ], [ -78.905847072601318, 35.995130022968397 ], [ -78.905141651630402, 35.99609353556523 ], [ -78.902778625488267, 35.99473940640037 ], [ -78.901402652263641, 35.994012420415146 ], [ -78.903092443943024, 35.990069218508552 ], [ -78.901349008083329, 35.989470233886102 ], [ -78.89843, 35.988441 ], [ -78.897209, 35.987789 ], [ -78.895859, 35.988651 ], [ -78.894173, 35.989342 ], [ -78.893051, 35.98967 ], [ -78.892288, 35.990189 ], [ -78.891663, 35.99081 ], [ -78.891487, 35.9911 ], [ -78.892998, 35.991699 ], [ -78.893227, 35.991711 ], [ -78.893448, 35.991661 ], [ -78.893623, 35.991539 ], [ -78.893951, 35.99115 ], [ -78.895699, 35.992149 ], [ -78.894798, 35.993191 ], [ -78.897247, 35.99474 ], [ -78.897438, 35.994968 ], [ -78.897346, 35.995171 ], [ -78.897346, 35.995392 ], [ -78.897842, 35.99609 ], [ -78.898064, 35.996571 ], [ -78.898132, 35.99704 ], [ -78.898277, 35.99733 ], [ -78.898491, 35.997581 ], [ -78.900673, 35.99506 ], [ -78.903893, 35.99699 ], [ -78.908867, 35.99696 ], [ -78.908852, 35.998322 ], [ -78.908279, 35.999352 ], [ -78.91256, 36.002029 ], [ -78.912682, 36.000992 ], [ -78.911453, 35.999901 ], [ -78.913002, 35.999149 ] ] ] } },
{ "type": "Feature", "properties": { "neighborhood_name": "Duke East Campus", "label_tier": 2 }, "geometry": { "type": "Polygon", "coordinates": [ [ [ -78.919601, 36.00993 ], [ -78.919868, 36.005299 ], [ -78.918167, 36.004539 ], [ -78.919289, 36.003021 ], [ -78.91468, 36.000469 ], [ -78.913597, 35.99971 ], [ -78.913002, 35.999142 ], [ -78.911453, 35.999889 ], [ -78.912682, 36.000988 ], [ -78.91256, 36.002029 ], [ -78.912979, 36.0023 ], [ -78.912582, 36.00285 ], [ -78.912453, 36.004101 ], [ -78.912453, 36.005032 ], [ -78.9123, 36.005939 ], [ -78.912216, 36.007851 ], [ -78.912453, 36.008801 ], [ -78.912331, 36.009651 ], [ -78.919601, 36.00993 ] ] ] } },
{ "type": "Feature", "properties": { "neighborhood_name": "Duke Forest", "label_tier": 3 }, "geometry": { "type": "Polygon", "coordinates": [ [ [ -78.941711, 35.984581 ], [ -78.94223, 35.98476 ], [ -78.942703, 35.984982 ], [ -78.943321, 35.985401 ], [ -78.944351, 35.98637 ], [ -78.943741, 35.987431 ], [ -78.944473, 35.987942 ], [ -78.944832, 35.987831 ], [ -78.94487, 35.987991 ], [ -78.945389, 35.987572 ], [ -78.945862, 35.9874 ], [ -78.946289, 35.987331 ], [ -78.946671, 35.98674 ], [ -78.94693, 35.98616 ], [ -78.947594, 35.985451 ], [ -78.948341, 35.984741 ], [ -78.948021, 35.984291 ], [ -78.948059, 35.984241 ], [ -78.948471, 35.984161 ], [ -78.949272, 35.984371 ], [ -78.951241, 35.983662 ], [ -78.95153, 35.983391 ], [ -78.952141, 35.983181 ], [ -78.952782, 35.983452 ], [ -78.953262, 35.983212 ], [ -78.953491, 35.9827 ], [ -78.95414, 35.98185 ], [ -78.954201, 35.981571 ], [ -78.95414, 35.981411 ], [ -78.953873, 35.98119 ], [ -78.953842, 35.981049 ], [ -78.953911, 35.980221 ], [ -78.953171, 35.97707 ], [ -78.952759, 35.974651 ], [ -78.951988, 35.974731 ], [ -78.95076, 35.974682 ], [ -78.949997, 35.974812 ], [ -78.949387, 35.97501 ], [ -78.94471, 35.97522 ], [ -78.942749, 35.975361 ], [ -78.942284, 35.974682 ], [ -78.938049, 35.97448 ], [ -78.936829, 35.974751 ], [ -78.936783, 35.975151 ], [ -78.935181, 35.97929 ], [ -78.93602, 35.979561 ], [ -78.936852, 35.979931 ], [ -78.93766, 35.98053 ], [ -78.940262, 35.983681 ], [ -78.94075, 35.984032 ], [ -78.941711, 35.984581 ] ] ] } },
{ "type": "Feature", "properties": { "neighborhood_name": "Duke Homestead", "label_tier": 2 }, "geometry": { "type": "Polygon", "coordinates": [ [ [ -78.915672, 36.039726 ], [ -78.916023, 36.040478 ], [ -78.917793, 36.039806 ], [ -78.917625, 36.039494 ], [ -78.917641, 36.039341 ], [ -78.919724, 36.038078 ], [ -78.91993, 36.038364 ], [ -78.921837, 36.037632 ], [ -78.925781, 36.037151 ], [ -78.927361, 36.037048 ], [ -78.929482, 36.03693 ], [ -78.929405, 36.036404 ], [ -78.928307, 36.036469 ], [ -78.928101, 36.034542 ], [ -78.928391, 36.034527 ], [ -78.928413, 36.034027 ], [ -78.927956, 36.033504 ], [ -78.927872, 36.033054 ], [ -78.928421, 36.032494 ], [ -78.928253, 36.03186 ], [ -78.927391, 36.030968 ], [ -78.926888, 36.030853 ], [ -78.926369, 36.030464 ], [ -78.925827, 36.030369 ], [ -78.922638, 36.030334 ], [ -78.915672, 36.030239 ], [ -78.913651, 36.037491 ], [ -78.914467, 36.038223 ], [ -78.915092, 36.038979 ], [ -78.915672, 36.039726 ] ] ] } },
{ "type": "Feature", "properties": { "neighborhood_name": "Duke Manor Apartments", "label_tier": 3 }, "geometry": { "type": "Polygon", "coordinates": [ [ [ -78.945961, 36.015984 ], [ -78.947403, 36.014919 ], [ -78.947807, 36.014549 ], [ -78.948082, 36.014141 ], [ -78.948158, 36.013699 ], [ -78.948112, 36.012379 ], [ -78.944229, 36.012199 ], [ -78.944351, 36.01041 ], [ -78.942734, 36.010269 ], [ -78.942612, 36.010799 ], [ -78.94268, 36.011841 ], [ -78.943253, 36.01181 ], [ -78.943161, 36.013229 ], [ -78.940826, 36.01329 ], [ -78.940872, 36.014961 ], [ -78.941193, 36.015045 ], [ -78.943512, 36.015564 ], [ -78.945961, 36.015984 ] ] ] } },
{ "type": "Feature", "properties": { "neighborhood_name": "Duke Park", "label_tier": 1 }, "geometry": { "type": "Polygon", "coordinates": [ [ [ -78.899437, 36.016331 ], [ -78.899719, 36.01619 ], [ -78.899933, 36.016022 ], [ -78.90023, 36.01543 ], [ -78.900932, 36.01461 ], [ -78.901207, 36.014118 ], [ -78.901299, 36.014091 ], [ -78.901619, 36.01347 ], [ -78.901772, 36.013008 ], [ -78.901894, 36.012321 ], [ -78.902527, 36.010159 ], [ -78.902893, 36.009701 ], [ -78.902939, 36.00948 ], [ -78.903259, 36.008869 ], [ -78.90332, 36.007641 ], [ -78.902023, 36.007629 ], [ -78.90168, 36.007915 ], [ -78.901268, 36.00819 ], [ -78.90052, 36.008499 ], [ -78.89994, 36.008621 ], [ -78.896294, 36.008942 ], [ -78.895508, 36.008881 ], [ -78.894096, 36.008621 ], [ -78.891861, 36.008411 ], [ -78.888741, 36.00769 ], [ -78.888039, 36.00758 ], [ -78.887329, 36.00758 ], [ -78.886871, 36.00766 ], [ -78.884033, 36.008282 ], [ -78.883423, 36.008259 ], [ -78.88279, 36.00806 ], [ -78.881767, 36.00724 ], [ -78.881569, 36.00716 ], [ -78.880821, 36.007 ], [ -78.880234, 36.006989 ], [ -78.879639, 36.007172 ], [ -78.879204, 36.007381 ], [ -78.87854, 36.007809 ], [ -78.876472, 36.010929 ], [ -78.875977, 36.012001 ], [ -78.875687, 36.01244 ], [ -78.875504, 36.012932 ], [ -78.875458, 36.013409 ], [ -78.887711, 36.014271 ], [ -78.889137, 36.0144 ], [ -78.890106, 36.014591 ], [ -78.891022, 36.01487 ], [ -78.891853, 36.01519 ], [ -78.897568, 36.01754 ], [ -78.898491, 36.017059 ], [ -78.898911, 36.016781 ], [ -78.899132, 36.016548 ], [ -78.899437, 36.016331 ] ] ] } },
{ "type": "Feature", "properties": { "neighborhood_name": "Duke West Campus", "label_tier": 2 }, "geometry": { "type": "Polygon", "coordinates": [ [ [ -78.9179, 36.002251 ], [ -78.923271, 36.005211 ], [ -78.92408, 36.005562 ], [ -78.925522, 36.005981 ], [ -78.928429, 36.00668 ], [ -78.930031, 36.007332 ], [ -78.93087, 36.007832 ], [ -78.932129, 36.008961 ], [ -78.934692, 36.012291 ], [ -78.935371, 36.01292 ], [ -78.936363, 36.01358 ], [ -78.937057, 36.011391 ], [ -78.937263, 36.010551 ], [ -78.940857, 36.010773 ], [ -78.940666, 36.011803 ], [ -78.94268, 36.011848 ], [ -78.942619, 36.010811 ], [ -78.942734, 36.010281 ], [ -78.942642, 36.00882 ], [ -78.944168, 36.008823 ], [ -78.944351, 36.010406 ], [ -78.945404, 36.010357 ], [ -78.945564, 36.008781 ], [ -78.94529, 36.008362 ], [ -78.946274, 36.00753 ], [ -78.947853, 36.00605 ], [ -78.94828, 36.005798 ], [ -78.949646, 36.006962 ], [ -78.951347, 36.004841 ], [ -78.951012, 36.00362 ], [ -78.951431, 36.003132 ], [ -78.953819, 36.004261 ], [ -78.954552, 36.003689 ], [ -78.955132, 36.00338 ], [ -78.955261, 36.002998 ], [ -78.955109, 36.002708 ], [ -78.958061, 36.001659 ], [ -78.958237, 35.998692 ], [ -78.95237, 35.99744 ], [ -78.949341, 35.996479 ], [ -78.948067, 35.995781 ], [ -78.94413, 35.992939 ], [ -78.94326, 35.99247 ], [ -78.940643, 35.991501 ], [ -78.939301, 35.99332 ], [ -78.937881, 35.993881 ], [ -78.9375, 35.994141 ], [ -78.935669, 35.996342 ], [ -78.93515, 35.996681 ], [ -78.932831, 35.997662 ], [ -78.930832, 35.998341 ], [ -78.92984, 35.998421 ], [ -78.929482, 35.998402 ], [ -78.926102, 35.997711 ], [ -78.924301, 35.9972 ], [ -78.92337, 36.000011 ], [ -78.921654, 35.99968 ], [ -78.921082, 35.99966 ], [ -78.92054, 35.999741 ], [ -78.920181, 35.99987 ], [ -78.919441, 36.000381 ], [ -78.918549, 36.001282 ], [ -78.9179, 36.002251 ] ] ] } },
{ "type": "Feature", "properties": { "neighborhood_name": "Eagle's Pointe", "label_tier": 3 }, "geometry": { "type": "Polygon", "coordinates": [ [ [ -78.95932, 35.899448 ], [ -78.963036, 35.898945 ], [ -78.963165, 35.898285 ], [ -78.961601, 35.896618 ], [ -78.958839, 35.896759 ], [ -78.953049, 35.897659 ], [ -78.952049, 35.898529 ], [ -78.952057, 35.899715 ], [ -78.95932, 35.899448 ] ] ] } },
{ "type": "Feature", "properties": { "neighborhood_name": "Eastway Village", "label_tier": 2 }, "geometry": { "type": "Polygon", "coordinates": [ [ [ -78.883728, 35.98951 ], [ -78.882401, 35.989071 ], [ -78.882462, 35.992611 ], [ -78.883659, 35.992649 ], [ -78.883728, 35.98951 ] ] ] } },
{ "type": "Feature", "properties": { "neighborhood_name": "Eastwood Park", "label_tier": 3 }, "geometry": { "type": "Polygon", "coordinates": [ [ [ -78.992271, 35.908028 ], [ -78.986908, 35.910378 ], [ -78.987404, 35.911201 ], [ -78.987114, 35.911808 ], [ -78.987984, 35.912205 ], [ -78.990089, 35.911587 ], [ -78.993393, 35.910084 ], [ -78.992271, 35.908028 ] ] ] } },
{ "type": "Feature", "properties": { "neighborhood_name": "Edgemont", "label_tier": 2 }, "geometry": { "type": "Polygon", "coordinates": [ [ [ -78.89653, 35.988232 ], [ -78.895882, 35.987331 ], [ -78.894989, 35.986481 ], [ -78.89386, 35.985741 ], [ -78.88958, 35.98394 ], [ -78.886269, 35.98243 ], [ -78.88488, 35.98193 ], [ -78.883842, 35.981491 ], [ -78.883339, 35.982231 ], [ -78.882622, 35.983971 ], [ -78.882629, 35.986652 ], [ -78.886101, 35.987949 ], [ -78.887321, 35.988415 ], [ -78.887039, 35.98893 ], [ -78.887672, 35.989151 ], [ -78.88797, 35.988651 ], [ -78.888924, 35.98901 ], [ -78.88942, 35.988491 ], [ -78.892281, 35.990181 ], [ -78.893051, 35.98967 ], [ -78.894173, 35.989342 ], [ -78.895882, 35.988651 ], [ -78.89653, 35.988232 ] ] ] } },
{ "type": "Feature", "properties": { "neighborhood_name": "Elm Grove", "label_tier": 3 }, "geometry": { "type": "Polygon", "coordinates": [ [ [ -78.932041525840759, 35.944238106490943 ], [ -78.931388407945633, 35.943460710677762 ], [ -78.93071249127388, 35.943881981983871 ], [ -78.930221647024155, 35.943956898553104 ], [ -78.928431272506714, 35.943731062882364 ], [ -78.928361535072327, 35.944442225911658 ], [ -78.928093314170837, 35.945124067813914 ], [ -78.927508592605591, 35.945875389975726 ], [ -78.926634192466736, 35.946479048271023 ], [ -78.926242589950562, 35.94666144771201 ], [ -78.926553726196289, 35.947625552048216 ], [ -78.927648067474365, 35.947886118768388 ], [ -78.928549289703369, 35.947812291618241 ], [ -78.929289579391479, 35.947087044770157 ], [ -78.929375410079956, 35.94666144771201 ], [ -78.930544853210449, 35.946348762698278 ], [ -78.931199312210083, 35.945593102140009 ], [ -78.931059837341294, 35.945150125349514 ], [ -78.932041525840759, 35.944238106490943 ] ] ] } },
{ "type": "Feature", "properties": { "neighborhood_name": "Emorywood Estates", "label_tier": 3 }, "geometry": { "type": "Polygon", "coordinates": [ [ [ -78.898613, 35.951645 ], [ -78.899048, 35.943443 ], [ -78.897026, 35.941914 ], [ -78.893723, 35.942261 ], [ -78.893425, 35.941288 ], [ -78.892181, 35.941288 ], [ -78.89222, 35.951294 ], [ -78.894196, 35.952648 ], [ -78.898613, 35.951645 ] ] ] } },
{ "type": "Feature", "properties": { "neighborhood_name": "Eno Commons", "label_tier": 3 }, "geometry": { "type": "Polygon", "coordinates": [ [ [ -78.948891, 36.075199 ], [ -78.950005, 36.074806 ], [ -78.950233, 36.073715 ], [ -78.95002, 36.073708 ], [ -78.950066, 36.073429 ], [ -78.947098, 36.073605 ], [ -78.947121, 36.07489 ], [ -78.948891, 36.075199 ] ] ] } },
{ "type": "Feature", "properties": { "neighborhood_name": "Eno Trace", "label_tier": 3 }, "geometry": { "type": "Polygon", "coordinates": [ [ [ -78.894432, 36.081551 ], [ -78.893738, 36.079861 ], [ -78.892891, 36.079342 ], [ -78.893761, 36.078861 ], [ -78.89463, 36.078201 ], [ -78.895737, 36.076698 ], [ -78.895988, 36.07502 ], [ -78.895973, 36.073959 ], [ -78.895821, 36.073341 ], [ -78.895439, 36.073151 ], [ -78.894058, 36.073029 ], [ -78.891876, 36.073292 ], [ -78.887802, 36.076199 ], [ -78.887016, 36.079128 ], [ -78.88752, 36.079342 ], [ -78.889023, 36.079079 ], [ -78.889862, 36.08115 ], [ -78.889091, 36.081928 ], [ -78.88945, 36.082958 ], [ -78.894432, 36.081551 ] ] ] } },
{ "type": "Feature", "properties": { "neighborhood_name": "Everwood", "label_tier": 3 }, "geometry": { "type": "Polygon", "coordinates": [ [ [ -78.973557, 35.944756 ], [ -78.97435, 35.94379 ], [ -78.97303, 35.942081 ], [ -78.971024, 35.942242 ], [ -78.970268, 35.944183 ], [ -78.970436, 35.944653 ], [ -78.972565, 35.945389 ], [ -78.973557, 35.944756 ] ] ] } },
{ "type": "Feature", "properties": { "neighborhood_name": "Fairfield", "label_tier": 3 }, "geometry": { "type": "Polygon", "coordinates": [ [ [ -78.931686, 35.88559 ], [ -78.93174, 35.884861 ], [ -78.93161, 35.883911 ], [ -78.93116, 35.882351 ], [ -78.931297, 35.878941 ], [ -78.931473, 35.875771 ], [ -78.930054, 35.875751 ], [ -78.926201, 35.875408 ], [ -78.924942, 35.875401 ], [ -78.925049, 35.878868 ], [ -78.923553, 35.87886 ], [ -78.923752, 35.890999 ], [ -78.928467, 35.89098 ], [ -78.928452, 35.889381 ], [ -78.927757, 35.889042 ], [ -78.928177, 35.888672 ], [ -78.928322, 35.888371 ], [ -78.928947, 35.888531 ], [ -78.92907, 35.887939 ], [ -78.929611, 35.88781 ], [ -78.930199, 35.885311 ], [ -78.931686, 35.88559 ] ] ] } },
{ "type": "Feature", "properties": { "neighborhood_name": "Falconbridge", "label_tier": 3 }, "geometry": { "type": "Polygon", "coordinates": [ [ [ -78.99147, 35.906731 ], [ -78.989899, 35.9053 ], [ -78.991692, 35.90461 ], [ -78.990463, 35.9021 ], [ -78.987373, 35.899151 ], [ -78.987373, 35.898361 ], [ -78.986588, 35.89764 ], [ -78.985497, 35.89806 ], [ -78.985161, 35.89743 ], [ -78.984306, 35.897739 ], [ -78.984581, 35.898418 ], [ -78.980911, 35.900429 ], [ -78.982971, 35.905319 ], [ -78.983231, 35.906052 ], [ -78.98365, 35.906761 ], [ -78.983795, 35.907242 ], [ -78.98362, 35.910469 ], [ -78.983696, 35.910934 ], [ -78.984131, 35.911751 ], [ -78.986908, 35.910381 ], [ -78.992271, 35.908039 ], [ -78.99147, 35.906731 ] ] ] } },
{ "type": "Feature", "properties": { "neighborhood_name": "Fieldstone by the Eno", "label_tier": 3 }, "geometry": { "type": "Polygon", "coordinates": [ [ [ -78.951561, 36.068581 ], [ -78.951576, 36.066479 ], [ -78.957878, 36.065979 ], [ -78.957832, 36.0634 ], [ -78.955803, 36.06105 ], [ -78.95163, 36.058998 ], [ -78.950867, 36.05978 ], [ -78.950172, 36.060261 ], [ -78.948593, 36.06097 ], [ -78.947342, 36.059341 ], [ -78.946663, 36.059189 ], [ -78.945938, 36.059181 ], [ -78.944679, 36.0606 ], [ -78.945648, 36.061199 ], [ -78.946487, 36.061859 ], [ -78.945473, 36.062061 ], [ -78.945236, 36.064575 ], [ -78.945557, 36.067139 ], [ -78.946701, 36.067139 ], [ -78.946678, 36.068432 ], [ -78.951561, 36.068581 ] ] ] } },
{ "type": "Feature", "properties": { "neighborhood_name": "Five Oaks", "label_tier": 3 }, "geometry": { "type": "Polygon", "coordinates": [ [ [ -78.991867, 35.943748 ], [ -78.99337, 35.94334 ], [ -78.990349, 35.936218 ], [ -78.987511, 35.936298 ], [ -78.987259, 35.937538 ], [ -78.984299, 35.93932 ], [ -78.984589, 35.940338 ], [ -78.984619, 35.940979 ], [ -78.984459, 35.941608 ], [ -78.984108, 35.942219 ], [ -78.983093, 35.94339 ], [ -78.98513, 35.943661 ], [ -78.98539, 35.94276 ], [ -78.986259, 35.942261 ], [ -78.987747, 35.942451 ], [ -78.989517, 35.942276 ], [ -78.989571, 35.944248 ], [ -78.991623, 35.944519 ], [ -78.991867, 35.943748 ] ] ] } },
{ "type": "Feature", "properties": { "neighborhood_name": "Five Oaks 4100", "label_tier": 3 }, "geometry": { "type": "Polygon", "coordinates": [ [ [ -78.989578, 35.944256 ], [ -78.989525, 35.94228 ], [ -78.987755, 35.942455 ], [ -78.986259, 35.942261 ], [ -78.98539, 35.942764 ], [ -78.985138, 35.943661 ], [ -78.989578, 35.944256 ] ] ] } },
{ "type": "Feature", "properties": { "neighborhood_name": "Folkestone", "label_tier": 3 }, "geometry": { "type": "Polygon", "coordinates": [ [ [ -78.93644, 35.918636 ], [ -78.93821, 35.918781 ], [ -78.938339, 35.916134 ], [ -78.937744, 35.914959 ], [ -78.934151, 35.91481 ], [ -78.933571, 35.917374 ], [ -78.936447, 35.917503 ], [ -78.93644, 35.918636 ] ] ] } },
{ "type": "Feature", "properties": { "neighborhood_name": "Forest Acres", "label_tier": 3 }, "geometry": { "type": "Polygon", "coordinates": [ [ [ -78.96714124828577, 36.051223888153764 ], [ -78.968947716057301, 36.049240460144681 ], [ -78.969550877809525, 36.048779089788717 ], [ -78.968712016940117, 36.047741132140899 ], [ -78.969168998301029, 36.047390625200649 ], [ -78.968650996685028, 36.046860117915045 ], [ -78.968460224568844, 36.047271891637358 ], [ -78.967812806367874, 36.047058008122825 ], [ -78.967978432774544, 36.046661413959342 ], [ -78.967650532722473, 36.046538613037463 ], [ -78.967940546572208, 36.045970961253737 ], [ -78.967368900775909, 36.045600114898129 ], [ -78.967208974063396, 36.045951985239931 ], [ -78.96680161356926, 36.045832436247814 ], [ -78.965960741043091, 36.047676344045989 ], [ -78.965166807174683, 36.048300909903382 ], [ -78.964136838912964, 36.048474399539927 ], [ -78.964125774800777, 36.049610205058563 ], [ -78.96714124828577, 36.051223888153764 ] ] ] } },
{ "type": "Feature", "properties": { "neighborhood_name": "Forest Hills", "label_tier": 1 }, "geometry": { "type": "Polygon", "coordinates": [ [ [ -78.920265957713127, 35.986418814092829 ], [ -78.920326, 35.980709 ], [ -78.920837, 35.976528 ], [ -78.921761, 35.975941 ], [ -78.921638, 35.9758 ], [ -78.921791, 35.974209 ], [ -78.920952, 35.974098 ], [ -78.9207, 35.97398 ], [ -78.920319, 35.973888 ], [ -78.919243, 35.973949 ], [ -78.918167, 35.97406 ], [ -78.91748, 35.974171 ], [ -78.917191, 35.974289 ], [ -78.916931, 35.973881 ], [ -78.917099, 35.973808 ], [ -78.916496, 35.972858 ], [ -78.91626, 35.97113 ], [ -78.916077, 35.971142 ], [ -78.916031, 35.970718 ], [ -78.915833, 35.97068 ], [ -78.915359, 35.97073 ], [ -78.914917, 35.971588 ], [ -78.91375, 35.973091 ], [ -78.913231, 35.97337 ], [ -78.912216, 35.973629 ], [ -78.911537, 35.973911 ], [ -78.909683, 35.975182 ], [ -78.908699, 35.97559 ], [ -78.90873, 35.978802 ], [ -78.908362984657288, 35.981930180307934 ], [ -78.908432051539421, 35.982711809664117 ], [ -78.908943347632885, 35.98382224722085 ], [ -78.909737, 35.983429 ], [ -78.910072, 35.983379 ], [ -78.910316, 35.983501 ], [ -78.910652, 35.983768 ], [ -78.910927, 35.983841 ], [ -78.912064433097825, 35.983871895053518 ], [ -78.91212210059166, 35.983892513816365 ], [ -78.912225365638719, 35.98391096217857 ], [ -78.912280350923538, 35.983906621387845 ], [ -78.912388980388641, 35.983878406242368 ], [ -78.91248419880867, 35.983827401915292 ], [ -78.912566006183624, 35.984350466002688 ], [ -78.912751078605652, 35.984652148692227 ], [ -78.913067579269409, 35.985081881754681 ], [ -78.914424777030945, 35.985123118642655 ], [ -78.915130198001862, 35.985084052117742 ], [ -78.91516774892807, 35.984949489495001 ], [ -78.916841447353363, 35.984953830228349 ], [ -78.916811943054199, 35.985285895621587 ], [ -78.917498588562012, 35.985303258479512 ], [ -78.917487859725952, 35.985555019490192 ], [ -78.918346166610718, 35.985576722987979 ], [ -78.918582201004028, 35.98562067255272 ], [ -78.918503, 35.98637 ], [ -78.920265957713127, 35.986418814092829 ] ] ] } },
{ "type": "Feature", "properties": { "neighborhood_name": "Forest Oaks", "label_tier": 3 }, "geometry": { "type": "Polygon", "coordinates": [ [ [ -78.96283, 36.020489 ], [ -78.962814, 36.019684 ], [ -78.962418, 36.01873 ], [ -78.957802, 36.018631 ], [ -78.95768, 36.019852 ], [ -78.959473, 36.02013 ], [ -78.960571, 36.020512 ], [ -78.96283, 36.020489 ] ] ] } },
{ "type": "Feature", "properties": { "neighborhood_name": "Fortune's Ridge", "label_tier": 3 }, "geometry": { "type": "Polygon", "coordinates": [ [ [ -78.927594423294053, 35.924861733572229 ], [ -78.926939964294434, 35.924757476623689 ], [ -78.925352096557617, 35.926008550934377 ], [ -78.925244808197021, 35.929865905456339 ], [ -78.923270702362061, 35.930213405632529 ], [ -78.92304539680481, 35.931473080967812 ], [ -78.92334, 35.931641 ], [ -78.923195, 35.932964 ], [ -78.923439, 35.93306 ], [ -78.923530876636505, 35.933282200259583 ], [ -78.924129009246826, 35.933277856685415 ], [ -78.924194, 35.93433 ], [ -78.925735, 35.934277 ], [ -78.92469, 35.933559 ], [ -78.92511, 35.932865 ], [ -78.925964, 35.933475 ], [ -78.926308, 35.933517 ], [ -78.926468, 35.933228 ], [ -78.927232325077043, 35.933221390199499 ], [ -78.927155, 35.931 ], [ -78.929306, 35.931011 ], [ -78.929298, 35.930752 ], [ -78.929077, 35.929951 ], [ -78.929459, 35.929798 ], [ -78.929642, 35.930012 ], [ -78.930206, 35.929691 ], [ -78.930389, 35.929199 ], [ -78.930817, 35.92923 ], [ -78.931122, 35.928951 ], [ -78.930801, 35.928581 ], [ -78.930237, 35.928532 ], [ -78.929703, 35.927952 ], [ -78.927963, 35.927639 ], [ -78.928093, 35.926849 ], [ -78.927841, 35.926159 ], [ -78.9276748895645, 35.925274415978024 ], [ -78.927594423294053, 35.924861733572229 ] ] ] } },
{ "type": "Feature", "properties": { "neighborhood_name": "Fox Run", "label_tier": 3 }, "geometry": { "type": "Polygon", "coordinates": [ [ [ -78.97271, 36.145973 ], [ -78.973358, 36.143303 ], [ -78.975006, 36.142403 ], [ -78.975288, 36.139076 ], [ -78.972282, 36.138809 ], [ -78.971741, 36.138428 ], [ -78.972733, 36.136799 ], [ -78.972046, 36.136108 ], [ -78.968102, 36.136356 ], [ -78.966316, 36.136738 ], [ -78.963806, 36.136681 ], [ -78.962517, 36.137459 ], [ -78.962158, 36.140705 ], [ -78.956856, 36.14072 ], [ -78.95546, 36.1423 ], [ -78.958252, 36.144135 ], [ -78.958939, 36.144413 ], [ -78.962265, 36.145451 ], [ -78.963188, 36.144203 ], [ -78.964043, 36.143826 ], [ -78.965309, 36.143826 ], [ -78.96666, 36.1441 ], [ -78.967453, 36.14344 ], [ -78.970139, 36.143547 ], [ -78.970589, 36.146042 ], [ -78.97271, 36.145973 ] ] ] } },
{ "type": "Feature", "properties": { "neighborhood_name": "Franklin Village", "label_tier": 3 }, "geometry": { "type": "Polygon", "coordinates": [ [ [ -78.884911, 35.98991 ], [ -78.886101, 35.987942 ], [ -78.882622, 35.986649 ], [ -78.882401, 35.989079 ], [ -78.884911, 35.98991 ] ] ] } },
{ "type": "Feature", "properties": { "neighborhood_name": "Garret Farms - Porchlight / Hartley", "label_tier": 3 }, "geometry": { "type": "Polygon", "coordinates": [ [ [ -78.980995, 35.970383 ], [ -78.980782, 35.970173 ], [ -78.980858, 35.969486 ], [ -78.979752, 35.969479 ], [ -78.979691, 35.969719 ], [ -78.979103, 35.970299 ], [ -78.97892, 35.971096 ], [ -78.979111, 35.971653 ], [ -78.980019, 35.971603 ], [ -78.980637, 35.971413 ], [ -78.981194, 35.971039 ], [ -78.980995, 35.970383 ] ] ] } },
{ "type": "Feature", "properties": { "neighborhood_name": "Gatewood Forest", "label_tier": 3 }, "geometry": { "type": "Polygon", "coordinates": [ [ [ -78.821907, 35.996216 ], [ -78.821938, 35.995354 ], [ -78.82074, 35.992352 ], [ -78.819588, 35.990223 ], [ -78.81881, 35.990044 ], [ -78.817337, 35.993904 ], [ -78.817307, 35.994633 ], [ -78.816422, 35.995419 ], [ -78.819496, 35.996052 ], [ -78.821907, 35.996216 ] ] ] } },
{ "type": "Feature", "properties": { "neighborhood_name": "Glennstone", "label_tier": 3 }, "geometry": { "type": "Polygon", "coordinates": [ [ [ -78.841537, 36.053974 ], [ -78.841148, 36.053104 ], [ -78.840248, 36.052952 ], [ -78.839996, 36.052498 ], [ -78.841385, 36.052498 ], [ -78.841431, 36.051842 ], [ -78.84066, 36.051216 ], [ -78.841003, 36.050884 ], [ -78.840683, 36.050434 ], [ -78.839981, 36.050644 ], [ -78.839424, 36.050323 ], [ -78.838547, 36.050087 ], [ -78.837891, 36.050018 ], [ -78.835533, 36.050564 ], [ -78.834877, 36.051571 ], [ -78.832909, 36.051128 ], [ -78.832634, 36.051197 ], [ -78.833076, 36.052769 ], [ -78.833618, 36.052906 ], [ -78.834007, 36.052532 ], [ -78.83474, 36.052708 ], [ -78.834534, 36.053131 ], [ -78.835464, 36.053513 ], [ -78.836014, 36.053211 ], [ -78.836777, 36.053383 ], [ -78.836784, 36.054218 ], [ -78.836327, 36.054424 ], [ -78.836411, 36.05526 ], [ -78.837311, 36.055241 ], [ -78.83815, 36.05418 ], [ -78.838203, 36.053539 ], [ -78.839127, 36.053394 ], [ -78.840248, 36.054337 ], [ -78.841537, 36.053974 ] ] ] } },
{ "type": "Feature", "properties": { "neighborhood_name": "Golden Belt", "label_tier": 2 }, "geometry": { "type": "Polygon", "coordinates": [ [ [ -78.89106, 35.992352 ], [ -78.89109, 35.99202 ], [ -78.891251, 35.991482 ], [ -78.891663, 35.990791 ], [ -78.892281, 35.990181 ], [ -78.88942, 35.98851 ], [ -78.888924, 35.98901 ], [ -78.88797, 35.988651 ], [ -78.88768, 35.989151 ], [ -78.887039, 35.98893 ], [ -78.887321, 35.988411 ], [ -78.886101, 35.987949 ], [ -78.884911, 35.989922 ], [ -78.886223, 35.990421 ], [ -78.886162, 35.99054 ], [ -78.886139, 35.990891 ], [ -78.888412, 35.991611 ], [ -78.888741, 35.991402 ], [ -78.889664, 35.991951 ], [ -78.890259, 35.992191 ], [ -78.89106, 35.992352 ] ] ] } },
{ "type": "Feature", "properties": { "neighborhood_name": "Grande Park", "label_tier": 3 }, "geometry": { "type": "Polygon", "coordinates": [ [ [ -78.946037, 36.087074 ], [ -78.946136, 36.081493 ], [ -78.94397, 36.082474 ], [ -78.942413, 36.082706 ], [ -78.942131, 36.082195 ], [ -78.940376, 36.083035 ], [ -78.942375, 36.085285 ], [ -78.942871, 36.085735 ], [ -78.943367, 36.086067 ], [ -78.94397, 36.08638 ], [ -78.946037, 36.087074 ] ] ] } },
{ "type": "Feature", "properties": { "neighborhood_name": "Green Mill", "label_tier": 3 }, "geometry": { "type": "Polygon", "coordinates": [ [ [ -78.939362, 35.957451 ], [ -78.939819, 35.956619 ], [ -78.940498, 35.956009 ], [ -78.941353, 35.955215 ], [ -78.941521, 35.954868 ], [ -78.941566, 35.954308 ], [ -78.93824, 35.953812 ], [ -78.937653, 35.95472 ], [ -78.936478, 35.957409 ], [ -78.938377, 35.957691 ], [ -78.938683, 35.957249 ], [ -78.939362, 35.957451 ] ] ] } },
{ "type": "Feature", "properties": { "neighborhood_name": "Grove Park", "label_tier": 3 }, "geometry": { "type": "Polygon", "coordinates": [ [ [ -78.821114, 35.98148 ], [ -78.82122, 35.97937 ], [ -78.822571, 35.977341 ], [ -78.824883, 35.976501 ], [ -78.826813, 35.97567 ], [ -78.828651, 35.97319 ], [ -78.829933, 35.970921 ], [ -78.823982, 35.970901 ], [ -78.820801, 35.970551 ], [ -78.817574, 35.968472 ], [ -78.812111, 35.968311 ], [ -78.810501, 35.96769 ], [ -78.809052, 35.96685 ], [ -78.807541, 35.966694 ], [ -78.805092, 35.966751 ], [ -78.804924, 35.966885 ], [ -78.804024, 35.967979 ], [ -78.806015, 35.970604 ], [ -78.807182, 35.970634 ], [ -78.807045, 35.976929 ], [ -78.807289, 35.97863 ], [ -78.802185, 35.978146 ], [ -78.792618, 35.976723 ], [ -78.793442, 35.977711 ], [ -78.795158, 35.980431 ], [ -78.796501, 35.983589 ], [ -78.797272, 35.984322 ], [ -78.800102, 35.98354 ], [ -78.804802, 35.984951 ], [ -78.806511, 35.98616 ], [ -78.808411, 35.987061 ], [ -78.813812, 35.985291 ], [ -78.813004, 35.983841 ], [ -78.814072, 35.983109 ], [ -78.819481, 35.985611 ], [ -78.821114, 35.98148 ] ] ] } },
{ "type": "Feature", "properties": { "neighborhood_name": "Heather Glen", "label_tier": 3 }, "geometry": { "type": "Polygon", "coordinates": [ [ [ -78.960396, 36.086723 ], [ -78.96006, 36.087132 ], [ -78.959862, 36.087811 ], [ -78.96003, 36.08897 ], [ -78.959641, 36.092361 ], [ -78.960419, 36.093121 ], [ -78.96228, 36.093231 ], [ -78.96299, 36.094391 ], [ -78.96312, 36.095711 ], [ -78.967621, 36.095661 ], [ -78.96785, 36.095291 ], [ -78.969002, 36.094501 ], [ -78.971489, 36.08802 ], [ -78.970299, 36.08717 ], [ -78.969849, 36.086658 ], [ -78.970154, 36.0863 ], [ -78.96978, 36.084511 ], [ -78.969208, 36.083542 ], [ -78.967041, 36.083752 ], [ -78.966461, 36.084591 ], [ -78.965706, 36.084309 ], [ -78.96479, 36.084679 ], [ -78.964211, 36.085239 ], [ -78.962433, 36.086411 ], [ -78.961243, 36.08659 ], [ -78.960869, 36.086487 ], [ -78.960396, 36.086723 ] ] ] } },
{ "type": "Feature", "properties": { "neighborhood_name": "Highgate", "label_tier": 3 }, "geometry": { "type": "Polygon", "coordinates": [ [ [ -78.94352, 35.90979 ], [ -78.943542, 35.909397 ], [ -78.944199, 35.908714 ], [ -78.945816, 35.909157 ], [ -78.946838, 35.909981 ], [ -78.948692, 35.908772 ], [ -78.948959, 35.908756 ], [ -78.948959, 35.906254 ], [ -78.941467, 35.907764 ], [ -78.941666, 35.909451 ], [ -78.94239, 35.909451 ], [ -78.94352, 35.90979 ] ] ] } },
{ "type": "Feature", "properties": { "neighborhood_name": "Hillandale Commons", "label_tier": 3 }, "geometry": { "type": "Polygon", "coordinates": [ [ [ -78.938967324793339, 36.027228021882294 ], [ -78.941166065633297, 36.026299055127097 ], [ -78.94099440425633, 36.026039018395956 ], [ -78.940909244120121, 36.025136611070174 ], [ -78.940543793141842, 36.024493964936582 ], [ -78.938548229634762, 36.023783251863925 ], [ -78.938033580780029, 36.023817418301007 ], [ -78.937282226979733, 36.024737194912532 ], [ -78.936831615865231, 36.024807153896987 ], [ -78.936810493469238, 36.025084548793721 ], [ -78.937357664108276, 36.025114918459145 ], [ -78.938967324793339, 36.027228021882294 ] ] ] } },
{ "type": "Feature", "properties": { "neighborhood_name": "Holston Meadows", "label_tier": 3 }, "geometry": { "type": "Polygon", "coordinates": [ [ [ -78.921725749969482, 36.059290723238504 ], [ -78.921736478805542, 36.057512680703695 ], [ -78.921242952346802, 36.057425945893847 ], [ -78.919515609741211, 36.05749533374938 ], [ -78.919612169265747, 36.059030524401386 ], [ -78.920212984085083, 36.059394802532459 ], [ -78.921725749969482, 36.059290723238504 ] ] ] } },
{ "type": "Feature", "properties": { "neighborhood_name": "Homeplace I", "label_tier": 3 }, "geometry": { "type": "Polygon", "coordinates": [ [ [ -78.932419046759591, 35.921748898540407 ], [ -78.932930007576942, 35.922451571006285 ], [ -78.933114744722843, 35.923241934313936 ], [ -78.934225179255009, 35.92335868260426 ], [ -78.935241401195526, 35.923350537380301 ], [ -78.93600482493639, 35.922263956982768 ], [ -78.934468924999237, 35.921401632678965 ], [ -78.93376886844635, 35.92129519905258 ], [ -78.933004438877106, 35.92137339520022 ], [ -78.932419046759591, 35.921748898540407 ] ] ] } },
{ "type": "Feature", "properties": { "neighborhood_name": "Homeplace II", "label_tier": 3 }, "geometry": { "type": "Polygon", "coordinates": [ [ [ -78.932419, 35.921749 ], [ -78.930733, 35.923302 ], [ -78.929985, 35.923706 ], [ -78.929367, 35.92387 ], [ -78.928838968276978, 35.923914727910201 ], [ -78.930122, 35.925579 ], [ -78.93222, 35.926338 ], [ -78.932503, 35.925652 ], [ -78.933151, 35.924561 ], [ -78.933189, 35.923561 ], [ -78.93293, 35.922451 ], [ -78.932419, 35.921749 ] ] ] } },
{ "type": "Feature", "properties": { "neighborhood_name": "Hope Valley", "label_tier": 2 }, "geometry": { "type": "Polygon", "coordinates": [ [ [ -78.938538, 35.941021 ], [ -78.939568, 35.9412 ], [ -78.939552, 35.94318 ], [ -78.941002, 35.945518 ], [ -78.93811, 35.948219 ], [ -78.937843, 35.9501 ], [ -78.937119, 35.950939 ], [ -78.936546, 35.950909 ], [ -78.936562, 35.951809 ], [ -78.939461, 35.95192 ], [ -78.942932, 35.952042 ], [ -78.943909, 35.95192 ], [ -78.947189, 35.951931 ], [ -78.947861, 35.952381 ], [ -78.94783, 35.953911 ], [ -78.949043, 35.957321 ], [ -78.952332, 35.957081 ], [ -78.95298, 35.956951 ], [ -78.954979, 35.955952 ], [ -78.955902, 35.955181 ], [ -78.956612, 35.95435 ], [ -78.957443, 35.953651 ], [ -78.959953, 35.951851 ], [ -78.961983, 35.951061 ], [ -78.966431, 35.950161 ], [ -78.96698, 35.950352 ], [ -78.967903, 35.94952 ], [ -78.968521, 35.94873 ], [ -78.968933, 35.948372 ], [ -78.967781, 35.945122 ], [ -78.963722, 35.93792 ], [ -78.962463, 35.936081 ], [ -78.961761, 35.934891 ], [ -78.960953, 35.935108 ], [ -78.951469, 35.934078 ], [ -78.950333, 35.93367 ], [ -78.950844, 35.933102 ], [ -78.952179, 35.930771 ], [ -78.953453, 35.927601 ], [ -78.953789, 35.926922 ], [ -78.953262, 35.926891 ], [ -78.946442, 35.928711 ], [ -78.943771, 35.929611 ], [ -78.943909, 35.92989 ], [ -78.943314, 35.932011 ], [ -78.942543, 35.932442 ], [ -78.942001, 35.93309 ], [ -78.94133, 35.934471 ], [ -78.940773, 35.936081 ], [ -78.94017, 35.936661 ], [ -78.939362, 35.93787 ], [ -78.939262, 35.938412 ], [ -78.938629, 35.939121 ], [ -78.938683, 35.939751 ], [ -78.938309, 35.940411 ], [ -78.937851, 35.940781 ], [ -78.938538, 35.941021 ] ] ] } },
{ "type": "Feature", "properties": { "neighborhood_name": "Hope Valley Downs", "label_tier": 3 }, "geometry": { "type": "Polygon", "coordinates": [ [ [ -78.946541, 35.960396 ], [ -78.946732, 35.959797 ], [ -78.94709, 35.957378 ], [ -78.946167, 35.956589 ], [ -78.945862, 35.95639 ], [ -78.945312, 35.95657 ], [ -78.944771, 35.956539 ], [ -78.944481, 35.958012 ], [ -78.944939, 35.958408 ], [ -78.944839, 35.95927 ], [ -78.944313, 35.959492 ], [ -78.944313, 35.959961 ], [ -78.944618, 35.960312 ], [ -78.946541, 35.960396 ] ] ] } },
{ "type": "Feature", "properties": { "neighborhood_name": "Hope Valley Farms", "label_tier": 2 }, "geometry": { "type": "Polygon", "coordinates": [ [ [ -78.933921754360199, 35.935069560775219 ], [ -78.933629393577576, 35.935217238815966 ], [ -78.932851552963243, 35.935629867173247 ], [ -78.931580185890198, 35.937071877778692 ], [ -78.93003523349762, 35.938083875536329 ], [ -78.929257392883301, 35.938726682833646 ], [ -78.928796052932739, 35.939577960127359 ], [ -78.928522467613206, 35.94054215088611 ], [ -78.9302659034729, 35.940993839808201 ], [ -78.931177854537964, 35.941810347846946 ], [ -78.931574821472168, 35.942053561376788 ], [ -78.931542634963975, 35.943174071185609 ], [ -78.931387066841125, 35.94345636766289 ], [ -78.932041525840759, 35.944238106490943 ], [ -78.933420181274414, 35.9437820931144 ], [ -78.935028, 35.942009 ], [ -78.936829, 35.940491 ], [ -78.937263, 35.940739 ], [ -78.937859, 35.940781 ], [ -78.938316, 35.940411 ], [ -78.938683, 35.939751 ], [ -78.938637, 35.939121 ], [ -78.939262, 35.938419 ], [ -78.939362, 35.93787 ], [ -78.940193, 35.936661 ], [ -78.940773, 35.936089 ], [ -78.941338, 35.934471 ], [ -78.942009, 35.93309 ], [ -78.942543, 35.932449 ], [ -78.943314, 35.932018 ], [ -78.943916, 35.92989 ], [ -78.943779, 35.929619 ], [ -78.944191, 35.929169 ], [ -78.944122, 35.928909 ], [ -78.942429, 35.927979 ], [ -78.941917, 35.92778 ], [ -78.941452, 35.927711 ], [ -78.940239, 35.927731 ], [ -78.939468, 35.927929 ], [ -78.938972, 35.928291 ], [ -78.938629, 35.928692 ], [ -78.93721, 35.929871 ], [ -78.93779, 35.931492 ], [ -78.938438, 35.932491 ], [ -78.935677, 35.93417 ], [ -78.933921754360199, 35.935069560775219 ] ] ] } },
{ "type": "Feature", "properties": { "neighborhood_name": "Hope Valley Farms North", "label_tier": 3 }, "geometry": { "type": "Polygon", "coordinates": [ [ [ -78.922348022460938, 35.933775194377098 ], [ -78.920947909355149, 35.933514581129735 ], [ -78.919891119003296, 35.932902136616583 ], [ -78.918957710266113, 35.93134711433747 ], [ -78.918405175209045, 35.931735872774709 ], [ -78.916326463222504, 35.932863044252507 ], [ -78.915948271751404, 35.933523268251811 ], [ -78.916313052177429, 35.935093449888761 ], [ -78.920395374298096, 35.936702690821811 ], [ -78.920588493347168, 35.938487802353826 ], [ -78.925325274467468, 35.938533406864828 ], [ -78.925215303897858, 35.939058942664218 ], [ -78.92516702413559, 35.939584474969237 ], [ -78.925204575061798, 35.940524778183708 ], [ -78.925148248672485, 35.941981900325239 ], [ -78.928259611129747, 35.942040532099526 ], [ -78.928318619728088, 35.94159102071837 ], [ -78.928522467613206, 35.940537807710882 ], [ -78.928793370723724, 35.939575788513274 ], [ -78.929254710674286, 35.938728854471066 ], [ -78.930032551288591, 35.93808821884641 ], [ -78.931577503681183, 35.937069706095777 ], [ -78.932851552963243, 35.935625523728056 ], [ -78.933629393577576, 35.935215067082062 ], [ -78.933296799659729, 35.934561372468089 ], [ -78.932567238807678, 35.934500563391964 ], [ -78.930292725563049, 35.934969660767727 ], [ -78.930509984493256, 35.935296507062276 ], [ -78.929889053106308, 35.935736281505491 ], [ -78.929604738950729, 35.935394234927735 ], [ -78.929245322942734, 35.935539740636941 ], [ -78.92902135848999, 35.93549087680924 ], [ -78.928629755973816, 35.935616836836985 ], [ -78.9252769947052, 35.935807948219924 ], [ -78.923581838607788, 35.935864412858301 ], [ -78.922820091247544, 35.936172795940685 ], [ -78.922364115715027, 35.935903503738146 ], [ -78.922503590583801, 35.935703705704711 ], [ -78.922562599182129, 35.935412694622102 ], [ -78.922348022460938, 35.933775194377098 ] ] ] } },
{ "type": "Feature", "properties": { "neighborhood_name": "Hope Valley Forest", "label_tier": 3 }, "geometry": { "type": "Polygon", "coordinates": [ [ [ -78.934021, 35.957821 ], [ -78.934769, 35.956959 ], [ -78.935303, 35.955719 ], [ -78.935722, 35.954399 ], [ -78.936172, 35.953609 ], [ -78.936546, 35.95306 ], [ -78.937698, 35.951862 ], [ -78.936562, 35.951809 ], [ -78.936546, 35.944859 ], [ -78.936256, 35.944351 ], [ -78.934807, 35.944321 ], [ -78.933838, 35.945099 ], [ -78.933167, 35.946121 ], [ -78.931343, 35.946571 ], [ -78.927612, 35.95153 ], [ -78.930237, 35.954479 ], [ -78.931908, 35.956261 ], [ -78.934021, 35.957821 ] ] ] } },
{ "type": "Feature", "properties": { "neighborhood_name": "Hope Valley Green", "label_tier": 3 }, "geometry": { "type": "Polygon", "coordinates": [ [ [ -78.957397, 35.929966 ], [ -78.957344, 35.925671 ], [ -78.956871, 35.92429 ], [ -78.956291, 35.923504 ], [ -78.953796, 35.926922 ], [ -78.953552, 35.927402 ], [ -78.955177, 35.927433 ], [ -78.9552, 35.928955 ], [ -78.956352, 35.928967 ], [ -78.956062, 35.92963 ], [ -78.956444, 35.929924 ], [ -78.956696, 35.929707 ], [ -78.957397, 35.929966 ] ] ] } },
{ "type": "Feature", "properties": { "neighborhood_name": "Hope Valley North", "label_tier": 3 }, "geometry": { "type": "Polygon", "coordinates": [ [ [ -78.949051, 35.95734 ], [ -78.94783, 35.953911 ], [ -78.947861, 35.952381 ], [ -78.947189, 35.951931 ], [ -78.943932, 35.95192 ], [ -78.942932, 35.952042 ], [ -78.94268, 35.952911 ], [ -78.942451, 35.953152 ], [ -78.942352, 35.953671 ], [ -78.941582, 35.953701 ], [ -78.941559, 35.954021 ], [ -78.944, 35.95425 ], [ -78.943764, 35.955292 ], [ -78.944153, 35.955582 ], [ -78.944771, 35.956551 ], [ -78.945312, 35.956581 ], [ -78.945862, 35.956402 ], [ -78.946182, 35.9566 ], [ -78.947098, 35.957386 ], [ -78.947533, 35.957451 ], [ -78.947952, 35.957291 ], [ -78.948181, 35.957611 ], [ -78.948601, 35.957432 ], [ -78.949051, 35.95734 ] ] ] } },
{ "type": "Feature", "properties": { "neighborhood_name": "Horton Hills", "label_tier": 3 }, "geometry": { "type": "Polygon", "coordinates": [ [ [ -78.918747, 36.06377 ], [ -78.918839, 36.061611 ], [ -78.919456, 36.06155 ], [ -78.919807, 36.06068 ], [ -78.919182, 36.058887 ], [ -78.918106, 36.05891 ], [ -78.918053, 36.059227 ], [ -78.916397, 36.059258 ], [ -78.913399, 36.060329 ], [ -78.9132, 36.061169 ], [ -78.91217, 36.06118 ], [ -78.912109, 36.062778 ], [ -78.914284, 36.06295 ], [ -78.915321, 36.06377 ], [ -78.918747, 36.06377 ] ] ] } },
{ "type": "Feature", "properties": { "neighborhood_name": "Huckleberry Heights", "label_tier": 3 }, "geometry": { "type": "Polygon", "coordinates": [ [ [ -78.965960405766964, 36.047676615126008 ], [ -78.96680161356926, 36.045832436247814 ], [ -78.966559208929539, 36.045761140503956 ], [ -78.966750986874104, 36.045349358879726 ], [ -78.966019079089151, 36.045108361261846 ], [ -78.965751864016056, 36.045619904258004 ], [ -78.965270407497883, 36.045490053435941 ], [ -78.965499401092529, 36.044921851912832 ], [ -78.965049795806408, 36.044731004679718 ], [ -78.964080847799778, 36.043941315117408 ], [ -78.962799422442913, 36.043041281653551 ], [ -78.962249904870987, 36.0427213877635 ], [ -78.961472399532795, 36.043491299671516 ], [ -78.960831351578236, 36.043250838556602 ], [ -78.958364725112915, 36.046010810867834 ], [ -78.958718776702881, 36.047632971233007 ], [ -78.958252072334275, 36.048934145227641 ], [ -78.958632946014404, 36.049706436037994 ], [ -78.961121700704098, 36.049862302867744 ], [ -78.964125439524636, 36.049610476131917 ], [ -78.964136503636837, 36.048474128462651 ], [ -78.965166471898542, 36.048300909903382 ], [ -78.965960405766964, 36.047676615126008 ] ] ] } },
{ "type": "Feature", "properties": { "neighborhood_name": "Huntington Ridge", "label_tier": 3 }, "geometry": { "type": "Polygon", "coordinates": [ [ [ -78.945801258087158, 35.893239515468977 ], [ -78.947672098875046, 35.890776510252721 ], [ -78.943649, 35.888809 ], [ -78.943222, 35.890659 ], [ -78.942993, 35.89254 ], [ -78.942861557006836, 35.893326430883306 ], [ -78.945801258087158, 35.893239515468977 ] ] ] } },
{ "type": "Feature", "properties": { "neighborhood_name": "Inverness Drive", "label_tier": 3 }, "geometry": { "type": "Polygon", "coordinates": [ [ [ -78.964462, 36.083141 ], [ -78.964287, 36.083794 ], [ -78.965691, 36.084301 ], [ -78.966461, 36.084591 ], [ -78.967049, 36.083752 ], [ -78.969223, 36.083542 ], [ -78.969391, 36.08181 ], [ -78.969849, 36.08073 ], [ -78.972092, 36.078442 ], [ -78.971703, 36.077061 ], [ -78.97139, 36.076431 ], [ -78.970879, 36.076241 ], [ -78.969719, 36.076107 ], [ -78.969299, 36.075401 ], [ -78.964684, 36.076271 ], [ -78.964462, 36.083141 ] ] ] } },
{ "type": "Feature", "properties": { "neighborhood_name": "Knollwood", "label_tier": 3 }, "geometry": { "type": "Polygon", "coordinates": [ [ [ -78.962997, 35.956879 ], [ -78.9627, 35.954449 ], [ -78.96273, 35.952419 ], [ -78.961853, 35.952019 ], [ -78.960289, 35.952381 ], [ -78.959152, 35.953251 ], [ -78.958511, 35.952904 ], [ -78.957428, 35.953671 ], [ -78.959648, 35.954979 ], [ -78.959793, 35.95557 ], [ -78.961319, 35.955441 ], [ -78.961517, 35.956951 ], [ -78.962997, 35.956879 ] ] ] } },
{ "type": "Feature", "properties": { "neighborhood_name": "Lake Park", "label_tier": 3 }, "geometry": { "type": "Polygon", "coordinates": [ [ [ -78.915375, 35.88242 ], [ -78.915932, 35.882469 ], [ -78.916283, 35.882618 ], [ -78.918571, 35.88274 ], [ -78.918991, 35.882549 ], [ -78.919029, 35.881516 ], [ -78.918816, 35.877819 ], [ -78.917564, 35.87669 ], [ -78.917519, 35.875534 ], [ -78.917061, 35.875088 ], [ -78.915848, 35.875221 ], [ -78.915405, 35.875168 ], [ -78.915085, 35.874271 ], [ -78.914268, 35.873844 ], [ -78.912956, 35.874367 ], [ -78.912865, 35.874672 ], [ -78.913788, 35.876148 ], [ -78.913918, 35.877975 ], [ -78.914902, 35.877956 ], [ -78.915169, 35.879654 ], [ -78.915329, 35.881695 ], [ -78.915375, 35.88242 ] ] ] } },
{ "type": "Feature", "properties": { "neighborhood_name": "Lakehurst", "label_tier": 3 }, "geometry": { "type": "Polygon", "coordinates": [ [ [ -78.921005, 35.894508 ], [ -78.921364, 35.894871 ], [ -78.921875, 35.89521 ], [ -78.922745, 35.89558 ], [ -78.923409, 35.896137 ], [ -78.923782, 35.89687 ], [ -78.923851, 35.897678 ], [ -78.924324, 35.897923 ], [ -78.926147, 35.897896 ], [ -78.927284, 35.896088 ], [ -78.928062, 35.896427 ], [ -78.930359, 35.894241 ], [ -78.930771, 35.893459 ], [ -78.930885, 35.892849 ], [ -78.930801, 35.891399 ], [ -78.930794, 35.890923 ], [ -78.930054, 35.890949 ], [ -78.929642, 35.890488 ], [ -78.928467, 35.89098 ], [ -78.923737, 35.890999 ], [ -78.923119, 35.89085 ], [ -78.922615, 35.891205 ], [ -78.922531, 35.892284 ], [ -78.922302, 35.892578 ], [ -78.921005, 35.894508 ] ] ] } },
{ "type": "Feature", "properties": { "neighborhood_name": "Lakewood Park", "label_tier": 1 }, "geometry": { "type": "Polygon", "coordinates": [ [ [ -78.928413, 35.99231 ], [ -78.928543, 35.986229 ], [ -78.927017, 35.985168 ], [ -78.926483, 35.98502 ], [ -78.925629, 35.984921 ], [ -78.922523, 35.98476 ], [ -78.92202, 35.985989 ], [ -78.921913, 35.9865 ], [ -78.921501, 35.991993 ], [ -78.924995, 35.992252 ], [ -78.928413, 35.99231 ] ] ] } },
{ "type": "Feature", "properties": { "neighborhood_name": "Landon Farms", "label_tier": 3 }, "geometry": { "type": "Polygon", "coordinates": [ [ [ -78.855553, 36.020817 ], [ -78.854301, 36.01796 ], [ -78.853683, 36.018089 ], [ -78.851318, 36.018734 ], [ -78.848022, 36.01849 ], [ -78.847206, 36.017899 ], [ -78.846115, 36.018124 ], [ -78.844887, 36.021267 ], [ -78.847466, 36.022552 ], [ -78.850487, 36.023399 ], [ -78.853233, 36.022846 ], [ -78.855553, 36.020817 ] ] ] } },
{ "type": "Feature", "properties": { "neighborhood_name": "Latta Woods", "label_tier": 3 }, "geometry": { "type": "Polygon", "coordinates": [ [ [ -78.917927742004395, 36.081777324761092 ], [ -78.918195962905884, 36.081127011992621 ], [ -78.918249607086182, 36.078993948357855 ], [ -78.918142318725586, 36.07832627020737 ], [ -78.917123079299927, 36.077779983867487 ], [ -78.915824890136719, 36.077667257642439 ], [ -78.915342092514038, 36.078317599025297 ], [ -78.915095329284668, 36.081413150273406 ], [ -78.915857076644897, 36.081785995561681 ], [ -78.917927742004395, 36.081777324761092 ] ] ] } },
{ "type": "Feature", "properties": { "neighborhood_name": "Lattamoor", "label_tier": 3 }, "geometry": { "type": "Polygon", "coordinates": [ [ [ -78.930619955062866, 36.081031632334266 ], [ -78.933259248733521, 36.081187708078602 ], [ -78.933141231536865, 36.080502706674565 ], [ -78.934063911437988, 36.080537390433399 ], [ -78.934160470962524, 36.078005435832779 ], [ -78.933194875717149, 36.078022778264874 ], [ -78.933237791061401, 36.078794512621002 ], [ -78.932551145553575, 36.078699130133252 ], [ -78.932497501373291, 36.078491022485665 ], [ -78.930834531784058, 36.078456337824193 ], [ -78.93041610717772, 36.07950554206549 ], [ -78.930459022521973, 36.08039865530629 ], [ -78.930619955062866, 36.081031632334266 ] ] ] } },
{ "type": "Feature", "properties": { "neighborhood_name": "Lochaven Hills", "label_tier": 3 }, "geometry": { "type": "Polygon", "coordinates": [ [ [ -78.924646005034447, 36.07896983183506 ], [ -78.925079, 36.078491 ], [ -78.925323, 36.078114 ], [ -78.925468, 36.077709 ], [ -78.925468, 36.077442 ], [ -78.925934, 36.077438 ], [ -78.925911, 36.076855 ], [ -78.925529, 36.076797 ], [ -78.925415, 36.075863 ], [ -78.925468, 36.074917 ], [ -78.9254, 36.073605 ], [ -78.925423, 36.072594 ], [ -78.924774, 36.072544 ], [ -78.924782, 36.071964 ], [ -78.923996, 36.07196 ], [ -78.923996, 36.071701 ], [ -78.923576, 36.071674 ], [ -78.923569, 36.071987 ], [ -78.922356, 36.071999 ], [ -78.922318, 36.071323 ], [ -78.919678, 36.071411 ], [ -78.91967, 36.072079 ], [ -78.918633, 36.072113 ], [ -78.91861, 36.072304 ], [ -78.916878, 36.072308 ], [ -78.916885, 36.072861 ], [ -78.915985, 36.072815 ], [ -78.916077, 36.076057 ], [ -78.916847, 36.076015 ], [ -78.91687, 36.076492 ], [ -78.918365, 36.076542 ], [ -78.918701, 36.077255 ], [ -78.919121, 36.077137 ], [ -78.91954, 36.077084 ], [ -78.919823, 36.07708 ], [ -78.920074, 36.07711 ], [ -78.921036, 36.077419 ], [ -78.922617249190807, 36.077967228273543 ], [ -78.923540264368057, 36.078369084154993 ], [ -78.924646005034447, 36.07896983183506 ] ] ] } },
{ "type": "Feature", "properties": { "neighborhood_name": "Lochn'ora", "label_tier": 3 }, "geometry": { "type": "Polygon", "coordinates": [ [ [ -78.988853, 35.988903 ], [ -78.987892, 35.987991 ], [ -78.986862, 35.987461 ], [ -78.985748, 35.987427 ], [ -78.98465, 35.987251 ], [ -78.984879, 35.986454 ], [ -78.984497, 35.986012 ], [ -78.983414, 35.985474 ], [ -78.982193, 35.985073 ], [ -78.981506, 35.98476 ], [ -78.981392, 35.984596 ], [ -78.980843, 35.984386 ], [ -78.98111, 35.984051 ], [ -78.981064, 35.983379 ], [ -78.980087, 35.983349 ], [ -78.97892, 35.98455 ], [ -78.978745, 35.985352 ], [ -78.97892, 35.985809 ], [ -78.978996, 35.986031 ], [ -78.979179, 35.992294 ], [ -78.9813, 35.992435 ], [ -78.982633352279663, 35.992517195341833 ], [ -78.983231, 35.992416 ], [ -78.983505, 35.992321 ], [ -78.985985, 35.990952 ], [ -78.988396, 35.989441 ], [ -78.988693, 35.98912 ], [ -78.988853, 35.988903 ] ] ] } },
{ "type": "Feature", "properties": { "neighborhood_name": "Lochside", "label_tier": 3 }, "geometry": { "type": "Polygon", "coordinates": [ [ [ -78.905243, 35.92812 ], [ -78.902214, 35.927395 ], [ -78.900757, 35.927341 ], [ -78.899582, 35.926922 ], [ -78.898781, 35.928059 ], [ -78.898773, 35.92878 ], [ -78.898026, 35.928776 ], [ -78.898109, 35.932201 ], [ -78.901001, 35.932186 ], [ -78.902756, 35.932152 ], [ -78.902863, 35.932793 ], [ -78.90387, 35.932846 ], [ -78.903847, 35.934074 ], [ -78.904961, 35.934902 ], [ -78.905174, 35.934563 ], [ -78.905296, 35.934269 ], [ -78.905128, 35.929657 ], [ -78.905144, 35.928928 ], [ -78.905243, 35.92812 ] ] ] } },
{ "type": "Feature", "properties": { "neighborhood_name": "Long Meadow", "label_tier": 3 }, "geometry": { "type": "Polygon", "coordinates": [ [ [ -78.921921, 35.986507 ], [ -78.922028, 35.985992 ], [ -78.922188, 35.985592 ], [ -78.922523, 35.984764 ], [ -78.925629, 35.984921 ], [ -78.925835, 35.983437 ], [ -78.925858, 35.982361 ], [ -78.926338, 35.978558 ], [ -78.926331, 35.977619 ], [ -78.924637, 35.97411 ], [ -78.922729, 35.97543 ], [ -78.920853, 35.976479 ], [ -78.920349, 35.980751 ], [ -78.920265957713127, 35.986419356674389 ], [ -78.921921, 35.986507 ] ] ] } },
{ "type": "Feature", "properties": { "neighborhood_name": "Lyon Park", "label_tier": 2 }, "geometry": { "type": "Polygon", "coordinates": [ [ [ -78.921509, 35.991997 ], [ -78.921921, 35.986511 ], [ -78.920266628265381, 35.986418814092829 ], [ -78.918503411114216, 35.986370524317493 ], [ -78.91667783260344, 35.987250587269564 ], [ -78.915744423866272, 35.989342189481896 ], [ -78.915736377239227, 35.98963083165863 ], [ -78.914832808077335, 35.98966338522132 ], [ -78.914779163897023, 35.990490512486545 ], [ -78.914670869708061, 35.990490241209763 ], [ -78.914669193327427, 35.990761788808967 ], [ -78.914904892444596, 35.990765857946684 ], [ -78.914886452257633, 35.991716402770223 ], [ -78.91563411802052, 35.991741359843012 ], [ -78.921509, 35.991997 ] ] ] } },
{ "type": "Feature", "properties": { "neighborhood_name": "Marbry Landing", "label_tier": 3 }, "geometry": { "type": "Polygon", "coordinates": [ [ [ -78.800934, 35.988499 ], [ -78.801476, 35.988487 ], [ -78.801476, 35.988846 ], [ -78.802345, 35.989033 ], [ -78.802094, 35.989567 ], [ -78.802422, 35.990238 ], [ -78.802696, 35.990299 ], [ -78.802513, 35.990864 ], [ -78.802872, 35.99123 ], [ -78.802994, 35.992466 ], [ -78.801613, 35.992535 ], [ -78.801682, 35.99321 ], [ -78.802475, 35.993187 ], [ -78.802544, 35.993843 ], [ -78.803032, 35.994381 ], [ -78.803879, 35.994068 ], [ -78.805527, 35.994148 ], [ -78.805687, 35.988503 ], [ -78.805122, 35.988453 ], [ -78.803749, 35.988739 ], [ -78.802231, 35.987652 ], [ -78.800865, 35.987675 ], [ -78.800934, 35.988499 ] ] ] } },
{ "type": "Feature", "properties": { "neighborhood_name": "Mary Dell", "label_tier": 3 }, "geometry": { "type": "Polygon", "coordinates": [ [ [ -78.970169, 35.937 ], [ -78.970177, 35.932083 ], [ -78.970589, 35.931286 ], [ -78.969688, 35.930679 ], [ -78.961243, 35.933956 ], [ -78.961761, 35.934902 ], [ -78.962463, 35.936089 ], [ -78.963104, 35.937019 ], [ -78.970169, 35.937 ] ] ] } },
{ "type": "Feature", "properties": { "neighborhood_name": "Meadows of Pagehurst", "label_tier": 3 }, "geometry": { "type": "Polygon", "coordinates": [ [ [ -78.816635, 35.925999 ], [ -78.81868, 35.921646 ], [ -78.817429, 35.921597 ], [ -78.815338, 35.921745 ], [ -78.812927, 35.922161 ], [ -78.812836, 35.926018 ], [ -78.816635, 35.925999 ] ] ] } },
{ "type": "Feature", "properties": { "neighborhood_name": "Merrick Moore", "label_tier": 3 }, "geometry": { "type": "Polygon", "coordinates": [ [ [ -78.859482, 36.007179 ], [ -78.860039, 36.005039 ], [ -78.8592, 36.004692 ], [ -78.859016, 36.004189 ], [ -78.858444, 36.003834 ], [ -78.855194, 36.003849 ], [ -78.854164, 36.003666 ], [ -78.854111, 36.003189 ], [ -78.854507, 36.001923 ], [ -78.853813, 36.001766 ], [ -78.853256, 36.00206 ], [ -78.851334, 36.001972 ], [ -78.850281, 36.001602 ], [ -78.849533, 36.001991 ], [ -78.849899, 36.006512 ], [ -78.855392, 36.007362 ], [ -78.855858, 36.007156 ], [ -78.859482, 36.007179 ] ] ] } },
{ "type": "Feature", "properties": { "neighborhood_name": "Milan Woods", "label_tier": 3 }, "geometry": { "type": "Polygon", "coordinates": [ [ [ -78.858604, 36.010227 ], [ -78.859215, 36.008339 ], [ -78.859474, 36.007175 ], [ -78.855858, 36.007156 ], [ -78.855392, 36.007362 ], [ -78.849899, 36.006512 ], [ -78.848747, 36.010445 ], [ -78.854691, 36.0116 ], [ -78.856911, 36.011532 ], [ -78.857956, 36.011475 ], [ -78.858208, 36.010963 ], [ -78.857361, 36.010815 ], [ -78.857651, 36.010227 ], [ -78.858604, 36.010227 ] ] ] } },
{ "type": "Feature", "properties": { "neighborhood_name": "Morehead Hill", "label_tier": 2 }, "geometry": { "type": "Polygon", "coordinates": [ [ [ -78.914904892444596, 35.990765857946684 ], [ -78.9146688580513, 35.990761517533095 ], [ -78.914671540260315, 35.990490241209763 ], [ -78.914778828620911, 35.990490241209763 ], [ -78.914832472801208, 35.98966338522132 ], [ -78.915736377239227, 35.98963083165863 ], [ -78.915744088590145, 35.989341918201141 ], [ -78.91667783260344, 35.987250044693702 ], [ -78.918502740561962, 35.986370253026507 ], [ -78.918582201004028, 35.98562094384625 ], [ -78.918346166610718, 35.985576994281658 ], [ -78.917488195002079, 35.98555529078395 ], [ -78.917498588562012, 35.985303258479512 ], [ -78.916811607778072, 35.985286166916282 ], [ -78.916841112077236, 35.984954101524167 ], [ -78.915168084204197, 35.984949489495001 ], [ -78.915130533277988, 35.985084052117742 ], [ -78.914424441754818, 35.98512338993789 ], [ -78.913067914545536, 35.985082153050065 ], [ -78.912751413881779, 35.984651877395365 ], [ -78.912565670907497, 35.984350466002688 ], [ -78.912483863532543, 35.983827944514687 ], [ -78.912388645112514, 35.983878948841408 ], [ -78.912279680371284, 35.983906350088411 ], [ -78.912225030362606, 35.98391096217857 ], [ -78.912121765315533, 35.983891971217403 ], [ -78.912064097821712, 35.983872166353052 ], [ -78.911876678466797, 35.984126916215345 ], [ -78.908824324607849, 35.986596780650125 ], [ -78.908228874206543, 35.988545705215813 ], [ -78.90831470489502, 35.989083929797005 ], [ -78.908400535583496, 35.989426829026613 ], [ -78.908389806747437, 35.989956366681014 ], [ -78.908958435058594, 35.989965047596556 ], [ -78.908963799476624, 35.990299262118583 ], [ -78.908840082585812, 35.992560327231338 ], [ -78.908787108957767, 35.995485645119906 ], [ -78.910319656133652, 35.995490527792747 ], [ -78.910255953669548, 35.99649906451539 ], [ -78.91027707606554, 35.996956129762459 ], [ -78.912201, 35.996941 ], [ -78.914327882230282, 35.996860919356713 ], [ -78.914328217506409, 35.996410363712464 ], [ -78.914625942707062, 35.996403853557879 ], [ -78.914649747312069, 35.995512771076314 ], [ -78.914604485034943, 35.995511957297758 ], [ -78.914593756198883, 35.995112662273122 ], [ -78.914757370948792, 35.995108322098687 ], [ -78.914752006530762, 35.994372659084121 ], [ -78.914628624916077, 35.994372659084121 ], [ -78.914639353752136, 35.994025441118595 ], [ -78.914752006530762, 35.992729870593593 ], [ -78.914918303489685, 35.992634383816807 ], [ -78.914934396743774, 35.992462941359292 ], [ -78.914883434772491, 35.992306689681079 ], [ -78.914886116981506, 35.991716402770223 ], [ -78.914904892444596, 35.990765857946684 ] ] ] } },
{ "type": "Feature", "properties": { "neighborhood_name": "Newhall Village", "label_tier": 3 }, "geometry": { "type": "Polygon", "coordinates": [ [ [ -78.911591, 35.879894 ], [ -78.912064, 35.879829 ], [ -78.912216, 35.879459 ], [ -78.912041, 35.879311 ], [ -78.912552, 35.878281 ], [ -78.912155, 35.877975 ], [ -78.910545, 35.877937 ], [ -78.910332, 35.878117 ], [ -78.910233, 35.879044 ], [ -78.910385, 35.879349 ], [ -78.911026, 35.879459 ], [ -78.910973, 35.87981 ], [ -78.911591, 35.879894 ] ] ] } },
{ "type": "Feature", "properties": { "neighborhood_name": "Myers Park/Beechgrove", "label_tier": 3 }, "geometry": { "type": "Polygon", "coordinates": [ [ [ -78.981537, 36.049961 ], [ -78.981842, 36.049469 ], [ -78.982628, 36.045738 ], [ -78.982567, 36.045471 ], [ -78.981667, 36.045521 ], [ -78.981667, 36.04562 ], [ -78.973984, 36.04549 ], [ -78.973099, 36.046452 ], [ -78.971962, 36.046928 ], [ -78.971397, 36.047649 ], [ -78.970711, 36.047935 ], [ -78.970863, 36.048218 ], [ -78.970284, 36.048477 ], [ -78.971062, 36.049583 ], [ -78.971451, 36.049438 ], [ -78.971893, 36.049583 ], [ -78.974266, 36.053116 ], [ -78.974503, 36.053001 ], [ -78.98098, 36.050369 ], [ -78.981293, 36.050179 ], [ -78.981537, 36.049961 ] ] ] } },
{ "type": "Feature", "properties": { "neighborhood_name": "Nancy Rhodes Creek", "label_tier": 3 }, "geometry": { "type": "Polygon", "coordinates": [ [ [ -78.956766128540039, 36.061138110241608 ], [ -78.978567123413086, 36.060374875798757 ], [ -78.978836685419083, 36.060193823360187 ], [ -78.976981602609158, 36.058551322625 ], [ -78.976272828876972, 36.057812186108983 ], [ -78.975661955773816, 36.057010972715176 ], [ -78.974777162075043, 36.055328018561049 ], [ -78.973899744451046, 36.055659787536463 ], [ -78.973060548305511, 36.054789975215115 ], [ -78.973412252962589, 36.054562559314604 ], [ -78.972930796444416, 36.054031287188984 ], [ -78.973663039505482, 36.053631204384331 ], [ -78.97302970290184, 36.052700109495568 ], [ -78.972571715712547, 36.052897985022419 ], [ -78.972298130393028, 36.052581926066892 ], [ -78.972770869731903, 36.052329836967822 ], [ -78.972503989934921, 36.051921884618523 ], [ -78.971976935863495, 36.052120304231259 ], [ -78.971206806600094, 36.051170216713011 ], [ -78.971816673874855, 36.050892100479359 ], [ -78.971572928130612, 36.050541336498895 ], [ -78.971038162708282, 36.05076957722644 ], [ -78.96984089165926, 36.049178926181803 ], [ -78.969253823161125, 36.049529967306924 ], [ -78.968948051333427, 36.049239917995422 ], [ -78.967140913009644, 36.051224159221547 ], [ -78.964126110076904, 36.04961074720525 ], [ -78.961122035980225, 36.049862302867744 ], [ -78.958632946014404, 36.049706164964967 ], [ -78.955511525273323, 36.049758210966964 ], [ -78.955510854721069, 36.051978266198695 ], [ -78.955360986292362, 36.053279910488776 ], [ -78.956766128540039, 36.061138110241608 ] ] ] } },
{ "type": "Feature", "properties": { "neighborhood_name": "North Durham Community", "label_tier": 3 }, "geometry": { "type": "Polygon", "coordinates": [ [ [ -78.956573, 36.076035 ], [ -78.955482, 36.075962 ], [ -78.953407, 36.075932 ], [ -78.952682, 36.076008 ], [ -78.95182, 36.076221 ], [ -78.949791, 36.077042 ], [ -78.94825, 36.078171 ], [ -78.945702, 36.07943 ], [ -78.942543, 36.081951 ], [ -78.942131, 36.082191 ], [ -78.942413, 36.082699 ], [ -78.94397, 36.08247 ], [ -78.946129, 36.08149 ], [ -78.94603, 36.08707 ], [ -78.947861, 36.087681 ], [ -78.951012, 36.089157 ], [ -78.951836, 36.086887 ], [ -78.95208, 36.085705 ], [ -78.952995, 36.084377 ], [ -78.953239, 36.08226 ], [ -78.954269, 36.081528 ], [ -78.955856, 36.081532 ], [ -78.956573, 36.076035 ] ] ] } },
{ "type": "Feature", "properties": { "neighborhood_name": "North Carolina Central University", "label_tier": 2 }, "geometry": { "type": "Polygon", "coordinates": [ [ [ -78.898004293441758, 35.977190046939981 ], [ -78.89806866645813, 35.976929576892537 ], [ -78.898969888687134, 35.976912212192161 ], [ -78.899034261703491, 35.97643468143427 ], [ -78.89955997467041, 35.976417316624989 ], [ -78.899517059326172, 35.977363693160733 ], [ -78.900589942932129, 35.977363693160733 ], [ -78.900955, 35.976429 ], [ -78.902735710144043, 35.976425999030099 ], [ -78.905321359634399, 35.976408634218913 ], [ -78.905364274978638, 35.974897881021818 ], [ -78.902735710144043, 35.97479369008029 ], [ -78.902724981307983, 35.974550577348566 ], [ -78.901190757751465, 35.974541894737172 ], [ -78.901083469390869, 35.973925426885884 ], [ -78.901995420455933, 35.973942792243363 ], [ -78.901995420455933, 35.973499974434191 ], [ -78.901029825210571, 35.973482608979282 ], [ -78.900879621505737, 35.972892181239644 ], [ -78.900879621505737, 35.972275700504717 ], [ -78.901201486587524, 35.971207701358047 ], [ -78.9004611968994, 35.97119033539888 ], [ -78.900407552719116, 35.971711312511992 ], [ -78.896909952163696, 35.971615800298622 ], [ -78.896889, 35.971214 ], [ -78.896909952163696, 35.970756185178296 ], [ -78.897660970687852, 35.970730136089131 ], [ -78.897693157196045, 35.970339398720284 ], [ -78.896899223327637, 35.970330715645702 ], [ -78.896834850311279, 35.969227957408329 ], [ -78.895279169082642, 35.96923664060423 ], [ -78.894875, 35.971024 ], [ -78.893486, 35.975254 ], [ -78.895536661148071, 35.975818228365611 ], [ -78.895171880722046, 35.976842753352372 ], [ -78.897006511688232, 35.977389740060907 ], [ -78.89707088470459, 35.977163999973925 ], [ -78.898004293441758, 35.977190046939981 ] ] ] } },
{ "type": "Feature", "properties": { "neighborhood_name": "Northeast Hills", "label_tier": 3 }, "geometry": { "type": "Polygon", "coordinates": [ [ [ -78.866829, 36.01075 ], [ -78.862762, 36.008129 ], [ -78.862503, 36.005592 ], [ -78.861641, 36.005489 ], [ -78.860039, 36.005047 ], [ -78.859474, 36.007179 ], [ -78.859222, 36.008335 ], [ -78.858604, 36.010227 ], [ -78.857651, 36.010227 ], [ -78.857361, 36.010818 ], [ -78.858208, 36.010967 ], [ -78.857964, 36.011478 ], [ -78.856926, 36.011532 ], [ -78.854691, 36.0116 ], [ -78.848747, 36.010445 ], [ -78.847679, 36.013874 ], [ -78.851456, 36.014603 ], [ -78.851326, 36.018734 ], [ -78.853683, 36.018089 ], [ -78.857483, 36.017277 ], [ -78.8619, 36.015263 ], [ -78.863556, 36.014004 ], [ -78.866829, 36.01075 ] ] ] } },
{ "type": "Feature", "properties": { "neighborhood_name": "Northgate Park", "label_tier": 2 }, "geometry": { "type": "Polygon", "coordinates": [ [ [ -78.904091, 36.016842 ], [ -78.902939, 36.016819 ], [ -78.902946, 36.016418 ], [ -78.902222, 36.016418 ], [ -78.902222, 36.015541 ], [ -78.90023, 36.015411 ], [ -78.899933, 36.016022 ], [ -78.899193, 36.016491 ], [ -78.898872, 36.016811 ], [ -78.897583, 36.01754 ], [ -78.891579, 36.015072 ], [ -78.890998363494873, 36.01487967846677 ], [ -78.890622854232788, 36.016337597992823 ], [ -78.890590667724595, 36.01677149740614 ], [ -78.890708684921265, 36.016780175370023 ], [ -78.890687227249146, 36.017435358885045 ], [ -78.890671133995056, 36.018060164580461 ], [ -78.890467286109924, 36.018047147845657 ], [ -78.890445828437805, 36.018537443371677 ], [ -78.890756964683533, 36.018533104486615 ], [ -78.890724778175354, 36.019062446703487 ], [ -78.890982270240784, 36.019079802125809 ], [ -78.890966176986694, 36.019669884210522 ], [ -78.890520930290222, 36.019652528918172 ], [ -78.890526294708252, 36.020246945505328 ], [ -78.890628218650818, 36.020290333401796 ], [ -78.89056921005249, 36.02154857200766 ], [ -78.890510201454148, 36.023470601160206 ], [ -78.890483379364014, 36.024711434805695 ], [ -78.890478014945984, 36.025366552379673 ], [ -78.890703320503235, 36.025383906413545 ], [ -78.890697956085205, 36.025822094501699 ], [ -78.890494108200073, 36.025839448435242 ], [ -78.890472650527954, 36.026550956418383 ], [ -78.890349268913255, 36.026559633305332 ], [ -78.890419006347656, 36.027253781166316 ], [ -78.89057457447052, 36.027271134784471 ], [ -78.89056384563446, 36.027665928564979 ], [ -78.890655040740967, 36.028056382006369 ], [ -78.890537023544312, 36.028073735447734 ], [ -78.89081597328186, 36.029266775376556 ], [ -78.891389966011047, 36.029197362639366 ], [ -78.891481161117554, 36.029757001091646 ], [ -78.891089558601379, 36.029822075072268 ], [ -78.891132473945618, 36.030147444168961 ], [ -78.890756964683533, 36.030208179584832 ], [ -78.89082670211792, 36.03047715014938 ], [ -78.89624, 36.029751 ], [ -78.896339, 36.02969 ], [ -78.89595, 36.028561 ], [ -78.900032, 36.028931 ], [ -78.900612, 36.028931 ], [ -78.901993, 36.028782 ], [ -78.90274, 36.028801 ], [ -78.903023, 36.02927 ], [ -78.903511, 36.029411 ], [ -78.90374, 36.030281 ], [ -78.90403, 36.030991 ], [ -78.905533, 36.031052 ], [ -78.90551, 36.02338 ], [ -78.905243, 36.020481 ], [ -78.90522, 36.01894 ], [ -78.905441, 36.01688 ], [ -78.904091, 36.016842 ] ] ] } },
{ "type": "Feature", "properties": { "neighborhood_name": "Oak Grove Community", "label_tier": 3 }, "geometry": { "type": "Polygon", "coordinates": [ [ [ -78.805519, 35.978439 ], [ -78.807281, 35.97863 ], [ -78.807053, 35.976898 ], [ -78.807182, 35.970631 ], [ -78.806, 35.970619 ], [ -78.804031, 35.967999 ], [ -78.804932, 35.96685 ], [ -78.803207, 35.965832 ], [ -78.799332, 35.96595 ], [ -78.799309, 35.968208 ], [ -78.798553, 35.969009 ], [ -78.795258, 35.96928 ], [ -78.795456, 35.970688 ], [ -78.795403, 35.972343 ], [ -78.796112, 35.97316 ], [ -78.798187, 35.971802 ], [ -78.79834, 35.972481 ], [ -78.800461, 35.974701 ], [ -78.79937, 35.977711 ], [ -78.802223, 35.978161 ], [ -78.805519, 35.978439 ] ] ] } },
{ "type": "Feature", "properties": { "neighborhood_name": "Oakhaven", "label_tier": 3 }, "geometry": { "type": "Polygon", "coordinates": [ [ [ -78.934792, 35.891258 ], [ -78.934708, 35.890579 ], [ -78.935242, 35.889832 ], [ -78.93486, 35.889 ], [ -78.933098, 35.888962 ], [ -78.932022, 35.890018 ], [ -78.930801, 35.890072 ], [ -78.930794, 35.890923 ], [ -78.930801, 35.891399 ], [ -78.934792, 35.891258 ] ] ] } },
{ "type": "Feature", "properties": { "neighborhood_name": "Oakhurst", "label_tier": 3 }, "geometry": { "type": "Polygon", "coordinates": [ [ [ -78.930794, 35.890923 ], [ -78.930801, 35.889259 ], [ -78.930946, 35.888489 ], [ -78.931686, 35.88559 ], [ -78.930199, 35.885311 ], [ -78.929611, 35.887821 ], [ -78.92907, 35.887939 ], [ -78.928947, 35.888531 ], [ -78.928322, 35.888371 ], [ -78.928177, 35.888672 ], [ -78.927773, 35.88905 ], [ -78.928452, 35.889381 ], [ -78.928467, 35.89098 ], [ -78.929642, 35.890491 ], [ -78.930054, 35.890949 ], [ -78.930794, 35.890923 ] ] ] } },
{ "type": "Feature", "properties": { "neighborhood_name": "Old East Durham", "label_tier": 1 }, "geometry": { "type": "Polygon", "coordinates": [ [ [ -78.882607, 35.986622 ], [ -78.882652, 35.98418 ], [ -78.88269, 35.984051 ], [ -78.882622, 35.983971 ], [ -78.883339, 35.982231 ], [ -78.88382, 35.981491 ], [ -78.875603, 35.978031 ], [ -78.875359, 35.979061 ], [ -78.875092, 35.980942 ], [ -78.87484, 35.990391 ], [ -78.87468, 35.991581 ], [ -78.873894, 35.993889 ], [ -78.876411, 35.994431 ], [ -78.881805, 35.994465 ], [ -78.881882, 35.994171 ], [ -78.882332, 35.99403 ], [ -78.882462, 35.99255 ], [ -78.882393, 35.989071 ], [ -78.882607, 35.986622 ] ] ] } },
{ "type": "Feature", "properties": { "neighborhood_name": "Old Farm", "label_tier": 3 }, "geometry": { "type": "Polygon", "coordinates": [ [ [ -78.908424, 36.070694 ], [ -78.907867, 36.069012 ], [ -78.906898, 36.067207 ], [ -78.904846, 36.064236 ], [ -78.904495, 36.064693 ], [ -78.904366, 36.065407 ], [ -78.904411, 36.066029 ], [ -78.904625, 36.066635 ], [ -78.904182, 36.066635 ], [ -78.903358, 36.066368 ], [ -78.901482, 36.065258 ], [ -78.899841, 36.064865 ], [ -78.898399, 36.063938 ], [ -78.897057, 36.064346 ], [ -78.895889, 36.066444 ], [ -78.894981, 36.068104 ], [ -78.894112, 36.069134 ], [ -78.894066, 36.073036 ], [ -78.895439, 36.073158 ], [ -78.895828, 36.073349 ], [ -78.895973, 36.073975 ], [ -78.895996, 36.075031 ], [ -78.901619, 36.075275 ], [ -78.90181, 36.075047 ], [ -78.902824, 36.072758 ], [ -78.90387, 36.07283 ], [ -78.904861, 36.073334 ], [ -78.905891, 36.073765 ], [ -78.906662, 36.073784 ], [ -78.90741, 36.073227 ], [ -78.907974, 36.072533 ], [ -78.908676, 36.072151 ], [ -78.908615, 36.071838 ], [ -78.908424, 36.070694 ] ] ] } },
{ "type": "Feature", "properties": { "neighborhood_name": "Old Five Points", "label_tier": 3 }, "geometry": { "type": "Polygon", "coordinates": [ [ [ -78.89621, 36.001617 ], [ -78.895401, 36.001209 ], [ -78.895302, 36.000931 ], [ -78.894852, 36.000919 ], [ -78.894852, 36.000858 ], [ -78.893852, 36.00034 ], [ -78.893097, 36.003208 ], [ -78.893166, 36.00322 ], [ -78.893188, 36.003159 ], [ -78.893593, 36.003235 ], [ -78.893532, 36.003445 ], [ -78.894714, 36.003712 ], [ -78.894775, 36.003506 ], [ -78.895164, 36.003551 ], [ -78.89547, 36.00351 ], [ -78.895462, 36.003017 ], [ -78.89595, 36.003017 ], [ -78.895966, 36.002487 ], [ -78.895569, 36.002487 ], [ -78.895561, 36.002247 ], [ -78.895966, 36.002251 ], [ -78.895981, 36.00198 ], [ -78.895721, 36.00198 ], [ -78.895767, 36.001823 ], [ -78.895271, 36.001823 ], [ -78.895332, 36.001667 ], [ -78.896149, 36.001678 ], [ -78.89621, 36.001617 ] ] ] } },
{ "type": "Feature", "properties": { "neighborhood_name": "Old North Durham", "label_tier": 1 }, "geometry": { "type": "Polygon", "coordinates": [ [ [ -78.885696, 36.007919 ], [ -78.887306, 36.007591 ], [ -78.888069, 36.007591 ], [ -78.889053, 36.007759 ], [ -78.891891, 36.008411 ], [ -78.894188, 36.00864 ], [ -78.895576, 36.008888 ], [ -78.896294, 36.008942 ], [ -78.900009, 36.00861 ], [ -78.900482, 36.008511 ], [ -78.90126, 36.00819 ], [ -78.901527, 36.00803 ], [ -78.902023, 36.007633 ], [ -78.902046, 36.007599 ], [ -78.90229, 36.007298 ], [ -78.902542, 36.006847 ], [ -78.903091, 36.00552 ], [ -78.901978, 36.005501 ], [ -78.903084, 36.00378 ], [ -78.901428, 36.003792 ], [ -78.901398, 36.00198 ], [ -78.900002, 36.00198 ], [ -78.899971, 36.0009 ], [ -78.89753, 36.000931 ], [ -78.897461, 36.001289 ], [ -78.897362, 36.001289 ], [ -78.897247, 36.00174 ], [ -78.897041, 36.00172 ], [ -78.897072, 36.001572 ], [ -78.896797, 36.001469 ], [ -78.896759, 36.001518 ], [ -78.896683, 36.001492 ], [ -78.896477, 36.001759 ], [ -78.89621, 36.001621 ], [ -78.896149, 36.001678 ], [ -78.895332, 36.001671 ], [ -78.895271, 36.00182 ], [ -78.895767, 36.00182 ], [ -78.895721, 36.00198 ], [ -78.895981, 36.00198 ], [ -78.895973, 36.002251 ], [ -78.895561, 36.002251 ], [ -78.895561, 36.002491 ], [ -78.895958, 36.002491 ], [ -78.895943, 36.00301 ], [ -78.895462, 36.003021 ], [ -78.89547, 36.00351 ], [ -78.895157, 36.003551 ], [ -78.894768, 36.00351 ], [ -78.894707, 36.003712 ], [ -78.893532, 36.003441 ], [ -78.893593, 36.003231 ], [ -78.893188, 36.003159 ], [ -78.893173, 36.00322 ], [ -78.89267, 36.003132 ], [ -78.892708, 36.002998 ], [ -78.892548, 36.00296 ], [ -78.892609, 36.002682 ], [ -78.892441, 36.002651 ], [ -78.892372, 36.002892 ], [ -78.892036, 36.002819 ], [ -78.891907, 36.00275 ], [ -78.891327, 36.002789 ], [ -78.891342, 36.002701 ], [ -78.890732, 36.002762 ], [ -78.890778, 36.00304 ], [ -78.890259, 36.003078 ], [ -78.890228, 36.002911 ], [ -78.889992, 36.002918 ], [ -78.889977, 36.002869 ], [ -78.889183, 36.00293 ], [ -78.88916, 36.002769 ], [ -78.88813, 36.00285 ], [ -78.888329, 36.00333 ], [ -78.888161, 36.003391 ], [ -78.887947, 36.002861 ], [ -78.885948, 36.002979 ], [ -78.886002, 36.003601 ], [ -78.885948, 36.003979 ], [ -78.885773, 36.004372 ], [ -78.885307, 36.004879 ], [ -78.884903, 36.005089 ], [ -78.885162, 36.005699 ], [ -78.885696, 36.007919 ] ] ] } },
{ "type": "Feature", "properties": { "neighborhood_name": "Old West Durham", "label_tier": 2 }, "geometry": { "type": "Polygon", "coordinates": [ [ [ -78.919281, 36.01535 ], [ -78.921669, 36.015461 ], [ -78.921669, 36.015591 ], [ -78.934639, 36.016151 ], [ -78.93541, 36.01614 ], [ -78.936241, 36.01601 ], [ -78.93615, 36.015732 ], [ -78.944702, 36.018661 ], [ -78.945541, 36.01902 ], [ -78.945572, 36.016602 ], [ -78.945961, 36.015991 ], [ -78.94352, 36.015572 ], [ -78.94117, 36.015038 ], [ -78.938622, 36.0144 ], [ -78.93721, 36.013931 ], [ -78.936211, 36.013481 ], [ -78.935371, 36.01292 ], [ -78.9347, 36.012291 ], [ -78.932129, 36.008961 ], [ -78.93087, 36.007832 ], [ -78.930031, 36.007332 ], [ -78.928429, 36.00668 ], [ -78.925529, 36.006001 ], [ -78.92408, 36.005562 ], [ -78.923271, 36.00523 ], [ -78.919281, 36.003021 ], [ -78.918167, 36.004539 ], [ -78.919861, 36.005291 ], [ -78.919281, 36.01535 ] ] ] } },
{ "type": "Feature", "properties": { "neighborhood_name": "Omah Street", "label_tier": 3 }, "geometry": { "type": "Polygon", "coordinates": [ [ [ -78.936852, 36.05685 ], [ -78.935051, 36.054821 ], [ -78.9347, 36.054131 ], [ -78.936249, 36.048 ], [ -78.936119, 36.046471 ], [ -78.935303, 36.043751 ], [ -78.935921, 36.02858 ], [ -78.934753, 36.028702 ], [ -78.925499, 36.028721 ], [ -78.928391, 36.030998 ], [ -78.928886, 36.031929 ], [ -78.929077, 36.032478 ], [ -78.929543, 36.037769 ], [ -78.929642, 36.039742 ], [ -78.929291, 36.052677 ], [ -78.929237, 36.056229 ], [ -78.929123, 36.057442 ], [ -78.935898, 36.057301 ], [ -78.936852, 36.05685 ] ] ] } },
{ "type": "Feature", "properties": { "neighborhood_name": "Orchard Ridge", "label_tier": 3 }, "geometry": { "type": "Polygon", "coordinates": [ [ [ -78.826282024383545, 35.956037080402574 ], [ -78.825252056121826, 35.9567318491005 ], [ -78.823556900024414, 35.957252921613481 ], [ -78.821861743927002, 35.95826031872452 ], [ -78.823353052139268, 35.95918954432257 ], [ -78.823964595794678, 35.958677168943062 ], [ -78.824479579925537, 35.958850855884805 ], [ -78.824243545532227, 35.959510862779908 ], [ -78.824694156646729, 35.959736653346262 ], [ -78.824543952941895, 35.960170864159522 ], [ -78.825316429138184, 35.960188232542393 ], [ -78.825294971466064, 35.959788758769896 ], [ -78.825981616973877, 35.959823495699894 ], [ -78.826282024383545, 35.956037080402574 ] ] ] } },
{ "type": "Feature", "properties": { "neighborhood_name": "Orchid Court", "label_tier": 3 }, "geometry": { "type": "Polygon", "coordinates": [ [ [ -78.929606080055237, 35.935395320792232 ], [ -78.929887712001801, 35.935734109785834 ], [ -78.930511, 35.935299 ], [ -78.93028736114502, 35.934969660767727 ], [ -78.93002450466156, 35.934739455921921 ], [ -78.929364681243896, 35.934639555497206 ], [ -78.928994536399841, 35.934995721651404 ], [ -78.92903208732605, 35.93549087680924 ], [ -78.929245, 35.935539 ], [ -78.929606080055237, 35.935395320792232 ] ] ] } },
{ "type": "Feature", "properties": { "neighborhood_name": "Pagehurst", "label_tier": 3 }, "geometry": { "type": "Polygon", "coordinates": [ [ [ -78.816628, 35.925991 ], [ -78.820107, 35.925877 ], [ -78.820084, 35.925159 ], [ -78.820259, 35.924446 ], [ -78.821274, 35.923176 ], [ -78.820328, 35.921928 ], [ -78.820549, 35.921501 ], [ -78.818672, 35.921638 ], [ -78.816628, 35.925991 ] ] ] } },
{ "type": "Feature", "properties": { "neighborhood_name": "Parc at University", "label_tier": 3 }, "geometry": { "type": "Polygon", "coordinates": [ [ [ -78.95372, 35.974201 ], [ -78.954376, 35.973831 ], [ -78.954903, 35.97361 ], [ -78.955261, 35.973518 ], [ -78.957092, 35.97353 ], [ -78.957062, 35.972889 ], [ -78.956688, 35.97274 ], [ -78.95694, 35.97213 ], [ -78.956581, 35.971432 ], [ -78.954712, 35.97184 ], [ -78.953262, 35.9725 ], [ -78.9533, 35.97377 ], [ -78.95372, 35.974201 ] ] ] } },
{ "type": "Feature", "properties": { "neighborhood_name": "Park Ridge", "label_tier": 3 }, "geometry": { "type": "Polygon", "coordinates": [ [ [ -78.951492, 35.916779 ], [ -78.950745, 35.91608 ], [ -78.949013, 35.916798 ], [ -78.948235, 35.916756 ], [ -78.948158, 35.917439 ], [ -78.945389, 35.917339 ], [ -78.945114, 35.917015 ], [ -78.944603, 35.916897 ], [ -78.944366, 35.918941 ], [ -78.949165, 35.919327 ], [ -78.951492, 35.916779 ] ] ] } },
{ "type": "Feature", "properties": { "neighborhood_name": "Parkside", "label_tier": 3 }, "geometry": { "type": "Polygon", "coordinates": [ [ [ -78.92189, 35.973915 ], [ -78.92112, 35.973118 ], [ -78.919807, 35.972218 ], [ -78.919952, 35.971741 ], [ -78.919876, 35.971519 ], [ -78.919434, 35.971287 ], [ -78.919052, 35.971237 ], [ -78.918182, 35.970749 ], [ -78.918427, 35.970585 ], [ -78.91806, 35.970421 ], [ -78.917946, 35.970406 ], [ -78.917717, 35.970242 ], [ -78.917603, 35.970226 ], [ -78.916725, 35.969891 ], [ -78.916611, 35.969791 ], [ -78.916443, 35.969761 ], [ -78.916252, 35.969547 ], [ -78.916176, 35.969555 ], [ -78.915794, 35.969212 ], [ -78.915604, 35.970058 ], [ -78.915375, 35.970749 ], [ -78.915833, 35.970699 ], [ -78.916023, 35.97073 ], [ -78.916084, 35.971161 ], [ -78.91626, 35.971138 ], [ -78.916504, 35.972862 ], [ -78.916862, 35.973465 ], [ -78.917099, 35.97382 ], [ -78.916931, 35.973896 ], [ -78.917206, 35.974312 ], [ -78.917519, 35.974178 ], [ -78.919281, 35.973965 ], [ -78.920303, 35.973904 ], [ -78.920715, 35.973976 ], [ -78.920967, 35.974117 ], [ -78.921776, 35.97422 ], [ -78.92189, 35.973915 ] ] ] } },
{ "type": "Feature", "properties": { "neighborhood_name": "Parkwood", "label_tier": 2 }, "geometry": { "type": "Polygon", "coordinates": [ [ [ -78.90876, 35.903 ], [ -78.912201, 35.904049 ], [ -78.912262, 35.903118 ], [ -78.912621, 35.903 ], [ -78.912621, 35.901798 ], [ -78.912392, 35.90147 ], [ -78.912178, 35.90144 ], [ -78.912148, 35.900791 ], [ -78.912743, 35.900478 ], [ -78.913231, 35.899872 ], [ -78.913872, 35.899849 ], [ -78.913948, 35.899288 ], [ -78.915131, 35.899391 ], [ -78.91507, 35.899738 ], [ -78.918381, 35.899738 ], [ -78.918404, 35.89872 ], [ -78.9198, 35.898628 ], [ -78.920357, 35.8974 ], [ -78.922829, 35.897839 ], [ -78.923851, 35.897678 ], [ -78.923782, 35.89687 ], [ -78.923409, 35.896141 ], [ -78.922737, 35.89558 ], [ -78.921883, 35.89521 ], [ -78.921356, 35.894871 ], [ -78.920998, 35.894508 ], [ -78.920227, 35.895031 ], [ -78.918961, 35.894901 ], [ -78.91642, 35.894531 ], [ -78.915733, 35.894501 ], [ -78.915382, 35.89476 ], [ -78.915199, 35.89529 ], [ -78.9133, 35.893829 ], [ -78.912338, 35.893532 ], [ -78.912018, 35.892639 ], [ -78.911858, 35.890888 ], [ -78.916641, 35.890781 ], [ -78.916107, 35.884899 ], [ -78.915421, 35.883018 ], [ -78.915337, 35.881691 ], [ -78.912262, 35.881672 ], [ -78.912018, 35.881081 ], [ -78.911232, 35.880829 ], [ -78.911491, 35.88018 ], [ -78.911591, 35.879894 ], [ -78.910973, 35.87981 ], [ -78.911026, 35.879459 ], [ -78.910263, 35.879326 ], [ -78.910042, 35.879883 ], [ -78.907242, 35.879833 ], [ -78.907242, 35.882748 ], [ -78.904182, 35.882931 ], [ -78.904198, 35.884499 ], [ -78.904121, 35.887348 ], [ -78.90255, 35.895088 ], [ -78.902473, 35.897919 ], [ -78.905098, 35.90144 ], [ -78.905724, 35.901588 ], [ -78.905746, 35.902699 ], [ -78.907509, 35.90276 ], [ -78.90876, 35.903 ] ] ] } },
{ "type": "Feature", "properties": { "neighborhood_name": "Penrith", "label_tier": 3 }, "geometry": { "type": "Polygon", "coordinates": [ [ [ -78.910042, 35.924141 ], [ -78.90995, 35.915741 ], [ -78.90847, 35.9161 ], [ -78.902351, 35.916012 ], [ -78.901253, 35.915661 ], [ -78.891541, 35.915352 ], [ -78.88913, 35.92807 ], [ -78.890991, 35.9282 ], [ -78.893211, 35.9282 ], [ -78.894112, 35.928341 ], [ -78.89476, 35.928692 ], [ -78.897873, 35.92878 ], [ -78.898499, 35.927582 ], [ -78.898262, 35.926991 ], [ -78.898628, 35.92561 ], [ -78.899773, 35.925072 ], [ -78.900848, 35.924171 ], [ -78.900658, 35.9249 ], [ -78.901108, 35.925072 ], [ -78.900162, 35.925758 ], [ -78.902199, 35.927391 ], [ -78.905243, 35.928116 ], [ -78.905228, 35.925369 ], [ -78.907211, 35.92569 ], [ -78.907478, 35.927029 ], [ -78.907501, 35.928501 ], [ -78.907852, 35.928902 ], [ -78.91066, 35.928921 ], [ -78.910881, 35.928082 ], [ -78.910912, 35.925571 ], [ -78.911201, 35.92469 ], [ -78.911743, 35.92424 ], [ -78.910042, 35.924141 ] ] ] } },
{ "type": "Feature", "properties": { "neighborhood_name": "Pine Valley", "label_tier": 3 }, "geometry": { "type": "Polygon", "coordinates": [ [ [ -78.918882608413696, 36.07818753117899 ], [ -78.918678760528564, 36.080875556280155 ], [ -78.919140100479126, 36.081985423711032 ], [ -78.920674324035645, 36.081916057455587 ], [ -78.921071290969849, 36.083121287437891 ], [ -78.922069072723389, 36.084127076733608 ], [ -78.924397230148315, 36.083693548442575 ], [ -78.924515247344971, 36.086251330803037 ], [ -78.925513029098511, 36.087629897628489 ], [ -78.928817510604858, 36.087725269282025 ], [ -78.932733535766602, 36.087733939426606 ], [ -78.932561874389648, 36.086025902481403 ], [ -78.931488990783691, 36.084560602634028 ], [ -78.932186365127563, 36.084343839982651 ], [ -78.931542634963975, 36.083216664561263 ], [ -78.93041610717772, 36.083632854291061 ], [ -78.929632902145386, 36.082696424300821 ], [ -78.929439783096313, 36.080546061370704 ], [ -78.925931453704834, 36.079600923575057 ], [ -78.924646005034447, 36.078970102807247 ], [ -78.92354059964417, 36.078369626103573 ], [ -78.922617249190807, 36.077967499249219 ], [ -78.921827673912048, 36.077693813354252 ], [ -78.921242952346802, 36.078421653147423 ], [ -78.918882608413696, 36.07818753117899 ] ] ] } },
{ "type": "Feature", "properties": { "neighborhood_name": "Placid Valley", "label_tier": 3 }, "geometry": { "type": "Polygon", "coordinates": [ [ [ -78.964104, 36.070503 ], [ -78.96389, 36.069801 ], [ -78.96286, 36.06847 ], [ -78.962021, 36.06768 ], [ -78.959961, 36.067001 ], [ -78.958511, 36.067242 ], [ -78.95845, 36.071301 ], [ -78.958031, 36.073391 ], [ -78.958389, 36.07449 ], [ -78.95829, 36.07531 ], [ -78.958061, 36.076141 ], [ -78.959435, 36.076256 ], [ -78.959969, 36.07534 ], [ -78.961426, 36.07518 ], [ -78.962631, 36.073261 ], [ -78.96315, 36.071911 ], [ -78.964104, 36.070503 ] ] ] } },
{ "type": "Feature", "properties": { "neighborhood_name": "Pleasant Drive", "label_tier": 3 }, "geometry": { "type": "Polygon", "coordinates": [ [ [ -78.861069, 35.968372 ], [ -78.856346, 35.962608 ], [ -78.847855, 35.962624 ], [ -78.843094, 35.962784 ], [ -78.842293, 35.966614 ], [ -78.839722, 35.967579 ], [ -78.838387, 35.967552 ], [ -78.838394, 35.966717 ], [ -78.835838, 35.966812 ], [ -78.83577, 35.967327 ], [ -78.834373, 35.967628 ], [ -78.834511, 35.968063 ], [ -78.834335, 35.969669 ], [ -78.835777, 35.969669 ], [ -78.8358, 35.969063 ], [ -78.837074, 35.96909 ], [ -78.837143, 35.968136 ], [ -78.839424, 35.968185 ], [ -78.839836, 35.968159 ], [ -78.840317, 35.967995 ], [ -78.840424, 35.968239 ], [ -78.842674, 35.968369 ], [ -78.844994, 35.968723 ], [ -78.848534, 35.967159 ], [ -78.8498, 35.968876 ], [ -78.85347, 35.969452 ], [ -78.861069, 35.968372 ] ] ] } },
{ "type": "Feature", "properties": { "neighborhood_name": "Pleasant Green Woods", "label_tier": 3 }, "geometry": { "type": "Polygon", "coordinates": [ [ [ -78.99470329284668, 36.064364428590025 ], [ -78.997321128845215, 36.064884790127053 ], [ -78.997278213500977, 36.066688683475199 ], [ -79.000368118286133, 36.06675806316256 ], [ -79.003329277038574, 36.06120749482384 ], [ -79.008135795593262, 36.061068725598176 ], [ -79.010581970214844, 36.056489203856053 ], [ -79.004745483398438, 36.054997332406245 ], [ -79.001913070678711, 36.052152289859734 ], [ -78.995261192321777, 36.052082897293339 ], [ -78.992557525634751, 36.055066722403105 ], [ -78.992257118225098, 36.059021851091998 ], [ -78.994488716125488, 36.059681019880969 ], [ -78.995604515075684, 36.062213564390795 ], [ -78.99470329284668, 36.064364428590025 ] ] ] } },
{ "type": "Feature", "properties": { "neighborhood_name": "Preston Avenue", "label_tier": 3 }, "geometry": { "type": "Polygon", "coordinates": [ [ [ -78.926816917955875, 36.043174118564977 ], [ -78.926832675933838, 36.04280542780964 ], [ -78.927395604550838, 36.042796752712242 ], [ -78.927443884313107, 36.041586838361297 ], [ -78.926875926554203, 36.041577620927654 ], [ -78.926923535764217, 36.040684609151057 ], [ -78.927577994763851, 36.040666716279731 ], [ -78.927626609802246, 36.039804058175001 ], [ -78.927873373031616, 36.039704019587177 ], [ -78.927830457687378, 36.039313623882393 ], [ -78.927629292011261, 36.039270246462387 ], [ -78.927699029445648, 36.038699831166362 ], [ -78.926939964294434, 36.03868248006598 ], [ -78.926970474421978, 36.037952374830674 ], [ -78.926451802253723, 36.037990601823019 ], [ -78.926387764513493, 36.039287597433258 ], [ -78.925464078783989, 36.0393483258012 ], [ -78.924965858459473, 36.040545803739619 ], [ -78.926049470901489, 36.041295946478932 ], [ -78.926070593297482, 36.042497190169307 ], [ -78.926339149475098, 36.042492852603765 ], [ -78.926350213587284, 36.043173847469454 ], [ -78.926816917955875, 36.043174118564977 ] ] ] } },
{ "type": "Feature", "properties": { "neighborhood_name": "Preston Woods", "label_tier": 3 }, "geometry": { "type": "Polygon", "coordinates": [ [ [ -78.93187, 35.972534 ], [ -78.932442, 35.970791 ], [ -78.932404, 35.970131 ], [ -78.933372, 35.969891 ], [ -78.933342, 35.968151 ], [ -78.933121, 35.96743 ], [ -78.933128, 35.96682 ], [ -78.926361, 35.96682 ], [ -78.925888, 35.967121 ], [ -78.925369, 35.967529 ], [ -78.924606, 35.968533 ], [ -78.925903, 35.96933 ], [ -78.927589, 35.970322 ], [ -78.93187, 35.972534 ] ] ] } },
{ "type": "Feature", "properties": { "neighborhood_name": "Providence Ridge", "label_tier": 3 }, "geometry": { "type": "Polygon", "coordinates": [ [ [ -78.907501, 35.928501 ], [ -78.907494, 35.927029 ], [ -78.907211, 35.92569 ], [ -78.905228, 35.925369 ], [ -78.905243, 35.92812 ], [ -78.905144, 35.928928 ], [ -78.906937, 35.928822 ], [ -78.907501, 35.928501 ] ] ] } },
{ "type": "Feature", "properties": { "neighborhood_name": "Ravenstone", "label_tier": 3 }, "geometry": { "type": "Polygon", "coordinates": [ [ [ -78.793129, 35.976662 ], [ -78.794441, 35.97522 ], [ -78.796112, 35.973118 ], [ -78.795403, 35.972309 ], [ -78.795464, 35.970676 ], [ -78.79525, 35.96928 ], [ -78.795242, 35.967281 ], [ -78.790573, 35.962639 ], [ -78.788162, 35.964741 ], [ -78.787323, 35.967522 ], [ -78.788033, 35.969349 ], [ -78.789383, 35.971642 ], [ -78.789001, 35.971851 ], [ -78.788551, 35.97226 ], [ -78.787621, 35.973549 ], [ -78.787468, 35.974121 ], [ -78.787437, 35.975498 ], [ -78.787521, 35.975761 ], [ -78.793129, 35.976662 ] ] ] } },
{ "type": "Feature", "properties": { "neighborhood_name": "Ridgefield", "label_tier": 3 }, "geometry": { "type": "Polygon", "coordinates": [ [ [ -78.802335262298584, 36.01133890448606 ], [ -78.804395198822021, 36.011147975879474 ], [ -78.805768489837632, 36.010679330975378 ], [ -78.806326389312744, 36.009603172873462 ], [ -78.806841373443604, 36.009047730685772 ], [ -78.808107376098633, 36.00856171556125 ], [ -78.810811042785645, 36.008318706875414 ], [ -78.812355995178208, 36.007659108095126 ], [ -78.81317138671875, 36.006669699577436 ], [ -78.813407421112061, 36.005732353738765 ], [ -78.813385963439941, 36.004690845292529 ], [ -78.813300132751465, 36.004222162003288 ], [ -78.814866542816162, 36.00404857489287 ], [ -78.81441593170166, 36.002937608336843 ], [ -78.811647891998291, 36.003441016996952 ], [ -78.810553550720215, 36.00404857489287 ], [ -78.809502124786377, 36.0041180097829 ], [ -78.808236122131348, 36.004170085910268 ], [ -78.807249069213867, 36.004083292345527 ], [ -78.805897235870361, 36.004395748731525 ], [ -78.805961608886719, 36.004725562462397 ], [ -78.807141780853271, 36.005367827347534 ], [ -78.807570934295654, 36.005853862161345 ], [ -78.806433677673326, 36.00611423672197 ], [ -78.805811405181885, 36.006877997139327 ], [ -78.805403709411621, 36.008058339595081 ], [ -78.805167675018311, 36.008492284584598 ], [ -78.803386688232422, 36.008301349083482 ], [ -78.80218505859375, 36.008249275684754 ], [ -78.801133632659912, 36.008283991287733 ], [ -78.801219463348389, 36.008943584839905 ], [ -78.801476955413804, 36.009481670229292 ], [ -78.80192756652832, 36.010384256828637 ], [ -78.802335262298584, 36.01133890448606 ] ] ] } },
{ "type": "Feature", "properties": { "neighborhood_name": "Rigsbee Hill", "label_tier": 3 }, "geometry": { "type": "Polygon", "coordinates": [ [ [ -78.899918, 35.9981 ], [ -78.89991, 35.996944 ], [ -78.89904, 35.996929 ], [ -78.898483, 35.99757 ], [ -78.898743, 35.99781 ], [ -78.899063, 35.997978 ], [ -78.899567, 35.9981 ], [ -78.899918, 35.9981 ] ] ] } },
{ "type": "Feature", "properties": { "neighborhood_name": "River Forest", "label_tier": 3 }, "geometry": { "type": "Polygon", "coordinates": [ [ [ -78.904345035552979, 36.078811854879078 ], [ -78.908990621566772, 36.077554531255828 ], [ -78.908636569976807, 36.076392572930139 ], [ -78.908840417861938, 36.076340544543811 ], [ -78.908733129501343, 36.075820258787367 ], [ -78.90830397605896, 36.07583760170138 ], [ -78.907617330551147, 36.07399923153281 ], [ -78.906662128865719, 36.073784065705723 ], [ -78.905891329050064, 36.073765367388155 ], [ -78.904861025512218, 36.073333949899236 ], [ -78.903869949281216, 36.072829903855535 ], [ -78.902823887765393, 36.072757819587395 ], [ -78.901809677481651, 36.075047140313558 ], [ -78.901618905365467, 36.075275309963182 ], [ -78.901019096374512, 36.076696071164307 ], [ -78.900139331817613, 36.077389777015462 ], [ -78.900847434997559, 36.078152846383659 ], [ -78.902124166488647, 36.077467818540761 ], [ -78.90255331993103, 36.077684600149141 ], [ -78.902370929718018, 36.077953408513537 ], [ -78.90281081199646, 36.07818753117899 ], [ -78.903937339782715, 36.078386968455341 ], [ -78.904194831848145, 36.078517035971728 ], [ -78.904345035552979, 36.078811854879078 ] ] ] } },
{ "type": "Feature", "properties": { "neighborhood_name": "River's Edge", "label_tier": 3 }, "geometry": { "type": "Polygon", "coordinates": [ [ [ -78.953268527984619, 36.058900424660202 ], [ -78.953499197959886, 36.059917365240061 ], [ -78.955802544951439, 36.061050024258016 ], [ -78.956766463816166, 36.061138110241608 ], [ -78.9560791477561, 36.057298282921714 ], [ -78.953257799148545, 36.057321863995838 ], [ -78.952581882476807, 36.057998393872253 ], [ -78.953268527984619, 36.058900424660202 ] ] ] } },
{ "type": "Feature", "properties": { "neighborhood_name": "Rockwood", "label_tier": 2 }, "geometry": { "type": "Polygon", "coordinates": [ [ [ -78.931938, 35.973969 ], [ -78.931839, 35.97287 ], [ -78.931877, 35.972542 ], [ -78.927597, 35.970329 ], [ -78.925873, 35.969318 ], [ -78.919357, 35.965324 ], [ -78.91748, 35.966148 ], [ -78.916702, 35.966709 ], [ -78.916229, 35.9673 ], [ -78.916054, 35.967892 ], [ -78.915771, 35.9692 ], [ -78.916161, 35.969551 ], [ -78.916237, 35.969551 ], [ -78.916428, 35.969761 ], [ -78.916603, 35.969791 ], [ -78.916718, 35.969891 ], [ -78.917709, 35.970249 ], [ -78.917923, 35.970402 ], [ -78.91806, 35.970421 ], [ -78.918411, 35.97057 ], [ -78.918159, 35.970741 ], [ -78.919029, 35.97123 ], [ -78.919418, 35.971291 ], [ -78.919838, 35.971512 ], [ -78.919952, 35.971729 ], [ -78.919777, 35.972221 ], [ -78.92112, 35.973122 ], [ -78.921867, 35.9739 ], [ -78.921738, 35.97427 ], [ -78.921608, 35.97583 ], [ -78.9217, 35.976002 ], [ -78.922729, 35.975422 ], [ -78.924637, 35.97411 ], [ -78.925049, 35.974949 ], [ -78.931938, 35.973969 ] ] ] } },
{ "type": "Feature", "properties": { "neighborhood_name": "Rougemont", "label_tier": 3 }, "geometry": { "type": "Polygon", "coordinates": [ [ [ -78.929171562194824, 36.211368141544177 ], [ -78.918850421905518, 36.213791920502437 ], [ -78.918399810791016, 36.215592393412642 ], [ -78.918614387512207, 36.21782561474258 ], [ -78.917369842529297, 36.218396893680605 ], [ -78.913722038269043, 36.218344959404071 ], [ -78.91404390335083, 36.222309176716813 ], [ -78.912992477416992, 36.222239934470153 ], [ -78.912863731384277, 36.225321155120497 ], [ -78.916468620300293, 36.225459634097234 ], [ -78.917520046234131, 36.225788520684304 ], [ -78.917198181152344, 36.225009576526368 ], [ -78.91829252243042, 36.224559516365773 ], [ -78.918399810791016, 36.222430350500971 ], [ -78.919343948364258, 36.223849800850658 ], [ -78.919579982757568, 36.224247934737498 ], [ -78.919901847839355, 36.224247934737498 ], [ -78.920180797576904, 36.225511563650286 ], [ -78.924407958984375, 36.22571928151774 ], [ -78.928742408752427, 36.224074833296591 ], [ -78.928184509277344, 36.222413039971876 ], [ -78.929879665374756, 36.222205313323848 ], [ -78.929815292358398, 36.218033353020907 ], [ -78.929986953735352, 36.215955945414962 ], [ -78.932626247406006, 36.214155480870716 ], [ -78.932497501373291, 36.210883376743283 ], [ -78.929171562194824, 36.211368141544177 ] ] ] } },
{ "type": "Feature", "properties": { "neighborhood_name": "Rustica Oaks", "label_tier": 3 }, "geometry": { "type": "Polygon", "coordinates": [ [ [ -78.882265090942383, 35.946822132584963 ], [ -78.878499269485474, 35.9469697886666 ], [ -78.87910008430481, 35.948072857722586 ], [ -78.879539966583252, 35.948481076225072 ], [ -78.879518508911133, 35.949036944837054 ], [ -78.879743814468384, 35.949783887125996 ], [ -78.879615068435669, 35.950713212440697 ], [ -78.879657983779907, 35.951173528408027 ], [ -78.881202936172485, 35.951182213589178 ], [ -78.882361650466919, 35.947343270464984 ], [ -78.882265090942383, 35.946822132584963 ] ] ] } },
{ "type": "Feature", "properties": { "neighborhood_name": "Scarsdale Village", "label_tier": 3 }, "geometry": { "type": "Polygon", "coordinates": [ [ [ -78.929298, 36.052689 ], [ -78.929638937115655, 36.039849061942711 ], [ -78.927626609802246, 36.039803787067882 ], [ -78.927578330039978, 36.040666987383872 ], [ -78.926923871040344, 36.040684338046965 ], [ -78.926875591278076, 36.041577892028641 ], [ -78.927444219589233, 36.041586567260332 ], [ -78.927395939826965, 36.042796752712242 ], [ -78.926832675933838, 36.04280542780964 ], [ -78.926816582679749, 36.043174118564977 ], [ -78.926349878311157, 36.043174118564977 ], [ -78.926339149475098, 36.042493123701625 ], [ -78.926070928573608, 36.042497461267139 ], [ -78.926049470901489, 36.041295946478932 ], [ -78.924965858459473, 36.040545532635065 ], [ -78.925464749336243, 36.0393483258012 ], [ -78.926387429237352, 36.039287597433258 ], [ -78.926451802253723, 36.037990601823019 ], [ -78.92749, 36.037914 ], [ -78.927361, 36.037045 ], [ -78.925781, 36.037151 ], [ -78.921837, 36.037632 ], [ -78.91993, 36.038364 ], [ -78.919716, 36.038078 ], [ -78.917641, 36.039341 ], [ -78.917625, 36.03949 ], [ -78.917793, 36.039803 ], [ -78.916016, 36.040478 ], [ -78.916733, 36.041752 ], [ -78.917053, 36.042561 ], [ -78.917137, 36.043411 ], [ -78.917419, 36.04425 ], [ -78.918533, 36.04565 ], [ -78.919022, 36.046429 ], [ -78.919189, 36.047169 ], [ -78.919182, 36.04953 ], [ -78.919472, 36.050209 ], [ -78.919601, 36.050861 ], [ -78.91954, 36.054569 ], [ -78.919388, 36.055099 ], [ -78.926888, 36.055099 ], [ -78.92691, 36.054699 ], [ -78.926147, 36.053879 ], [ -78.925972, 36.053551 ], [ -78.925797, 36.052891 ], [ -78.927292, 36.05302 ], [ -78.92746, 36.052971 ], [ -78.92865, 36.05302 ], [ -78.929298, 36.052689 ] ] ] } },
{ "type": "Feature", "properties": { "neighborhood_name": "Settler's Point", "label_tier": 3 }, "geometry": { "type": "Polygon", "coordinates": [ [ [ -78.921004235744476, 35.894506298193377 ], [ -78.922299742698669, 35.892581128106414 ], [ -78.922533094882965, 35.892287785439194 ], [ -78.922613561153412, 35.891205667533839 ], [ -78.921725749969482, 35.891144825124101 ], [ -78.921650648117065, 35.892379047718805 ], [ -78.920320272445679, 35.892379047718805 ], [ -78.919697999954209, 35.892804936966016 ], [ -78.921004235744476, 35.894506298193377 ] ] ] } },
{ "type": "Feature", "properties": { "neighborhood_name": "Sheridan Drive", "label_tier": 3 }, "geometry": { "type": "Polygon", "coordinates": [ [ [ -78.936111, 35.958241 ], [ -78.93766, 35.95472 ], [ -78.939461, 35.95192 ], [ -78.937683, 35.951881 ], [ -78.936539, 35.953091 ], [ -78.936172, 35.953621 ], [ -78.935722, 35.954411 ], [ -78.935303, 35.95573 ], [ -78.934769, 35.956974 ], [ -78.934029, 35.957821 ], [ -78.934959, 35.958141 ], [ -78.936111, 35.958241 ] ] ] } },
{ "type": "Feature", "properties": { "neighborhood_name": "Southampton", "label_tier": 3 }, "geometry": { "type": "Polygon", "coordinates": [ [ [ -78.931656, 35.884247 ], [ -78.932526, 35.884117 ], [ -78.932137, 35.882729 ], [ -78.934044, 35.88271 ], [ -78.934174, 35.87899 ], [ -78.931297, 35.878941 ], [ -78.93116, 35.882347 ], [ -78.93161, 35.883911 ], [ -78.931656, 35.884247 ] ] ] } },
{ "type": "Feature", "properties": { "neighborhood_name": "Southpoint Manor", "label_tier": 2 }, "geometry": { "type": "Polygon", "coordinates": [ [ [ -78.979874, 35.897934 ], [ -78.979836, 35.897152 ], [ -78.980843, 35.892719 ], [ -78.981209, 35.891731 ], [ -78.97818, 35.891239 ], [ -78.977821, 35.889969 ], [ -78.976791, 35.889759 ], [ -78.976097, 35.89175 ], [ -78.976791, 35.894741 ], [ -78.976097, 35.894791 ], [ -78.974998, 35.896061 ], [ -78.9758, 35.897202 ], [ -78.977577, 35.896801 ], [ -78.97818, 35.89814 ], [ -78.979874, 35.897934 ] ] ] } },
{ "type": "Feature", "properties": { "neighborhood_name": "Southside / St. Teresa", "label_tier": 1 }, "geometry": { "type": "Polygon", "coordinates": [ [ [ -78.903097808361053, 35.990069218508552 ], [ -78.905991576611996, 35.991104138196363 ], [ -78.906437158584595, 35.990212453287945 ], [ -78.906716108322144, 35.989283592820804 ], [ -78.90894234180449, 35.985086222480753 ], [ -78.9090496301651, 35.984526266846892 ], [ -78.908943, 35.983822 ], [ -78.908432, 35.982712 ], [ -78.908363, 35.98193 ], [ -78.90873, 35.978809 ], [ -78.908699, 35.97559 ], [ -78.908302, 35.97575 ], [ -78.907837, 35.97604 ], [ -78.906837, 35.976799 ], [ -78.906708, 35.97702 ], [ -78.906601, 35.978409 ], [ -78.906464, 35.978661 ], [ -78.9048, 35.980663 ], [ -78.903587, 35.982128 ], [ -78.903191, 35.982681 ], [ -78.903008, 35.983093 ], [ -78.902916, 35.983536 ], [ -78.902817, 35.984337 ], [ -78.902702, 35.985249 ], [ -78.902687, 35.986542 ], [ -78.902695, 35.98719 ], [ -78.902618, 35.987633 ], [ -78.90239, 35.988102 ], [ -78.902199, 35.988361 ], [ -78.901878, 35.98872 ], [ -78.901352, 35.989471 ], [ -78.903097808361053, 35.990069218508552 ] ] ] } },
{ "type": "Feature", "properties": { "neighborhood_name": "South Terrace at Auburn", "label_tier": 3 }, "geometry": { "type": "Polygon", "coordinates": [ [ [ -78.915886, 35.917347 ], [ -78.912811, 35.916046 ], [ -78.91172, 35.915775 ], [ -78.910843, 35.915722 ], [ -78.911148, 35.916531 ], [ -78.91201, 35.916882 ], [ -78.911865, 35.917183 ], [ -78.911102, 35.917366 ], [ -78.910889, 35.917686 ], [ -78.910881, 35.918182 ], [ -78.911751, 35.918739 ], [ -78.914978, 35.918827 ], [ -78.915886, 35.917347 ] ] ] } },
{ "type": "Feature", "properties": { "neighborhood_name": "Spring Valley", "label_tier": 3 }, "geometry": { "type": "Polygon", "coordinates": [ [ [ -78.981667, 36.04562 ], [ -78.981667, 36.045521 ], [ -78.982582, 36.045471 ], [ -78.982323, 36.04454 ], [ -78.983688, 36.044239 ], [ -78.983727, 36.04377 ], [ -78.983589, 36.039299 ], [ -78.981041, 36.039242 ], [ -78.981117, 36.038071 ], [ -78.980377, 36.03804 ], [ -78.977989, 36.037689 ], [ -78.973305, 36.036598 ], [ -78.97345, 36.041939 ], [ -78.973778, 36.041931 ], [ -78.973984, 36.04549 ], [ -78.981667, 36.04562 ] ] ] } },
{ "type": "Feature", "properties": { "neighborhood_name": "Solterra", "label_tier": 3 }, "geometry": { "type": "Polygon", "coordinates": [ [ [ -78.99370014667511, 35.985090563206569 ], [ -78.994655013084412, 35.984469836988978 ], [ -78.994885683059692, 35.984283184094487 ], [ -78.995245099067688, 35.983853446682183 ], [ -78.99568498134613, 35.98323705156038 ], [ -78.995974659919739, 35.982195246042217 ], [ -78.995910286903381, 35.982256018408535 ], [ -78.992670178413391, 35.982151837180474 ], [ -78.99269163608551, 35.982785604191214 ], [ -78.991570472717271, 35.983102485787846 ], [ -78.989982604980469, 35.983592998626598 ], [ -78.990014791488647, 35.983705859556217 ], [ -78.990164995193481, 35.984035759809608 ], [ -78.990717530250549, 35.985103585382618 ], [ -78.990824818611131, 35.985290236336439 ], [ -78.991506099700928, 35.986488264504402 ], [ -78.991543650627136, 35.986592440007158 ], [ -78.992155194282518, 35.986184418502376 ], [ -78.991806507110596, 35.985246829177278 ], [ -78.992552161216736, 35.985081881754681 ], [ -78.993051052093506, 35.985450842617688 ], [ -78.993083238601685, 35.985533315986423 ], [ -78.99370014667511, 35.985090563206569 ] ] ] } },
{ "type": "Feature", "properties": { "neighborhood_name": "Stadium Heights", "label_tier": 3 }, "geometry": { "type": "Polygon", "coordinates": [ [ [ -78.90844, 36.047169 ], [ -78.909187, 36.046341 ], [ -78.910461, 36.045052 ], [ -78.912369, 36.043819 ], [ -78.914833, 36.041359 ], [ -78.914879, 36.04092 ], [ -78.916023, 36.040478 ], [ -78.915672, 36.03973 ], [ -78.915077, 36.038971 ], [ -78.914467, 36.038219 ], [ -78.913651, 36.037491 ], [ -78.912148, 36.036499 ], [ -78.910889, 36.035938 ], [ -78.908463, 36.035061 ], [ -78.9076, 36.034538 ], [ -78.907021, 36.033901 ], [ -78.90612, 36.03355 ], [ -78.903717, 36.033321 ], [ -78.902901, 36.033409 ], [ -78.900948, 36.033878 ], [ -78.9002, 36.033772 ], [ -78.899467, 36.03355 ], [ -78.896744, 36.037258 ], [ -78.898628, 36.03875 ], [ -78.900757, 36.042969 ], [ -78.902428, 36.04549 ], [ -78.903198, 36.047642 ], [ -78.905907, 36.047501 ], [ -78.907654, 36.047459 ], [ -78.90844, 36.047169 ] ] ] } },
{ "type": "Feature", "properties": { "neighborhood_name": "Stephen's Woods", "label_tier": 3 }, "geometry": { "type": "Polygon", "coordinates": [ [ [ -78.903252, 36.082897 ], [ -78.903236, 36.081707 ], [ -78.902657, 36.081539 ], [ -78.901672, 36.081474 ], [ -78.900436, 36.081692 ], [ -78.900078, 36.080013 ], [ -78.898949, 36.080399 ], [ -78.898994, 36.080963 ], [ -78.895729, 36.083328 ], [ -78.895424, 36.088547 ], [ -78.896355, 36.091576 ], [ -78.897362, 36.092354 ], [ -78.897995, 36.093735 ], [ -78.898567, 36.093468 ], [ -78.898277, 36.0923 ], [ -78.900139, 36.091892 ], [ -78.90036, 36.090038 ], [ -78.899223, 36.087925 ], [ -78.899101, 36.085472 ], [ -78.89933, 36.085407 ], [ -78.900597, 36.084972 ], [ -78.900841, 36.082844 ], [ -78.903252, 36.082897 ] ] ] } },
{ "type": "Feature", "properties": { "neighborhood_name": "Sterling Ridge", "label_tier": 3 }, "geometry": { "type": "Polygon", "coordinates": [ [ [ -78.966293, 35.942478 ], [ -78.966812, 35.942291 ], [ -78.96698, 35.942043 ], [ -78.96817, 35.941528 ], [ -78.968781, 35.939701 ], [ -78.968033, 35.939499 ], [ -78.966942, 35.939529 ], [ -78.965714, 35.94009 ], [ -78.965202, 35.940548 ], [ -78.966293, 35.942478 ] ] ] } },
{ "type": "Feature", "properties": { "neighborhood_name": "Stillwood", "label_tier": 3 }, "geometry": { "type": "Polygon", "coordinates": [ [ [ -78.827652, 36.025242 ], [ -78.827477, 36.02409 ], [ -78.82753, 36.02042 ], [ -78.82444, 36.019829 ], [ -78.823639, 36.022049 ], [ -78.824478, 36.023991 ], [ -78.825287, 36.025089 ], [ -78.826248, 36.025227 ], [ -78.826904, 36.025261 ], [ -78.827652, 36.025242 ] ] ] } },
{ "type": "Feature", "properties": { "neighborhood_name": "Stirrup Creek", "label_tier": 3 }, "geometry": { "type": "Polygon", "coordinates": [ [ [ -78.825386, 35.926666 ], [ -78.825615, 35.925888 ], [ -78.825844, 35.92234 ], [ -78.823586, 35.921837 ], [ -78.82206, 35.921803 ], [ -78.820557, 35.921505 ], [ -78.820335, 35.921932 ], [ -78.821274, 35.923183 ], [ -78.820412, 35.924229 ], [ -78.820267, 35.924458 ], [ -78.820084, 35.925167 ], [ -78.820114, 35.925888 ], [ -78.821655, 35.925831 ], [ -78.822472, 35.925861 ], [ -78.825386, 35.926666 ] ] ] } },
{ "type": "Feature", "properties": { "neighborhood_name": "Stonehill Estates", "label_tier": 3 }, "geometry": { "type": "Polygon", "coordinates": [ [ [ -78.825649023056016, 35.997161197938333 ], [ -78.825842142105103, 35.99493037474199 ], [ -78.825855553150177, 35.993723794270345 ], [ -78.826094269752502, 35.993252875661518 ], [ -78.825919926166534, 35.993137858246946 ], [ -78.825981616973877, 35.991968143316527 ], [ -78.826075494289398, 35.991449470106524 ], [ -78.826054036617279, 35.990770198360039 ], [ -78.82591724395752, 35.990479390137409 ], [ -78.825769722461686, 35.989537511371132 ], [ -78.825134038925171, 35.989839174227704 ], [ -78.824948966503143, 35.989635172134427 ], [ -78.824916779994965, 35.989507127997896 ], [ -78.825219869613647, 35.989398615855116 ], [ -78.825372755527496, 35.989146867109035 ], [ -78.825439810752869, 35.988743199339424 ], [ -78.825305700302124, 35.988157226321213 ], [ -78.825297653675079, 35.987512650974416 ], [ -78.82539689540863, 35.9871871058685 ], [ -78.826198875904083, 35.986379748209416 ], [ -78.826137185096741, 35.985854527232455 ], [ -78.824664652347565, 35.985088392843686 ], [ -78.824476897716522, 35.984814926642755 ], [ -78.824082612991333, 35.984589207794677 ], [ -78.82303386926651, 35.984780200708158 ], [ -78.822433054447174, 35.985541997388644 ], [ -78.822368681430817, 35.98672699982798 ], [ -78.821207284927368, 35.986735681098878 ], [ -78.820466995239258, 35.987002629712222 ], [ -78.819640874862671, 35.987803470133045 ], [ -78.819850087165833, 35.988066074571655 ], [ -78.819724023342133, 35.988547875483583 ], [ -78.820112943649292, 35.988612983489269 ], [ -78.820131719112396, 35.989172910120033 ], [ -78.820330202579498, 35.989517979203981 ], [ -78.821464776992798, 35.990657347535269 ], [ -78.821094632148743, 35.991069686304648 ], [ -78.821185827255249, 35.991299726997269 ], [ -78.820947110652924, 35.991610063849841 ], [ -78.820987343788147, 35.991831422257448 ], [ -78.821134865283966, 35.991935590704898 ], [ -78.821639120578766, 35.992057120386427 ], [ -78.821572065353394, 35.992172139376834 ], [ -78.821384310722351, 35.992159118367482 ], [ -78.821325302124023, 35.992269796878574 ], [ -78.821510374546051, 35.992417367985126 ], [ -78.821357488632202, 35.992794975147845 ], [ -78.82156133651732, 35.992836208004427 ], [ -78.821628391742706, 35.992968587029871 ], [ -78.82141917943953, 35.993079264405196 ], [ -78.822017312049866, 35.994622221052758 ], [ -78.822658360004425, 35.994648262256156 ], [ -78.822765648365021, 35.994544097390957 ], [ -78.823213577270494, 35.99454192728814 ], [ -78.823339641094208, 35.994659112755038 ], [ -78.824860453605652, 35.994737236302925 ], [ -78.824967741966248, 35.994811019582663 ], [ -78.824608325958252, 35.996629538603834 ], [ -78.825649023056016, 35.997161197938333 ] ] ] } },
{ "type": "Feature", "properties": { "neighborhood_name": "Stratford Lakes", "label_tier": 3 }, "geometry": { "type": "Polygon", "coordinates": [ [ [ -78.911919593811035, 35.941111104779324 ], [ -78.911499, 35.941898 ], [ -78.911163, 35.942146 ], [ -78.907257, 35.943092 ], [ -78.906532, 35.943047 ], [ -78.905647, 35.942802 ], [ -78.904724, 35.945076 ], [ -78.905334, 35.945103 ], [ -78.905502, 35.94524 ], [ -78.905449, 35.945572 ], [ -78.914307, 35.945438 ], [ -78.914986, 35.945446 ], [ -78.915833, 35.944614 ], [ -78.915977, 35.943413 ], [ -78.915794, 35.941776 ], [ -78.913008570671082, 35.941384722368682 ], [ -78.912466764450059, 35.941263114668139 ], [ -78.911919593811035, 35.941111104779324 ] ] ] } },
{ "type": "Feature", "properties": { "neighborhood_name": "Summer Meadow", "label_tier": 3 }, "geometry": { "type": "Polygon", "coordinates": [ [ [ -78.894348, 36.0639 ], [ -78.894386, 36.062969 ], [ -78.892616, 36.062717 ], [ -78.891251, 36.062675 ], [ -78.891464, 36.059242 ], [ -78.8853, 36.059059 ], [ -78.885101, 36.064274 ], [ -78.885399, 36.064602 ], [ -78.885155, 36.065441 ], [ -78.884712, 36.065712 ], [ -78.884499, 36.066051 ], [ -78.884926, 36.066509 ], [ -78.885849, 36.066551 ], [ -78.886772, 36.06604 ], [ -78.886986, 36.065468 ], [ -78.887642, 36.065372 ], [ -78.887703, 36.0658 ], [ -78.888306, 36.065979 ], [ -78.888992, 36.065712 ], [ -78.889069, 36.065262 ], [ -78.888939, 36.064808 ], [ -78.890999, 36.064583 ], [ -78.891495, 36.064342 ], [ -78.891922, 36.063744 ], [ -78.89222, 36.063587 ], [ -78.894348, 36.0639 ] ] ] } },
{ "type": "Feature", "properties": { "neighborhood_name": "Sunningdale", "label_tier": 3 }, "geometry": { "type": "Polygon", "coordinates": [ [ [ -78.95742, 35.93161 ], [ -78.957397, 35.929966 ], [ -78.956696, 35.929707 ], [ -78.956444, 35.929924 ], [ -78.956062, 35.92963 ], [ -78.956345, 35.928967 ], [ -78.952927, 35.928932 ], [ -78.952194, 35.930779 ], [ -78.951859, 35.931351 ], [ -78.953918, 35.931633 ], [ -78.95742, 35.93161 ] ] ] } },
{ "type": "Feature", "properties": { "neighborhood_name": "Surrey Green", "label_tier": 3 }, "geometry": { "type": "Polygon", "coordinates": [ [ [ -78.937134, 35.950939 ], [ -78.937843, 35.950089 ], [ -78.93811, 35.948219 ], [ -78.94101, 35.945518 ], [ -78.93956, 35.94318 ], [ -78.939568, 35.9412 ], [ -78.938553, 35.941021 ], [ -78.934814, 35.944324 ], [ -78.936256, 35.944351 ], [ -78.936546, 35.944859 ], [ -78.936546, 35.95092 ], [ -78.937134, 35.950939 ] ] ] } },
{ "type": "Feature", "properties": { "neighborhood_name": "Swallows Ridge", "label_tier": 3 }, "geometry": { "type": "Polygon", "coordinates": [ [ [ -78.927238, 35.933216 ], [ -78.92646, 35.933231 ], [ -78.9263, 35.933521 ], [ -78.925949, 35.933472 ], [ -78.925102, 35.932869 ], [ -78.92469, 35.933559 ], [ -78.925728, 35.934277 ], [ -78.927259147167206, 35.934216063164499 ], [ -78.927238, 35.933216 ] ] ] } },
{ "type": "Feature", "properties": { "neighborhood_name": "Swann's Mill", "label_tier": 3 }, "geometry": { "type": "Polygon", "coordinates": [ [ [ -78.877289, 36.064022 ], [ -78.876419, 36.063461 ], [ -78.876404, 36.063229 ], [ -78.876755, 36.063137 ], [ -78.876755, 36.060795 ], [ -78.877335, 36.059723 ], [ -78.87735, 36.059032 ], [ -78.869431, 36.058979 ], [ -78.869522, 36.062897 ], [ -78.869827, 36.063091 ], [ -78.871872, 36.063053 ], [ -78.873207, 36.063789 ], [ -78.874382, 36.064606 ], [ -78.874367, 36.066666 ], [ -78.875732, 36.066654 ], [ -78.876396, 36.066269 ], [ -78.877289, 36.064022 ] ] ] } },
{ "type": "Feature", "properties": { "neighborhood_name": "Taylor Estates", "label_tier": 3 }, "geometry": { "type": "Polygon", "coordinates": [ [ [ -78.842537, 35.941887 ], [ -78.843925, 35.940582 ], [ -78.846237, 35.939339 ], [ -78.846001, 35.938618 ], [ -78.842316, 35.938553 ], [ -78.84185, 35.939297 ], [ -78.842499, 35.939613 ], [ -78.841393, 35.941185 ], [ -78.842537, 35.941887 ] ] ] } },
{ "type": "Feature", "properties": { "neighborhood_name": "Thaxton", "label_tier": 3 }, "geometry": { "type": "Polygon", "coordinates": [ [ [ -78.930222988128662, 35.943955812806209 ], [ -78.930716514587388, 35.943881981983871 ], [ -78.931387066841125, 35.943465053692385 ], [ -78.931542634963975, 35.943169728155006 ], [ -78.931572139263153, 35.942057904468733 ], [ -78.931183218955994, 35.941808176294202 ], [ -78.930260539054871, 35.940993839808201 ], [ -78.92852783203125, 35.940539979298535 ], [ -78.928315937519073, 35.941593192277089 ], [ -78.928262293338776, 35.942040532099526 ], [ -78.928431272506714, 35.943729977132392 ], [ -78.930222988128662, 35.943955812806209 ] ] ] } },
{ "type": "Feature", "properties": { "neighborhood_name": "The Commons", "label_tier": 3 }, "geometry": { "type": "Polygon", "coordinates": [ [ [ -78.960218131542206, 35.977854241670265 ], [ -78.960717022418976, 35.978066956447918 ], [ -78.961170315742493, 35.978166801962182 ], [ -78.962514102458954, 35.978097344226505 ], [ -78.962945938110352, 35.97788245896966 ], [ -78.963085412979126, 35.977674084828536 ], [ -78.963291943073258, 35.976957794522541 ], [ -78.961076438426957, 35.97665608241762 ], [ -78.960255682468414, 35.976486775839142 ], [ -78.959735333919525, 35.976768953268135 ], [ -78.959641456604004, 35.977016400337192 ], [ -78.959660232067108, 35.977250823160695 ], [ -78.959818482398987, 35.977537338999426 ], [ -78.960218131542206, 35.977854241670265 ] ] ] } },
{ "type": "Feature", "properties": { "neighborhood_name": "The Hills at Southpoint", "label_tier": 3 }, "geometry": { "type": "Polygon", "coordinates": [ [ [ -78.943642, 35.888802 ], [ -78.944382, 35.8866 ], [ -78.944603, 35.886097 ], [ -78.94577, 35.884945 ], [ -78.946426, 35.884304 ], [ -78.946831, 35.883591 ], [ -78.94809, 35.879375 ], [ -78.943573, 35.879295 ], [ -78.943115, 35.879498 ], [ -78.942795, 35.879932 ], [ -78.94278, 35.880939 ], [ -78.943634, 35.880898 ], [ -78.944641, 35.881294 ], [ -78.944511, 35.881836 ], [ -78.943398, 35.881634 ], [ -78.942429, 35.882 ], [ -78.942337, 35.882931 ], [ -78.942024, 35.884251 ], [ -78.94117, 35.884705 ], [ -78.940063, 35.886494 ], [ -78.94017, 35.886833 ], [ -78.940765, 35.887321 ], [ -78.943642, 35.888802 ] ] ] } },
{ "type": "Feature", "properties": { "neighborhood_name": "The Landing at Southpoint", "label_tier": 3 }, "geometry": { "type": "Polygon", "coordinates": [ [ [ -78.966522, 35.914932 ], [ -78.966522, 35.913593 ], [ -78.963829, 35.914391 ], [ -78.961876, 35.9142 ], [ -78.96167, 35.913967 ], [ -78.961021, 35.913982 ], [ -78.961166, 35.914921 ], [ -78.966522, 35.914932 ] ] ] } },
{ "type": "Feature", "properties": { "neighborhood_name": "Townes at Brier Creek Crossing", "label_tier": 3 }, "geometry": { "type": "Polygon", "coordinates": [ [ [ -78.782765865325914, 35.924575026633001 ], [ -78.78271222114563, 35.923132788081958 ], [ -78.781725168228149, 35.923575888267237 ], [ -78.781510591506958, 35.923558511836156 ], [ -78.781489133834839, 35.923332617884626 ], [ -78.78271222114563, 35.922576737278057 ], [ -78.782722949981689, 35.921733965325203 ], [ -78.784321546554565, 35.921725276907772 ], [ -78.784289360046387, 35.920369872101922 ], [ -78.780233860015869, 35.920613151597998 ], [ -78.780062198638916, 35.921473312387441 ], [ -78.780148029327393, 35.92335868260426 ], [ -78.780233860015869, 35.925982487088127 ], [ -78.781135082244873, 35.925148439472004 ], [ -78.781778812408433, 35.924835669347978 ], [ -78.782765865325914, 35.924575026633001 ] ] ] } },
{ "type": "Feature", "properties": { "neighborhood_name": "Treyburn", "label_tier": 2 }, "geometry": { "type": "Polygon", "coordinates": [ [ [ -78.898361, 36.110821 ], [ -78.895569, 36.109638 ], [ -78.882927, 36.104649 ], [ -78.877846, 36.104301 ], [ -78.871941, 36.104527 ], [ -78.868149, 36.103588 ], [ -78.865891, 36.101891 ], [ -78.86544, 36.100452 ], [ -78.864754, 36.100697 ], [ -78.863594, 36.102776 ], [ -78.863449, 36.104527 ], [ -78.86396, 36.106571 ], [ -78.865379, 36.10865 ], [ -78.864136, 36.109692 ], [ -78.86261, 36.111408 ], [ -78.86087, 36.112572 ], [ -78.858551, 36.1138 ], [ -78.856926, 36.115223 ], [ -78.855804, 36.116695 ], [ -78.854523, 36.117702 ], [ -78.853745, 36.118862 ], [ -78.853706, 36.120178 ], [ -78.854416, 36.12141 ], [ -78.853409, 36.122051 ], [ -78.852264, 36.119781 ], [ -78.847908, 36.115273 ], [ -78.841064, 36.115688 ], [ -78.839546, 36.121479 ], [ -78.842957, 36.123508 ], [ -78.849159, 36.127666 ], [ -78.852356, 36.131481 ], [ -78.854996, 36.13607 ], [ -78.857056, 36.139141 ], [ -78.861496, 36.137165 ], [ -78.862564, 36.136192 ], [ -78.863129, 36.13517 ], [ -78.863235, 36.13472 ], [ -78.86319, 36.132172 ], [ -78.86467, 36.130474 ], [ -78.868126, 36.127666 ], [ -78.869713, 36.127319 ], [ -78.874367, 36.127892 ], [ -78.877197, 36.115688 ], [ -78.891968, 36.115414 ], [ -78.891876, 36.117111 ], [ -78.895058, 36.116974 ], [ -78.895912, 36.118534 ], [ -78.898186, 36.117077 ], [ -78.898186, 36.115238 ], [ -78.901276, 36.1138 ], [ -78.900848, 36.112968 ], [ -78.900116, 36.11219 ], [ -78.898361, 36.110821 ] ] ] } },
{ "type": "Feature", "properties": { "neighborhood_name": "Trinity Commons", "label_tier": 3 }, "geometry": { "type": "Polygon", "coordinates": [ [ [ -78.944351, 36.010406 ], [ -78.944168, 36.008816 ], [ -78.942642, 36.00882 ], [ -78.942726, 36.010265 ], [ -78.944351, 36.010406 ] ] ] } },
{ "type": "Feature", "properties": { "neighborhood_name": "Trinity Heights", "label_tier": 2 }, "geometry": { "type": "Polygon", "coordinates": [ [ [ -78.913071, 36.011509 ], [ -78.919479, 36.011768 ], [ -78.919601, 36.009918 ], [ -78.912338, 36.009647 ], [ -78.912292, 36.010029 ], [ -78.912193, 36.011478 ], [ -78.913071, 36.011509 ] ] ] } },
{ "type": "Feature", "properties": { "neighborhood_name": "Trinity Park", "label_tier": 1 }, "geometry": { "type": "Polygon", "coordinates": [ [ [ -78.902946, 36.016819 ], [ -78.90786, 36.016941 ], [ -78.911858, 36.016899 ], [ -78.912178, 36.011471 ], [ -78.912292, 36.010021 ], [ -78.912453, 36.008801 ], [ -78.912216, 36.007851 ], [ -78.9123, 36.005951 ], [ -78.912453, 36.005032 ], [ -78.912453, 36.004101 ], [ -78.912582, 36.00285 ], [ -78.912979, 36.002296 ], [ -78.908279, 35.999352 ], [ -78.905693, 36.003632 ], [ -78.905602, 36.006271 ], [ -78.90509, 36.006279 ], [ -78.905083, 36.006561 ], [ -78.904297, 36.006599 ], [ -78.903679, 36.007549 ], [ -78.90332, 36.007641 ], [ -78.903259, 36.00869 ], [ -78.903259, 36.008701 ], [ -78.903259, 36.008869 ], [ -78.902931, 36.00948 ], [ -78.902878, 36.009701 ], [ -78.902527, 36.010159 ], [ -78.901894, 36.012321 ], [ -78.901787, 36.01289 ], [ -78.901619, 36.013439 ], [ -78.901283, 36.014069 ], [ -78.901207, 36.014111 ], [ -78.900917, 36.01461 ], [ -78.90023, 36.015419 ], [ -78.902222, 36.015549 ], [ -78.902222, 36.016418 ], [ -78.902946, 36.016418 ], [ -78.902946, 36.016819 ] ], [ [ -78.908228874206543, 36.009143197590298 ], [ -78.905624, 36.009132 ], [ -78.905624, 36.008167 ], [ -78.908239603042603, 36.008188523342724 ], [ -78.908228874206543, 36.009143197590298 ] ] ] } },
{ "type": "Feature", "properties": { "neighborhood_name": "Trotter Ridge", "label_tier": 3 }, "geometry": { "type": "Polygon", "coordinates": [ [ [ -78.966255, 35.931843 ], [ -78.967407, 35.931187 ], [ -78.969513, 35.928173 ], [ -78.969589, 35.92738 ], [ -78.965179, 35.927223 ], [ -78.962502, 35.927254 ], [ -78.961983, 35.928146 ], [ -78.960518, 35.928047 ], [ -78.960228, 35.929035 ], [ -78.962097, 35.929405 ], [ -78.961906, 35.930824 ], [ -78.962921, 35.930988 ], [ -78.962875, 35.931778 ], [ -78.964729, 35.931931 ], [ -78.966255, 35.931843 ] ] ] } },
{ "type": "Feature", "properties": { "neighborhood_name": "Tuscaloosa-Lakewood", "label_tier": 2 }, "geometry": { "type": "Polygon", "coordinates": [ [ [ -78.936836, 35.974758 ], [ -78.936249, 35.974751 ], [ -78.93573, 35.97467 ], [ -78.934563, 35.97438 ], [ -78.934738, 35.973869 ], [ -78.933807, 35.973572 ], [ -78.932907, 35.973129 ], [ -78.932579, 35.973572 ], [ -78.93187, 35.973228 ], [ -78.931931, 35.973969 ], [ -78.925049, 35.974949 ], [ -78.926331, 35.977619 ], [ -78.926338, 35.97855 ], [ -78.925858, 35.982349 ], [ -78.925827, 35.983429 ], [ -78.925629, 35.984921 ], [ -78.926483, 35.98502 ], [ -78.927017, 35.985168 ], [ -78.928543, 35.986229 ], [ -78.928917, 35.985119 ], [ -78.930122, 35.98423 ], [ -78.931183, 35.98233 ], [ -78.931702, 35.982128 ], [ -78.933578, 35.981819 ], [ -78.934273, 35.981201 ], [ -78.934753, 35.980431 ], [ -78.936783, 35.975163 ], [ -78.936836, 35.974758 ] ] ] } },
{ "type": "Feature", "properties": { "neighborhood_name": "Unity Village", "label_tier": 3 }, "geometry": { "type": "Polygon", "coordinates": [ [ [ -78.885274529457078, 35.968528957006193 ], [ -78.886873126029968, 35.967990592229278 ], [ -78.887613415718079, 35.965611323287483 ], [ -78.887742161750793, 35.964864530661423 ], [ -78.887565135955811, 35.964139440365436 ], [ -78.887854814529419, 35.963848534003965 ], [ -78.886722922325134, 35.963145144044901 ], [ -78.887704610824585, 35.962428721905368 ], [ -78.887117207050338, 35.961854494013146 ], [ -78.884866833686829, 35.96341000149328 ], [ -78.883638381958008, 35.96303659565362 ], [ -78.881068825721727, 35.963014885957513 ], [ -78.880677223205566, 35.963440394914173 ], [ -78.881036639213562, 35.963874585363612 ], [ -78.881814479827881, 35.964530208418061 ], [ -78.882265090942397, 35.965142407812479 ], [ -78.881675004959106, 35.966332058310307 ], [ -78.881884217262268, 35.967074495340306 ], [ -78.883010745048537, 35.967860342134955 ], [ -78.885274529457078, 35.968528957006193 ] ] ] } },
{ "type": "Feature", "properties": { "neighborhood_name": "Urban 900", "label_tier": 3 }, "geometry": { "type": "Polygon", "coordinates": [ [ [ -78.908228874206543, 36.009143197590298 ], [ -78.908239603042603, 36.008188523342724 ], [ -78.905624, 36.008167 ], [ -78.905624, 36.009132 ], [ -78.908228874206543, 36.009143197590298 ] ] ] } },
{ "type": "Feature", "properties": { "neighborhood_name": "Valley Run", "label_tier": 3 }, "geometry": { "type": "Polygon", "coordinates": [ [ [ -78.947647, 35.958405 ], [ -78.947609, 35.959961 ], [ -78.94754, 35.96257 ], [ -78.948509, 35.962589 ], [ -78.948952, 35.962524 ], [ -78.949318, 35.962376 ], [ -78.949615, 35.962082 ], [ -78.950851, 35.962646 ], [ -78.952225, 35.963444 ], [ -78.953781, 35.963215 ], [ -78.953865, 35.960869 ], [ -78.953148, 35.960861 ], [ -78.952217, 35.960735 ], [ -78.951233, 35.960361 ], [ -78.950577, 35.959911 ], [ -78.950058, 35.959415 ], [ -78.949509, 35.95895 ], [ -78.949066, 35.958729 ], [ -78.948608, 35.958569 ], [ -78.948135, 35.958439 ], [ -78.947647, 35.958405 ] ] ] } },
{ "type": "Feature", "properties": { "neighborhood_name": "Valleybrook", "label_tier": 3 }, "geometry": { "type": "Polygon", "coordinates": [ [ [ -78.961761, 35.934902 ], [ -78.961182, 35.933811 ], [ -78.960701, 35.932739 ], [ -78.960159, 35.930012 ], [ -78.960129, 35.929508 ], [ -78.960182, 35.92918 ], [ -78.960693, 35.927448 ], [ -78.960793, 35.926041 ], [ -78.957336, 35.925671 ], [ -78.95742, 35.931606 ], [ -78.953918, 35.931629 ], [ -78.951859, 35.931351 ], [ -78.950844, 35.933102 ], [ -78.950333, 35.93367 ], [ -78.951477, 35.934078 ], [ -78.960953, 35.935108 ], [ -78.961761, 35.934902 ] ] ] } },
{ "type": "Feature", "properties": { "neighborhood_name": "Vantage Pointe", "label_tier": 3 }, "geometry": { "type": "Polygon", "coordinates": [ [ [ -78.895576, 36.085873 ], [ -78.893814, 36.083549 ], [ -78.893372, 36.081852 ], [ -78.88884, 36.083145 ], [ -78.890465, 36.087036 ], [ -78.891487, 36.088444 ], [ -78.892593, 36.088909 ], [ -78.894096, 36.088806 ], [ -78.894844, 36.088989 ], [ -78.895416, 36.088539 ], [ -78.895576, 36.085873 ] ] ] } },
{ "type": "Feature", "properties": { "neighborhood_name": "Walden Pond", "label_tier": 3 }, "geometry": { "type": "Polygon", "coordinates": [ [ [ -78.960617, 36.025639 ], [ -78.961052, 36.026169 ], [ -78.961639, 36.026451 ], [ -78.962021, 36.026569 ], [ -78.96209, 36.026218 ], [ -78.96286, 36.026211 ], [ -78.962875, 36.022808 ], [ -78.962852, 36.021629 ], [ -78.960083, 36.021561 ], [ -78.960037, 36.022919 ], [ -78.95993, 36.023769 ], [ -78.960617, 36.025639 ] ] ] } },
{ "type": "Feature", "properties": { "neighborhood_name": "Walltown", "label_tier": 1 }, "geometry": { "type": "Polygon", "coordinates": [ [ [ -78.916702, 36.025211 ], [ -78.918823, 36.02343 ], [ -78.919502, 36.011749 ], [ -78.912193, 36.011478 ], [ -78.911858, 36.016899 ], [ -78.911865, 36.017727 ], [ -78.912178, 36.018246 ], [ -78.915039, 36.020435 ], [ -78.91256, 36.022545 ], [ -78.912933, 36.022751 ], [ -78.914291, 36.023441 ], [ -78.916702, 36.025211 ] ] ] } },
{ "type": "Feature", "properties": { "neighborhood_name": "Warehouse District", "label_tier": 3 }, "geometry": { "type": "Polygon", "coordinates": [ [ [ -78.905602, 36.006279 ], [ -78.905693, 36.00362 ], [ -78.908249, 35.999409 ], [ -78.908852, 35.998322 ], [ -78.908867, 35.99696 ], [ -78.903893, 35.99699 ], [ -78.903343, 36.00338 ], [ -78.901978, 36.005501 ], [ -78.903091, 36.00552 ], [ -78.902542, 36.006851 ], [ -78.90229, 36.007301 ], [ -78.902023, 36.007637 ], [ -78.90332, 36.007641 ], [ -78.903679, 36.007549 ], [ -78.904297, 36.006599 ], [ -78.905083, 36.00655 ], [ -78.90509, 36.006279 ], [ -78.905602, 36.006279 ] ] ] } },
{ "type": "Feature", "properties": { "neighborhood_name": "Waterford", "label_tier": 3 }, "geometry": { "type": "Polygon", "coordinates": [ [ [ -78.964767, 36.038898 ], [ -78.965103, 36.039139 ], [ -78.966115973889828, 36.039249913288543 ], [ -78.966103, 36.036331 ], [ -78.964302, 36.03651 ], [ -78.960312, 36.03722 ], [ -78.959488, 36.035179 ], [ -78.958511, 36.03524 ], [ -78.958069, 36.03574 ], [ -78.957115, 36.035648 ], [ -78.95694, 36.035828 ], [ -78.956322, 36.035969 ], [ -78.955048, 36.036587 ], [ -78.955719, 36.037434 ], [ -78.955627, 36.037479 ], [ -78.956253, 36.038391 ], [ -78.956619, 36.039616 ], [ -78.957001, 36.04018 ], [ -78.957687, 36.039818 ], [ -78.961098, 36.041023 ], [ -78.960617, 36.041779 ], [ -78.961212, 36.042065 ], [ -78.961571, 36.041618 ], [ -78.962723, 36.042088 ], [ -78.962318, 36.042648 ], [ -78.962891, 36.042934 ], [ -78.963577, 36.043396 ], [ -78.964119069278226, 36.042788348710751 ], [ -78.963882, 36.040581 ], [ -78.9646, 36.0406 ], [ -78.964653, 36.04002 ], [ -78.96431, 36.03923 ], [ -78.964767, 36.038898 ] ] ] } },
{ "type": "Feature", "properties": { "neighborhood_name": "Watts Hospital-Hillandale", "label_tier": 2 }, "geometry": { "type": "Polygon", "coordinates": [ [ [ -78.916695, 36.025211 ], [ -78.918159, 36.026451 ], [ -78.920731, 36.028221 ], [ -78.922791, 36.02853 ], [ -78.924828, 36.028721 ], [ -78.934753, 36.028709 ], [ -78.936996, 36.028481 ], [ -78.938966989517212, 36.027227750731917 ], [ -78.937357664108276, 36.025114918459145 ], [ -78.936810493469238, 36.025084548793721 ], [ -78.936831951141357, 36.024806882738268 ], [ -78.937282562255859, 36.024737466071514 ], [ -78.938033580780029, 36.023817689463144 ], [ -78.938548564910889, 36.023782980701661 ], [ -78.940544128417969, 36.024494507256215 ], [ -78.94090890884398, 36.025136611070174 ], [ -78.940994739532471, 36.026039018395956 ], [ -78.941166400909424, 36.026299326280686 ], [ -78.941933, 36.026379 ], [ -78.946571, 36.024521 ], [ -78.948608, 36.022881 ], [ -78.949471, 36.020672 ], [ -78.944687, 36.018661 ], [ -78.93615, 36.015732 ], [ -78.936241, 36.01601 ], [ -78.935402, 36.01614 ], [ -78.934647, 36.016151 ], [ -78.921677, 36.015598 ], [ -78.921677, 36.015469 ], [ -78.919289, 36.01535 ], [ -78.918823, 36.023434 ], [ -78.916695, 36.025211 ] ] ] } },
{ "type": "Feature", "properties": { "neighborhood_name": "Welcome Circle", "label_tier": 3 }, "geometry": { "type": "Polygon", "coordinates": [ [ [ -78.965805, 35.988216 ], [ -78.964722, 35.987534 ], [ -78.962173, 35.98605 ], [ -78.961395, 35.987514 ], [ -78.960503, 35.988922 ], [ -78.961014, 35.991489 ], [ -78.964828, 35.991543 ], [ -78.964645, 35.989849 ], [ -78.965805, 35.988216 ] ] ] } },
{ "type": "Feature", "properties": { "neighborhood_name": "Wellington Forest", "label_tier": 3 }, "geometry": { "type": "Polygon", "coordinates": [ [ [ -78.927792906761169, 35.907047005203673 ], [ -78.92778754234314, 35.906214930443788 ], [ -78.928501009941087, 35.905550133355867 ], [ -78.928844332694993, 35.90507651633753 ], [ -78.929010629653931, 35.904607241633819 ], [ -78.929083049297333, 35.903781659012097 ], [ -78.929439783096313, 35.90323850785353 ], [ -78.927681, 35.902481 ], [ -78.926353, 35.902512 ], [ -78.925011, 35.90274 ], [ -78.92366, 35.90313 ], [ -78.923553, 35.906937 ], [ -78.927792906761169, 35.907047005203673 ] ] ] } },
{ "type": "Feature", "properties": { "neighborhood_name": "Wellons Village", "label_tier": 3 }, "geometry": { "type": "Polygon", "coordinates": [ [ [ -78.872482, 35.99625 ], [ -78.874397, 35.995171 ], [ -78.874779, 35.99506 ], [ -78.875053, 35.99514 ], [ -78.875381, 35.994213 ], [ -78.873901, 35.993893 ], [ -78.874687, 35.991592 ], [ -78.868156, 35.990051 ], [ -78.865784, 35.990139 ], [ -78.865768, 35.993229 ], [ -78.865601, 35.99379 ], [ -78.866791, 35.993801 ], [ -78.867783, 35.993992 ], [ -78.868439, 35.99424 ], [ -78.869003, 35.994572 ], [ -78.869469, 35.994999 ], [ -78.869751, 35.995468 ], [ -78.869759, 35.99667 ], [ -78.871452, 35.996651 ], [ -78.872482, 35.99625 ] ] ] } },
{ "type": "Feature", "properties": { "neighborhood_name": "West End", "label_tier": 2 }, "geometry": { "type": "Polygon", "coordinates": [ [ [ -78.930283, 35.998409 ], [ -78.93029, 35.99794 ], [ -78.930412, 35.997398 ], [ -78.930748, 35.996552 ], [ -78.93219, 35.99445 ], [ -78.932617, 35.993641 ], [ -78.932808, 35.993019 ], [ -78.932899, 35.992401 ], [ -78.925003, 35.992249 ], [ -78.921501, 35.991993 ], [ -78.915634, 35.991741 ], [ -78.914885781705379, 35.991716402770223 ], [ -78.914883434772491, 35.99230696095163 ], [ -78.914934061467648, 35.99246321262931 ], [ -78.914918303489685, 35.992634383816807 ], [ -78.914752341806889, 35.992729599324491 ], [ -78.914639689028263, 35.994025441118595 ], [ -78.914627954363823, 35.994372659084121 ], [ -78.914752006530762, 35.99437238782069 ], [ -78.914757370948792, 35.995108322098687 ], [ -78.91459409147501, 35.995112391012213 ], [ -78.914604485034943, 35.995511957297758 ], [ -78.914649747312069, 35.995513042335844 ], [ -78.914625607430935, 35.996403582301426 ], [ -78.914328552782536, 35.996410092456053 ], [ -78.914327882230282, 35.996860919356713 ], [ -78.915046714246273, 35.996845186572045 ], [ -78.917458, 35.9967 ], [ -78.91906, 35.99667 ], [ -78.921669, 35.9967 ], [ -78.923309, 35.996971 ], [ -78.924309, 35.9972 ], [ -78.926109, 35.997711 ], [ -78.927948, 35.998112 ], [ -78.929466, 35.998402 ], [ -78.930283, 35.998409 ] ] ] } },
{ "type": "Feature", "properties": { "neighborhood_name": "West Hills", "label_tier": 3 }, "geometry": { "type": "Polygon", "coordinates": [ [ [ -78.987289, 36.038059 ], [ -78.987053, 36.032288 ], [ -78.976852, 36.03318 ], [ -78.976852, 36.037331 ], [ -78.977982, 36.037682 ], [ -78.98037, 36.03804 ], [ -78.98111, 36.038071 ], [ -78.987289, 36.038059 ] ] ] } },
{ "type": "Feature", "properties": { "neighborhood_name": "West Murray / Broad", "label_tier": 3 }, "geometry": { "type": "Polygon", "coordinates": [ [ [ -78.912048, 36.029537 ], [ -78.912529, 36.029041 ], [ -78.911858, 36.028473 ], [ -78.910782, 36.028385 ], [ -78.910782, 36.028484 ], [ -78.909721, 36.028469 ], [ -78.90889, 36.028473 ], [ -78.908875, 36.027916 ], [ -78.908394, 36.027924 ], [ -78.908394, 36.028381 ], [ -78.907745, 36.028385 ], [ -78.907761, 36.029953 ], [ -78.909645, 36.03001 ], [ -78.909996, 36.02977 ], [ -78.910805, 36.029797 ], [ -78.911118, 36.029549 ], [ -78.912048, 36.029537 ] ] ] } },
{ "type": "Feature", "properties": { "neighborhood_name": "Westgate Townes", "label_tier": 3 }, "geometry": { "type": "Polygon", "coordinates": [ [ [ -78.965416, 35.962673 ], [ -78.965431, 35.962078 ], [ -78.965408, 35.961876 ], [ -78.965302, 35.96162 ], [ -78.96508, 35.961388 ], [ -78.964821, 35.961227 ], [ -78.964508, 35.961712 ], [ -78.964561, 35.961861 ], [ -78.964317, 35.9622 ], [ -78.963936, 35.962185 ], [ -78.963631, 35.961872 ], [ -78.962906, 35.962177 ], [ -78.963394, 35.962769 ], [ -78.963608, 35.962902 ], [ -78.96489, 35.962902 ], [ -78.964912, 35.962673 ], [ -78.965416, 35.962673 ] ] ] } },
{ "type": "Feature", "properties": { "neighborhood_name": "Westwood Estates", "label_tier": 3 }, "geometry": { "type": "Polygon", "coordinates": [ [ [ -78.973799161612988, 36.042300643990274 ], [ -78.973778, 36.041931 ], [ -78.97345, 36.041939 ], [ -78.973297, 36.036598 ], [ -78.96981, 36.035671 ], [ -78.966812, 36.034351 ], [ -78.966103, 36.035831 ], [ -78.966118, 36.03978 ], [ -78.966629, 36.04063 ], [ -78.966988, 36.042671 ], [ -78.97052, 36.042622 ], [ -78.972313, 36.042301 ], [ -78.973799161612988, 36.042300643990274 ] ] ] } },
{ "type": "Feature", "properties": { "neighborhood_name": "Whitney Park", "label_tier": 3 }, "geometry": { "type": "Polygon", "coordinates": [ [ [ -78.948441, 35.912964 ], [ -78.94854, 35.91106 ], [ -78.94828, 35.911144 ], [ -78.947769, 35.911106 ], [ -78.94738, 35.911377 ], [ -78.947128, 35.911434 ], [ -78.946686, 35.911022 ], [ -78.946442, 35.9109 ], [ -78.946121, 35.910816 ], [ -78.9459, 35.910641 ], [ -78.94548, 35.910934 ], [ -78.945808, 35.911343 ], [ -78.945885, 35.911751 ], [ -78.945854, 35.912132 ], [ -78.947693, 35.912601 ], [ -78.948441, 35.912964 ] ] ] } },
{ "type": "Feature", "properties": { "neighborhood_name": "Willow Hill", "label_tier": 3 }, "geometry": { "type": "Polygon", "coordinates": [ [ [ -78.935867, 36.09985 ], [ -78.940956, 36.100128 ], [ -78.941147, 36.098274 ], [ -78.944603, 36.097595 ], [ -78.944733, 36.095428 ], [ -78.94577, 36.094975 ], [ -78.943886, 36.093639 ], [ -78.941971, 36.093468 ], [ -78.941895, 36.093971 ], [ -78.939911, 36.093925 ], [ -78.93985, 36.093189 ], [ -78.934441, 36.09314 ], [ -78.933617, 36.096432 ], [ -78.935944, 36.096916 ], [ -78.935555, 36.098263 ], [ -78.934593, 36.09827 ], [ -78.934563, 36.099087 ], [ -78.935867, 36.09985 ] ] ] } },
{ "type": "Feature", "properties": { "neighborhood_name": "Willowhaven", "label_tier": 3 }, "geometry": { "type": "Polygon", "coordinates": [ [ [ -78.974281, 36.06963 ], [ -78.972641, 36.06731 ], [ -78.970451, 36.065891 ], [ -78.963707, 36.066299 ], [ -78.962257, 36.067909 ], [ -78.96286, 36.06847 ], [ -78.963882, 36.069798 ], [ -78.964104, 36.070503 ], [ -78.96315, 36.071915 ], [ -78.962624, 36.073257 ], [ -78.961426, 36.07518 ], [ -78.959976, 36.07534 ], [ -78.959435, 36.076256 ], [ -78.956573, 36.076027 ], [ -78.955856, 36.081532 ], [ -78.954269, 36.081532 ], [ -78.953239, 36.08226 ], [ -78.952995, 36.084377 ], [ -78.95208, 36.085705 ], [ -78.951843, 36.086887 ], [ -78.951012, 36.089161 ], [ -78.952377, 36.089989 ], [ -78.95311, 36.088741 ], [ -78.954781, 36.087662 ], [ -78.958061, 36.087791 ], [ -78.959221, 36.087509 ], [ -78.959923, 36.087559 ], [ -78.960068, 36.08712 ], [ -78.960403, 36.086731 ], [ -78.960861, 36.086479 ], [ -78.96122, 36.086578 ], [ -78.962433, 36.086399 ], [ -78.964211, 36.085239 ], [ -78.96479, 36.08466 ], [ -78.965691, 36.084301 ], [ -78.964279, 36.083778 ], [ -78.964447, 36.083141 ], [ -78.964684, 36.076271 ], [ -78.970657, 36.07515 ], [ -78.97171, 36.074829 ], [ -78.97258, 36.074242 ], [ -78.973007, 36.073711 ], [ -78.973282, 36.072769 ], [ -78.973602, 36.071079 ], [ -78.974281, 36.06963 ] ] ] } },
{ "type": "Feature", "properties": { "neighborhood_name": "Windsor Oaks", "label_tier": 3 }, "geometry": { "type": "Polygon", "coordinates": [ [ [ -78.938438, 35.932491 ], [ -78.93779, 35.931492 ], [ -78.93721, 35.929878 ], [ -78.936653, 35.930229 ], [ -78.936043, 35.930351 ], [ -78.935654, 35.930359 ], [ -78.934967, 35.930161 ], [ -78.934509, 35.930168 ], [ -78.934387, 35.93037 ], [ -78.934174, 35.930431 ], [ -78.93335, 35.930309 ], [ -78.933273, 35.93095 ], [ -78.933640122413635, 35.931160335860937 ], [ -78.933924436569214, 35.935069560775219 ], [ -78.935669, 35.93417 ], [ -78.938438, 35.932491 ] ] ] } },
{ "type": "Feature", "properties": { "neighborhood_name": "Woodcroft", "label_tier": 2 }, "geometry": { "type": "Polygon", "coordinates": [ [ [ -78.947281, 35.92614 ], [ -78.94735, 35.925941 ], [ -78.94735, 35.925732 ], [ -78.94722, 35.92556 ], [ -78.94706, 35.925491 ], [ -78.946991, 35.925362 ], [ -78.947121, 35.92522 ], [ -78.94725, 35.925201 ], [ -78.94738, 35.92511 ], [ -78.947502, 35.924881 ], [ -78.947693, 35.924221 ], [ -78.947479, 35.924141 ], [ -78.947823, 35.923611 ], [ -78.948021, 35.923431 ], [ -78.948891, 35.923 ], [ -78.949631, 35.92281 ], [ -78.950272, 35.922722 ], [ -78.95163, 35.922771 ], [ -78.951981, 35.92268 ], [ -78.952293, 35.922691 ], [ -78.952461, 35.9226 ], [ -78.95266, 35.922211 ], [ -78.952904, 35.92197 ], [ -78.952919, 35.921631 ], [ -78.953751, 35.920422 ], [ -78.954742, 35.918591 ], [ -78.952202, 35.917252 ], [ -78.951492, 35.916771 ], [ -78.94915, 35.919312 ], [ -78.944351, 35.918941 ], [ -78.944603, 35.916882 ], [ -78.945099, 35.917011 ], [ -78.945381, 35.917332 ], [ -78.948151, 35.917431 ], [ -78.948219, 35.916752 ], [ -78.949013, 35.91679 ], [ -78.950729, 35.916061 ], [ -78.948822, 35.913151 ], [ -78.947693, 35.912601 ], [ -78.945862, 35.912121 ], [ -78.943451, 35.911701 ], [ -78.940804, 35.911152 ], [ -78.940712, 35.913021 ], [ -78.940392, 35.913521 ], [ -78.9403, 35.91399 ], [ -78.940659, 35.914951 ], [ -78.940651, 35.916061 ], [ -78.940392, 35.916691 ], [ -78.940361, 35.918652 ], [ -78.940041, 35.919491 ], [ -78.940002, 35.92012 ], [ -78.939751, 35.920582 ], [ -78.939751, 35.92099 ], [ -78.936859, 35.921711 ], [ -78.936401, 35.92205 ], [ -78.936569, 35.922451 ], [ -78.937553, 35.92289 ], [ -78.93766, 35.925201 ], [ -78.938049, 35.925331 ], [ -78.936569, 35.926392 ], [ -78.93647, 35.927551 ], [ -78.935631, 35.927292 ], [ -78.93499, 35.926861 ], [ -78.934624, 35.926411 ], [ -78.934372, 35.925911 ], [ -78.934303, 35.92543 ], [ -78.934341, 35.924911 ], [ -78.934601, 35.924252 ], [ -78.935241401195526, 35.923350537380301 ], [ -78.934224843978882, 35.92335868260426 ], [ -78.933114409446702, 35.923241934313936 ], [ -78.933189, 35.923569 ], [ -78.933151, 35.924561 ], [ -78.93251, 35.925652 ], [ -78.93222, 35.926338 ], [ -78.930122, 35.925579 ], [ -78.928828239440918, 35.923901695643096 ], [ -78.928452730178833, 35.924826981271323 ], [ -78.927681, 35.92527 ], [ -78.927841, 35.926151 ], [ -78.928093, 35.926842 ], [ -78.92794, 35.927631 ], [ -78.929703, 35.927952 ], [ -78.930229, 35.928532 ], [ -78.930801, 35.928581 ], [ -78.931099, 35.928951 ], [ -78.930809, 35.929211 ], [ -78.930382, 35.929192 ], [ -78.930199, 35.929691 ], [ -78.929642, 35.930012 ], [ -78.929451, 35.92979 ], [ -78.92907, 35.929951 ], [ -78.929291, 35.930752 ], [ -78.929302990436554, 35.931008306542672 ], [ -78.932449, 35.93103 ], [ -78.933273, 35.93095 ], [ -78.93335, 35.930302 ], [ -78.934174, 35.930431 ], [ -78.93438, 35.93037 ], [ -78.934502, 35.930161 ], [ -78.934959, 35.930161 ], [ -78.935661, 35.930351 ], [ -78.936043, 35.930351 ], [ -78.936653, 35.930222 ], [ -78.937271, 35.92984 ], [ -78.938599, 35.928692 ], [ -78.938911, 35.928341 ], [ -78.939484, 35.927921 ], [ -78.940201, 35.92775 ], [ -78.94146, 35.9277 ], [ -78.941872, 35.927761 ], [ -78.942421, 35.927971 ], [ -78.942841, 35.928242 ], [ -78.94313, 35.928291 ], [ -78.94339, 35.92828 ], [ -78.943779, 35.928131 ], [ -78.944061, 35.927952 ], [ -78.944511, 35.92749 ], [ -78.946381, 35.926708 ], [ -78.947281, 35.92614 ] ] ] } },
{ "type": "Feature", "properties": { "neighborhood_name": "Woodlake", "label_tier": 3 }, "geometry": { "type": "Polygon", "coordinates": [ [ [ -78.926849, 35.923439 ], [ -78.925972, 35.922852 ], [ -78.925453, 35.92231 ], [ -78.925262, 35.921982 ], [ -78.925194, 35.921669 ], [ -78.925217, 35.920959 ], [ -78.925499, 35.920238 ], [ -78.925613, 35.919529 ], [ -78.92543, 35.918839 ], [ -78.924919, 35.917461 ], [ -78.924454, 35.91684 ], [ -78.923851, 35.916229 ], [ -78.923141, 35.915901 ], [ -78.922409, 35.91573 ], [ -78.920822, 35.91571 ], [ -78.919983, 35.916019 ], [ -78.919296, 35.91647 ], [ -78.918068, 35.9175 ], [ -78.916908, 35.91769 ], [ -78.915848, 35.917332 ], [ -78.913818, 35.92075 ], [ -78.913292, 35.922489 ], [ -78.91288, 35.92313 ], [ -78.912453, 35.923679 ], [ -78.91153, 35.92429 ], [ -78.911041, 35.924919 ], [ -78.910843, 35.925598 ], [ -78.910927, 35.926311 ], [ -78.923241, 35.926571 ], [ -78.925034, 35.92535 ], [ -78.926849, 35.923439 ] ] ] } },
{ "type": "Feature", "properties": { "neighborhood_name": "Woodstone at Croasdaile Farm", "label_tier": 3 }, "geometry": { "type": "Polygon", "coordinates": [ [ [ -78.942547738552094, 36.0454079138701 ], [ -78.943365812301636, 36.045650808179936 ], [ -78.943961262702942, 36.04601514823959 ], [ -78.945372104644775, 36.045128150745334 ], [ -78.945774435997009, 36.043291231737719 ], [ -78.942818641662598, 36.043126405740935 ], [ -78.942547738552094, 36.0454079138701 ] ] ] } },
{ "type": "Feature", "properties": { "neighborhood_name": "Woodwinds", "label_tier": 3 }, "geometry": { "type": "Polygon", "coordinates": [ [ [ -78.936478, 35.927551 ], [ -78.936577, 35.926399 ], [ -78.938057, 35.925331 ], [ -78.934608, 35.924252 ], [ -78.934349, 35.924911 ], [ -78.934303, 35.92543 ], [ -78.934364, 35.925915 ], [ -78.934608, 35.926399 ], [ -78.935005, 35.926872 ], [ -78.935631, 35.927292 ], [ -78.936478, 35.927551 ] ] ] } },
{ "type": "Feature", "properties": { "neighborhood_name": "Wyndcross", "label_tier": 3 }, "geometry": { "type": "Polygon", "coordinates": [ [ [ -78.933103680610657, 35.906905792088018 ], [ -78.933076858520508, 35.906049817962845 ], [ -78.933699131011949, 35.905319842866142 ], [ -78.933033943176255, 35.904277009618632 ], [ -78.933849334716797, 35.903373209688461 ], [ -78.933184146881104, 35.90252154261637 ], [ -78.930180072784424, 35.90252154261637 ], [ -78.929439783096313, 35.903242853077586 ], [ -78.929085731506333, 35.903781659012097 ], [ -78.929013311862946, 35.904607241633819 ], [ -78.928841650485992, 35.90507651633753 ], [ -78.928501009941087, 35.905550133355867 ], [ -78.92778754234314, 35.906219275504419 ], [ -78.92779558897017, 35.907047005203673 ], [ -78.932749629020691, 35.907201253088189 ], [ -78.933103680610657, 35.906905792088018 ] ] ] } },
{ "type": "Feature", "properties": { "neighborhood_name": "Wynstead", "label_tier": 3 }, "geometry": { "type": "Polygon", "coordinates": [ [ [ -78.920583128929138, 35.9407158777001 ], [ -78.924019038677216, 35.940720220865579 ], [ -78.92402172088623, 35.94054215088611 ], [ -78.925201892852783, 35.940524778183708 ], [ -78.925169706344604, 35.939586646583102 ], [ -78.925212621688843, 35.939056771035851 ], [ -78.925319910049438, 35.93853557850754 ], [ -78.920588493347168, 35.938483459065701 ], [ -78.920583128929138, 35.9407158777001 ] ] ] } },
{ "type": "Feature", "properties": { "neighborhood_name": "Wynterfield", "label_tier": 3 }, "geometry": { "type": "Polygon", "coordinates": [ [ [ -78.887825, 35.94519 ], [ -78.888962, 35.945137 ], [ -78.889778, 35.944744 ], [ -78.891495, 35.942757 ], [ -78.891556, 35.941994 ], [ -78.890816, 35.940472 ], [ -78.890846, 35.939873 ], [ -78.8918, 35.938763 ], [ -78.891983, 35.937649 ], [ -78.891708, 35.937138 ], [ -78.891319, 35.936867 ], [ -78.890259, 35.936867 ], [ -78.889702, 35.937267 ], [ -78.889565, 35.938198 ], [ -78.88884, 35.938316 ], [ -78.888382, 35.938641 ], [ -78.88739, 35.93869 ], [ -78.887383, 35.941532 ], [ -78.887825, 35.94519 ] ] ] } }
]
}
